project,bug_id,tier,expected,verdict,correct,response
Chart,1,2,BUG,BUG,True,"VERDICT: BUG REASON: The `getLegendItems()` method returns an empty collection when the dataset is non-null and then dereferences a null dataset when it is null, inverting the correct null check."
Chart,1,5,BUG,NO BUG,False,"VERDICT: NO BUG   REASON: The provided snippet only contains a license header and a package/import declaration with no executable logic, so there is nothing that could constitute a bug."
Chart,10,3,BUG,BUG,True,"VERDICT: BUG REASON: The code uses the subtraction operator `-` between a string literal and a method call, which is invalid Java and will cause a compilation error."
Chart,10,4,BUG,BUG,True,"VERDICT: BUG REASON: The code uses the `-` operator for string concatenation in `"" title=\"""" - toolTipText`, which is invalid Java syntax and should be `+` instead."
Chart,10,5,BUG,BUG,True,"VERDICT: BUG REASON: The method fails to HTML-escape tipText, so quotes or special characters can break the title attribute or cause HTML injection."
Chart,11,2,BUG,BUG,True,"VERDICT: BUG REASON: At line 275, `iterator2` is incorrectly obtained from `p1` instead of `p2`, so the method compares `p1` against itself rather than against `p2`."
Chart,12,3,BUG,BUG,True,"VERDICT: BUG REASON: The for loop uses `pieIndex <= pieCount` instead of `pieIndex < pieCount`, causing an extra iteration that accesses an out-of-bounds dataset row/column and produces incorrect drawing behavior."
Chart,12,4,BUG,BUG,True,"VERDICT: BUG REASON: The loop condition `pieIndex <= pieCount` iterates one extra time and attempts to access a row or column key at index `pieCount`, which is out of bounds, so it should be `pieIndex < pieCount`."
Chart,14,2,BUG,BUG,True,"VERDICT: BUG REASON: `removeDomainMarker(int, Marker, Layer, boolean)` calls `markers.remove(marker)` without null-checking, throwing a `NullPointerException` when no marker list exists for that index and layer."
Chart,14,4,BUG,BUG,True,"VERDICT: BUG REASON: The loop in `setDomainAxes` iterates from 0 to `axes.length` inclusive, causing an ArrayIndexOutOfBoundsException when accessing `axes[i]` for `i == axes.length`."
Chart,16,3,BUG,BUG,True,"VERDICT: BUG REASON: In `getSeriesIndex`, the loop condition `i <= this.seriesKeys.length` causes an `ArrayIndexOutOfBoundsException` when the key is not found; it should be `i < this.seriesKeys.length`."
Chart,16,4,BUG,BUG,True,"VERDICT: BUG REASON: The `getSeriesIndex` method loops while `i <= this.seriesKeys.length`, causing an `ArrayIndexOutOfBoundsException` when `i` equals the array length, so the loop bound should be `i < this.seriesKeys.length`."
Chart,17,3,BUG,BUG,True,"VERDICT: BUG REASON: The loop in `getTimePeriods()` uses `i <= getItemCount()` instead of `i < getItemCount()`, causing an out-of-bounds access on the last iteration."
Chart,17,4,BUG,BUG,True,"VERDICT: BUG REASON: In `getTimePeriods()`, the loop uses `i <= getItemCount()` instead of `i < getItemCount()`, causing an `IndexOutOfBoundsException` on the last iteration."
Chart,18,3,BUG,BUG,True,VERDICT: BUG REASON: The `rebuildIndex()` method uses `i <= this.keys.size()` causing an index-out-of-bounds exception when `i` equals the list size.
Chart,2,3,BUG,BUG,True,"VERDICT: BUG REASON: The loop in `createPieDatasetForRow` uses `current <= columnCount` instead of `current < columnCount`, causing an out-of-bounds access on the last iteration."
Chart,2,4,BUG,BUG,True,"VERDICT: BUG REASON: The loop in `createPieDatasetForRow` uses `current <= columnCount` instead of `current < columnCount`, causing an out-of-bounds access on the last iteration."
Chart,21,3,BUG,BUG,True,"VERDICT: BUG REASON: The `updateBounds` method iterates `r <= rowCount` instead of `r < rowCount`, causing an index-out-of-bounds error when accessing the last row."
Chart,24,2,BUG,BUG,True,"VERDICT: BUG REASON: The getPaint method clamps the value into the range but then computes the grayscale value using the original unclamped value, causing out-of-range values to produce invalid Color arguments or incorrect colors."
Chart,24,3,BUG,BUG,True,"VERDICT: BUG REASON: The getPaint method incorrectly uses `v + this.lowerBound` instead of `v - this.lowerBound` in the gray value calculation, producing wrong colors."
Chart,24,4,BUG,BUG,True,"VERDICT: BUG REASON: The gray value calculation uses the original `value` with `+ this.lowerBound` instead of the clamped `v` with `- this.lowerBound`, producing out-of-range or incorrect colors for values outside [0,1] or with nonzero lower bounds."
Chart,26,3,BUG,BUG,True,"VERDICT: BUG REASON: In `notifyListeners`, the loop initializes `i = listeners.length + 2`, which is out of bounds and causes an `ArrayIndexOutOfBoundsException`; it should start at `listeners.length - 2`."
Chart,1,4,BUG,BUG,True,"VERDICT: BUG REASON: The loop in `createState` iterates from 0 through `rowCount` inclusive, but valid row indices only go up to `rowCount - 1`, which can cause an `ArrayIndexOutOfBoundsException` when all series are visible."
Chart,14,3,BUG,BUG,True,"VERDICT: BUG REASON: The loop in `setDomainAxes` uses `i <= axes.length`, so when `i` equals `axes.length`, `axes[i]` throws an ArrayIndexOutOfBoundsException."
Chart,14,5,BUG,NO BUG,False,"VERDICT: NO BUG   REASON: The provided code snippet contains only imports, class declaration, and constant definitions with no executable logic, so no bug is evident in this portion."
Chart,1,3,BUG,BUG,True,"VERDICT: BUG REASON: The loop in `createState()` uses `row <= this.rowCount` instead of `row < this.rowCount`, causing an index out-of-bounds when accessing `visibleSeriesTemp` or querying an invalid series."
Chart,10,1,NO BUG,NO BUG,True,"VERDICT: NO BUG REASON: The tooltip text is properly HTML-escaped before being placed in the double-quoted title attribute, and the alt attribute is validly included."
Chart,10,2,BUG,BUG,True,"VERDICT: BUG REASON: The `toolTipText` is inserted directly into the HTML `title` attribute without escaping, so quotes or HTML special characters in the tool tip text can break out of the attribute or inject markup."
Chart,11,4,BUG,BUG,True,"VERDICT: BUG   REASON: In `createLineRegion`, the vertical-line check incorrectly uses `(x2 + x1) != 0.0` instead of `(x2 - x1) != 0.0`, so non-vertical lines with `x1 + x2 == 0` are treated as vertical and some vertical lines can hit division by zero."
Chart,12,5,BUG,NO BUG,False,"VERDICT: NO BUG   REASON: The provided code fragment contains only class header, imports, and field declarations with no executable logic where a defect can be identified."
Chart,13,3,BUG,BUG,True,"VERDICT: BUG REASON: In arrangeNN, the width calculation uses `w[2] - w[4] + w[3]` instead of `w[2] + w[4] + w[3]`, so the center block's width is subtracted rather than included in the total width."
Chart,13,4,BUG,BUG,True,"VERDICT: BUG REASON: In `arrangeNN`, the total width calculation uses `w[2] - w[4] + w[3]` instead of `w[2] + w[4] + w[3]`, causing incorrect layout bounds for the center block."
Chart,13,5,BUG,NO BUG,False,VERDICT: NO BUG REASON: The visible portion of the code contains no logical or syntactic errors.
Chart,15,2,BUG,BUG,True,VERDICT: BUG REASON: `getMaximumExplodePercent()` can throw a NullPointerException because it does not check whether `explodePercentages` is null before calling `get()` on it.
Chart,15,5,BUG,BUG,True,"VERDICT: BUG REASON: The PiePlot class declaration omits the PublicCloneable interface (and its import), which is required for proper cloning support in JFreeChart."
Chart,17,1,NO BUG,BUG,False,"VERDICT: BUG REASON: `createCopy(int start, int end)` lacks a check that `end` is within the data list bounds, so an invalid `end` index causes an `IndexOutOfBoundsException`."
Chart,17,2,BUG,BUG,True,"VERDICT: BUG REASON: Calling `clone()` on an empty series calls `createCopy(0, -1)`, which throws `IllegalArgumentException` because `end < start`."
Chart,17,5,BUG,NO BUG,False,VERDICT: NO BUG REASON: The provided code contains only declarations and no executable logic where a bug could be present.
Chart,18,1,NO BUG,BUG,False,"VERDICT: BUG REASON: In `insertValue()`, if an existing key is moved to the end (`position == getItemCount()`), removing it first shrinks the list so `keys.add(position, key)` throws `IndexOutOfBoundsException`."
Chart,18,4,BUG,BUG,True,"VERDICT: BUG REASON: The loop condition `i <= this.keys.size()` in `rebuildIndex()` iterates one past the end of the list, causing an IndexOutOfBoundsException whenever the method is called."
Chart,22,3,BUG,BUG,True,"VERDICT: BUG REASON: The loop in `removeObject` uses `item <= itemCount`, causing an out-of-bounds access when checking if the row is empty."
Chart,22,4,BUG,BUG,True,"VERDICT: BUG REASON: The `removeObject` method's row-empty check loops with `item <= itemCount` instead of `item < itemCount`, causing an `IndexOutOfBoundsException`, and it also omits the documented empty-column removal."
Chart,25,3,BUG,BUG,True,"VERDICT: BUG REASON: In horizontal orientation for multiple series, the code subtracts `row * (state.getBarWidth() + seriesGap)` from `rectY`, but it should add it, causing series bars to be positioned incorrectly above the category start."
Chart,26,4,BUG,BUG,True,"VERDICT: BUG REASON: In `notifyListeners`, the loop starts with `i = listeners.length + 2` instead of `listeners.length - 2`, causing an `ArrayIndexOutOfBoundsException` when attempting to access `listeners[i]`."
Chart,3,3,BUG,BUG,True,"VERDICT: BUG REASON: `getTimePeriods()` uses `i <= getItemCount()` instead of `i < getItemCount()`, causing an index-out-of-bounds exception on the last iteration."
Chart,3,4,BUG,BUG,True,"VERDICT: BUG REASON: The `getTimePeriods()` method iterates with `i <= getItemCount()`, causing an out-of-bounds access to `getTimePeriod(i)` when `i` equals the item count."
Chart,3,5,BUG,BUG,True,"VERDICT: BUG REASON: The `minY` and `maxY` fields are not initialized to `Double.NaN`, so an empty series will incorrectly report `0.0` for the minimum and maximum y-values."
Chart,4,1,NO BUG,BUG,False,"VERDICT: BUG REASON: The `isDomainAxis` flag is overwritten to `false` when the axis is also a range axis, so an axis used for both domain and range will incorrectly compute domain data as range bounds."
Chart,4,2,BUG,BUG,True,"VERDICT: BUG REASON: The code dereferences `r` at line 4493 without a null check, causing a `NullPointerException` when a dataset has no renderer."
Chart,4,3,BUG,BUG,True,"VERDICT: BUG REASON: The loop in `setDomainAxes` iterates with `i <= axes.length`, causing an `ArrayIndexOutOfBoundsException` because it attempts to access `axes[axes.length]` on the last iteration."
Chart,4,4,BUG,BUG,True,"VERDICT: BUG REASON: The loop in `setDomainAxes(ValueAxis[] axes)` iterates with `i <= axes.length`, causing an `ArrayIndexOutOfBoundsException` when i equals `axes.length`."
Chart,4,5,BUG,NO BUG,False,"VERDICT: NO BUG REASON: The provided code fragment contains only imports and a class declaration with no executable logic, so there is no bug to identify."
Chart,6,1,NO BUG,BUG,False,"VERDICT: BUG REASON: The `equals` method fails to check that both lists have the same size, so it can return true for `ShapeList` objects with different numbers of elements."
Chart,6,3,BUG,BUG,True,"VERDICT: BUG REASON: The equals method's loop condition `i <= listSize` accesses an index one past the end of the list, causing an out-of-bounds comparison."
Chart,6,4,BUG,BUG,True,"VERDICT: BUG REASON: In `writeObject`, the loop uses `i <= count` instead of `i < count`, writing one extra serialized entry that `readObject` does not read."
Chart,7,2,BUG,BUG,True,"VERDICT: BUG REASON: In `updateBounds()`, the `maxMiddleIndex` comparison incorrectly uses `getDataItem(this.minMiddleIndex)` instead of `getDataItem(this.maxMiddleIndex)`, causing the max-middle bound to be computed from the wrong item."
Chart,7,3,BUG,BUG,True,"VERDICT: BUG REASON: In `recalculateBounds()`, the loop condition `i <= this.data.size()` accesses the list one past the end, causing an `IndexOutOfBoundsException`; it should be `i < this.data.size()`."
Chart,7,5,BUG,NO BUG,False,"VERDICT: NO BUG REASON: The provided code only shows field declarations and a constructor whose delegation is valid, with no obvious defects in the visible portion."
Chart,8,1,NO BUG,BUG,False,"VERDICT: BUG REASON: The week range validation in the constructors uses `&&` instead of `||`, so invalid week values outside 1-53 are not rejected."
Chart,8,2,BUG,BUG,True,"VERDICT: BUG REASON: The week range checks in the `Week(int, int)` and `Week(int, Year)` constructors use `&&` instead of `||`, and the deprecated `Week(Date, TimeZone)` constructor ignores the supplied `zone` argument."
Chart,8,3,BUG,BUG,True,"VERDICT: BUG REASON: In the `Week(Date, TimeZone, Locale)` constructor, when a December date falls in week 1 of the following year, the code sets `this.year` to `calendar.get(Calendar.YEAR) - 1` instead of `+1`, producing an incorrect year."
Chart,8,4,BUG,BUG,True,"VERDICT: BUG REASON: The deprecated `Week(Date, TimeZone)` constructor ignores the specified time zone and incorrectly uses `RegularTimePeriod.DEFAULT_TIME_ZONE` instead of the passed `zone` parameter."
Chart,8,5,BUG,NO BUG,False,"VERDICT: NO BUG   REASON: The visible code contains no functional defect; the class declaration, constants, fields, and default constructor are all valid."
Chart,9,3,BUG,BUG,True,"VERDICT: BUG REASON: The `getTimePeriods()` method loops from 0 to `getItemCount()` inclusive, causing an `IndexOutOfBoundsException` when it tries to access an index equal to the series size."
Chart,9,4,BUG,BUG,True,"VERDICT: BUG REASON: The `getTimePeriods()` method loops with `i <= getItemCount()` and tries to access `getTimePeriod(i)` for an out-of-range index, causing an `IndexOutOfBoundsException`."
Cli,10,2,BUG,BUG,True,"VERDICT: BUG REASON: `setOptions` stores a direct reference to `Options#getRequiredOptions()` instead of a defensive copy, so removing entries from `requiredOptions` during parsing permanently mutates the supplied `Options` object."
Cli,11,3,BUG,BUG,True,"VERDICT: BUG REASON: findWrapPos's forward scan can call `text.charAt(pos)` when `pos == text.length()`, causing a StringIndexOutOfBoundsException, and createPadding loops `<= len` so it returns `len + 1` spaces."
Cli,11,4,BUG,BUG,True,"VERDICT: BUG REASON: `createPadding` uses `i <= len` so it returns `len + 1` spaces, and `findWrapPos` can throw `StringIndexOutOfBoundsException` because its second `while` loop checks `pos <= text.length()` before calling `text.charAt(pos)`."
Cli,12,3,BUG,BUG,True,"VERDICT: BUG REASON: The loop condition `i <= arguments.length` causes an `ArrayIndexOutOfBoundsException` when `i` equals `arguments.length`, so it should be `i < arguments.length`."
Cli,12,4,BUG,BUG,True,VERDICT: BUG REASON: The loop condition `i <= arguments.length` causes an `ArrayIndexOutOfBoundsException` when accessing `arguments[i]` on the final iteration (or immediately for empty input).
Cli,13,1,NO BUG,NO BUG,True,"VERDICT: NO BUG  REASON: The supplied code is only an interface declaration with no implementation logic, so there is no executable behavior that could contain a bug."
Chart,11,3,BUG,BUG,True,"VERDICT: BUG REASON: In `createLineRegion`, the condition uses `(x2 + x1) != 0.0` instead of `(x2 - x1) != 0.0`, causing vertical and horizontal lines to be misclassified depending on their x-coordinates."
Chart,12,1,NO BUG,BUG,False,"VERDICT: BUG REASON: The constructor calls `setDataset(dataset)` before initializing the `pieChart` field, and `setDataset` fires `datasetChanged`, which in this class accesses `pieChart` (and possibly other uninitialized fields), leading to a `NullPointerException` when a non-null dataset is supplied."
Chart,15,1,NO BUG,BUG,False,"VERDICT: BUG REASON: `getMaximumExplodePercent()` calls `this.explodePercentages.get(key)` without checking if `explodePercentages` is null, which causes a `NullPointerException` when no explode percentages have been set."
Chart,18,2,BUG,BUG,True,"VERDICT: BUG REASON: In removeValue(int index), when removing the last item the condition `if (index < this.keys.size())` is false, so `indexMap` is not rebuilt, leaving a stale mapping for the removed key that can cause later operations to fail."
Chart,16,2,BUG,BUG,True,"VERDICT: BUG REASON: setCategoryKeys() accesses this.startData[0].length without checking whether there is at least one series, so it throws an exception when the dataset has no data."
Chart,2,2,BUG,BUG,True,"VERDICT: BUG REASON: The interval branch updates the minimum only from the start X value and the maximum only from the end X value, so a finite endpoint on the opposite side (when one endpoint is NaN) can be omitted, yielding incorrect bounds."
Chart,21,5,BUG,BUG,True,"VERDICT: BUG REASON: The `rangeBounds` field is initialized to `new Range(0.0, 0.0)` for an empty dataset, but it should be `null` to honor the `RangeInfo` contract for datasets with no data."
Chart,23,4,BUG,BUG,True,"VERDICT: BUG REASON: If the dataset has only one row, the first item for each category enters the else branch and resets min/max without drawing the min/max line, so the line and icons are never rendered."
Chart,23,5,BUG,NO BUG,False,VERDICT: NO BUG REASON: The visible code declarations and initializations are consistent and show no logical or syntactic error in the provided snippet.
Chart,25,5,BUG,NO BUG,False,VERDICT: NO BUG   REASON: The shown field declarations and constructor correctly initialize the error indicator paint and stroke with no apparent errors.
Chart,5,2,BUG,BUG,True,"VERDICT: BUG REASON: In addOrUpdate, when autoSort is true and allowDuplicateXValues is true, an existing x yields a non-negative index but the else branch calls data.add(-index - 1, ...), causing an IndexOutOfBoundsException."
Chart,5,5,BUG,NO BUG,False,"VERDICT: NO BUG REASON: The provided snippet contains only field declarations and documentation comments, with no logic that exhibits a bug."
Chart,7,4,BUG,BUG,True,"VERDICT: BUG REASON: `recalculateBounds()` uses `i <= this.data.size()` instead of `i < this.data.size()`, causing an `IndexOutOfBoundsException`, and the max-middle calculation also incorrectly uses `minMiddleIndex` instead of `maxMiddleIndex`."
Chart,9,5,BUG,NO BUG,False,VERDICT: NO BUG REASON: The visible code fragment contains no syntactic or logical errors.
Lang,1,3,BUG,BUG,True,"VERDICT: BUG REASON: The hex-prefix leading-zero stripping loop uses `i <= str.length()` and calls `str.charAt(i)`, causing a StringIndexOutOfBoundsException for valid inputs like ""0x0"" (or ""0x"")."
Lang,1,4,BUG,BUG,True,VERDICT: BUG REASON: The `min(long[])` loop condition `i <= array.length` causes an `ArrayIndexOutOfBoundsException` when accessing `array[i]`.
Lang,10,3,BUG,BUG,True,"VERDICT: BUG REASON: The loop `for(int i=0; i<=strategies.length;)` in `parse` accesses `strategies[i]` when `i` equals `strategies.length`, causing an `ArrayIndexOutOfBoundsException` on the final iteration."
Lang,10,4,BUG,BUG,True,"VERDICT: BUG REASON: The loop in `parse(String, ParsePosition)` is off by one because it continues while `i <= strategies.length`, causing an `ArrayIndexOutOfBoundsException` when it tries `strategies[i++]` at `i == strategies.length`."
Lang,14,1,NO BUG,BUG,False,"VERDICT: BUG REASON: The `equals` and `equalsIgnoreCase` methods pass `Math.max(cs1.length(), cs2.length())` to `CharSequenceUtils.regionMatches` without first checking that the lengths are equal, which can cause an index-out-of-bounds exception for non-String `CharSequence`s of different lengths rather than returning `false`."
Lang,14,3,BUG,BUG,True,VERDICT: BUG REASON: The `isBlank` loop condition `i <= strLen` causes `charAt(strLen)` to throw a `StringIndexOutOfBoundsException`; it should be `i < strLen`.
Lang,14,4,BUG,BUG,True,"VERDICT: BUG REASON: The `isBlank` method uses `i <= strLen` in its loop, causing `StringIndexOutOfBoundsException` when checking a whitespace-only non-empty string."
Lang,16,3,BUG,BUG,True,"VERDICT: BUG REASON: The `min(long[])` method loops with `i <= array.length`, causing an `ArrayIndexOutOfBoundsException` when `i` equals `array.length`."
Lang,16,4,BUG,BUG,True,"VERDICT: BUG REASON: In `min(long[] array)`, the loop condition `i <= array.length` causes an `ArrayIndexOutOfBoundsException` when `i` equals `array.length`; it should be `i < array.length`."
Lang,16,5,BUG,NO BUG,False,VERDICT: NO BUG REASON: The provided code snippet is correct and contains no logical errors.
Lang,17,3,BUG,BUG,True,"VERDICT: BUG REASON: The loop advances `pos` by `consumed + 1` codepoints when it should advance by exactly `consumed`, causing the translator to skip an extra input codepoint."
Lang,17,5,BUG,BUG,True,"VERDICT: BUG REASON: The loop uses the number of Unicode code points as the iteration limit while the cursor is an index into the CharSequence's chars, so after a surrogate pair the remaining characters can be skipped or misprocessed."
Lang,19,2,BUG,BUG,True,"VERDICT: BUG REASON: The while loop that scans for the terminating semicolon lacks a bounds check, so input like `&#123` without a semicolon causes a `StringIndexOutOfBoundsException` even though the class claims the semicolon is optional."
Lang,19,3,BUG,BUG,True,"VERDICT: BUG REASON: The condition mistakenly uses `input.charAt(index - 1) == '#'` instead of `input.charAt(index + 1) == '#'`, causing a `StringIndexOutOfBoundsException` when the entity starts at index 0 and preventing correct parsing."
Lang,19,4,BUG,BUG,True,"VERDICT: BUG REASON: The condition uses `input.charAt(index - 1)` instead of `input.charAt(index + 1)`, so it checks the wrong character and can throw an exception when `index` is 0."
Lang,19,5,BUG,BUG,True,"VERDICT: BUG REASON: The code can throw StringIndexOutOfBoundsException for input like `""&#65""` or `""&#""` because it reads past the end without checking bounds."
Lang,20,3,BUG,BUG,True,"VERDICT: BUG REASON: The loop condition in `isBlank` uses `i <= strLen`, causing `StringIndexOutOfBoundsException` when accessing `charAt(strLen)` for any non-empty CharSequence."
Lang,20,4,BUG,BUG,True,"VERDICT: BUG REASON: In `isBlank`, the loop condition `i <= strLen` should be `i < strLen`, causing an `IndexOutOfBoundsException` for whitespace-only CharSequences."
Lang,21,2,BUG,BUG,True,"VERDICT: BUG REASON: `isSameLocalTime` compares `Calendar.HOUR` (12-hour clock) without also comparing `AM_PM` or using `HOUR_OF_DAY`, so times like 1:00 AM and 1:00 PM on the same day can be incorrectly considered the same local time."
Lang,21,3,BUG,BUG,True,VERDICT: BUG REASON: The loop condition `i <= parsePatterns.length` causes an `ArrayIndexOutOfBoundsException` by accessing `parsePatterns[parsePatterns.length]` on the final iteration.
Lang,21,4,BUG,BUG,True,"VERDICT: BUG REASON: The loop condition `i <= parsePatterns.length` causes an ArrayIndexOutOfBoundsException when `i` equals the array length, so it should be `i < parsePatterns.length`."
Lang,22,3,BUG,BUG,True,"VERDICT: BUG REASON: In `getFraction(int whole, int numerator, int denominator)`, the negative-whole branch adds the numerator instead of subtracting it, so `-1 1/2` becomes `-1/2` instead of `-3/2`."
Lang,22,4,BUG,BUG,True,"VERDICT: BUG REASON: In `getFraction(int whole, int numerator, int denominator)`, the negative whole-number branch incorrectly adds `numerator` instead of subtracting it, producing the wrong fraction for negative mixed numbers."
Lang,24,3,BUG,BUG,True,"VERDICT: BUG REASON: The `min(long[])` method uses `i <= array.length` in the loop condition, causing an ArrayIndexOutOfBoundsException instead of returning the minimum."
Lang,24,4,BUG,BUG,True,"VERDICT: BUG REASON: The `min(long[])` method uses `i <= array.length` in its loop, causing an `ArrayIndexOutOfBoundsException` when accessing `array[array.length]`."
Lang,26,1,NO BUG,BUG,False,"VERDICT: BUG REASON: The format(Date, StringBuffer) method creates a GregorianCalendar with only the timezone, not the locale, so locale-sensitive fields like week numbers can be formatted incorrectly."
Lang,26,3,BUG,BUG,True,"VERDICT: BUG REASON: The code incorrectly treats year tokens ""y"" and ""yyy"" as two-digit years because it uses TwoDigitYearField for any token shorter than 4, while only ""yy"" should be two-digit."
Lang,26,4,BUG,BUG,True,"VERDICT: BUG REASON: The 'y' case incorrectly uses TwoDigitYearField for all token lengths less than 4, so one-digit and three-digit year patterns are mishandled."
Lang,27,3,BUG,BUG,True,"VERDICT: BUG REASON: The `min(long[] array)` method uses `i <= array.length` in its loop, which causes an `ArrayIndexOutOfBoundsException` when `i` equals `array.length`."
Lang,27,4,BUG,BUG,True,"VERDICT: BUG REASON: The `min(long[])` method uses `i <= array.length` in its loop condition, causing an `ArrayIndexOutOfBoundsException` when `i` equals the array length."
Lang,28,1,NO BUG,BUG,False,"VERDICT: BUG REASON: The code can throw an IndexOutOfBoundsException on malformed input such as a trailing ""&"" or an entity without a terminating semicolon, because it accesses `input.charAt(index + 1)` and scans for "";"" without checking the sequence length."
Lang,28,3,BUG,BUG,True,"VERDICT: BUG REASON: The condition incorrectly checks `input.charAt(index - 1)` instead of `input.charAt(index + 1)`, causing a `StringIndexOutOfBoundsException` at index 0 and failing to recognize entities at the current position."
Lang,28,4,BUG,BUG,True,"VERDICT: BUG REASON: The condition uses `input.charAt(index - 1)` instead of `input.charAt(index + 1)`, so it fails to recognize a numeric entity starting at `index` and can throw `StringIndexOutOfBoundsException` at the beginning of input."
Cli,15,3,BUG,BUG,True,"VERDICT: BUG REASON: The `getValues` method has an off-by-one error in its augmentation loop (`i <= defaultValues.size()`), causing it to read past the end of `defaultValues` and throw an `IndexOutOfBoundsException` when defaults outnumber actual values."
Cli,16,1,NO BUG,NO BUG,True,"VERDICT: NO BUG REASON: The visible fragment contains only interface method declarations and documentation, with no executable logic or malformed syntax."
Chart,11,5,BUG,BUG,True,"VERDICT: BUG REASON: The `equal(Shape, Shape)` method does not handle the documented case where both shapes are null, so it falls through the final `else` and returns false instead of true."
Cli,14,5,BUG,BUG,True,"VERDICT: BUG REASON: The constructor fails to copy the passed-in `options` list before separating out `Argument` entries, so it mutates the caller's original list (and throws on immutable or fixed-size lists)."
Cli,15,4,BUG,BUG,True,"VERDICT: BUG REASON: If `valueList` is null, line 117 evaluates `valueList.isEmpty()` due to the `&&` condition, causing a NullPointerException."
Cli,16,2,BUG,BUG,True,"VERDICT: BUG REASON: The `getParent()` Javadoc is present, but the corresponding `Option getParent();` method declaration is missing from the interface."
Cli,17,3,BUG,BUG,True,"VERDICT: BUG REASON: The loop condition `i <= token.length()` causes `token.charAt(i)` to access an index beyond the string's length, throwing a `StringIndexOutOfBoundsException`; it should use `i < token.length()`."
Cli,17,4,BUG,BUG,True,"VERDICT: BUG REASON: The loop condition `i <= token.length()` should be `i < token.length()`, since `token.charAt(i)` is called at the final iteration with an out-of-bounds index, causing a `StringIndexOutOfBoundsException`."
Cli,18,3,BUG,BUG,True,"VERDICT: BUG REASON: The loop condition `i <= token.length()` causes `token.charAt(i)` to access an invalid index past the end of the string, throwing a `StringIndexOutOfBoundsException`."
Cli,18,4,BUG,BUG,True,"VERDICT: BUG REASON: The loop condition `i <= token.length()` causes `token.charAt(i)` to access an invalid index on the final iteration, throwing a `StringIndexOutOfBoundsException`; it should be `i < token.length()`."
Cli,19,3,BUG,BUG,True,"VERDICT: BUG REASON: The loop bound `i <= token.length()` causes `token.charAt(i)` to throw a `StringIndexOutOfBoundsException` when `i` equals the token length, so it should be `i < token.length()`."
Cli,19,4,BUG,BUG,True,"VERDICT: BUG REASON: The `burstToken` loop uses `i <= token.length()` and accesses `token.charAt(i)`, causing a `StringIndexOutOfBoundsException` because it reads past the end of the token; the loop should use `i < token.length()`."
Cli,2,3,BUG,BUG,True,"VERDICT: BUG REASON: The loop condition `i <= tokenLength` causes `token.charAt(i)` to be evaluated with `i == tokenLength`, throwing a `StringIndexOutOfBoundsException` when a token is processed without an earlier break."
Cli,20,3,BUG,BUG,True,"VERDICT: BUG REASON: In `burstToken`, the loop condition should be `i < token.length()` rather than `i <= token.length()`, so when processing a token whose remaining characters are all recognized options it calls `token.charAt(token.length())` and throws `StringIndexOutOfBoundsException`."
Cli,20,4,BUG,BUG,True,"VERDICT: BUG REASON: The loop condition `i <= token.length()` causes `token.charAt(i)` to access an index beyond the string, throwing `StringIndexOutOfBoundsException` after the last character of a short-option cluster (e.g., a no-argument option like `-x`)."
Cli,21,1,NO BUG,NO BUG,True,"VERDICT: NO BUG REASON: The provided code is merely an interface declaration with no executable logic, and its syntax is valid."
Cli,21,2,BUG,BUG,True,"VERDICT: BUG REASON: The interface's trailing Javadoc comments describe `getCurrentOption()` and `setCurrentOption(Option)`, but those method declarations are missing from the interface."
Cli,21,5,BUG,BUG,True,"VERDICT: BUG REASON: The interface documents `getCurrentOption` and `setCurrentOption` but never declares those methods, leaving the intended current-option API missing."
Cli,22,3,BUG,BUG,True,"VERDICT: BUG REASON: The loop uses `i <= token.length()`, so on the final iteration it calls `token.charAt(i)` with `i == token.length()`, causing a `StringIndexOutOfBoundsException`; the condition should be `i < token.length()`."
Cli,22,4,BUG,BUG,True,"VERDICT: BUG REASON: The loop condition `i <= token.length()` causes `token.charAt(i)` at line 246 to access an index equal to the string length, throwing `StringIndexOutOfBoundsException` instead of iterating only while `i < token.length()`."
Cli,23,5,BUG,NO BUG,False,"VERDICT: NO BUG REASON: The visible fragment only contains constant declarations and field initializers with correct values, so it contains no functional bug."
Cli,24,2,BUG,NO BUG,False,"VERDICT: NO BUG REASON: The provided excerpt contains only class constants and field declarations, with no executable logic in which a bug could appear."
Cli,27,2,BUG,BUG,True,"VERDICT: BUG REASON: `setSelected` uses `option.getOpt()` instead of `option.getKey()`, so long-only options with no short option are not properly tracked, allowing multiple options in the group to be selected."
Cli,27,3,BUG,BUG,True,"VERDICT: BUG REASON: At line 98, the condition `selected == null && selected.equals(option.getKey())` will throw a NullPointerException when `selected` is null, and it also prevents reselecting the same non-null option; it should use `||` instead of `&&`."
Cli,27,4,BUG,BUG,True,"VERDICT: BUG REASON: `setSelected` uses `selected == null && selected.equals(option.getOpt())`, which causes a NullPointerException when `selected` is null and prevents reselecting the same option; the condition should use `||`."
Cli,27,5,BUG,BUG,True,"VERDICT: BUG REASON: `setSelected` stores and compares `option.getOpt()` instead of `option.getKey()`, so long-only options (with no short option) leave `chosen` as null and fail to enforce mutual exclusivity."
Cli,28,1,NO BUG,BUG,False,"VERDICT: BUG REASON: `processProperties` dereferences `opt` without checking whether `getOptions().getOption(option)` returned null, so a property key not matching any defined option causes a NullPointerException."
Cli,29,3,BUG,BUG,True,"VERDICT: BUG REASON: In `stripLeadingAndTrailingQuotes`, `str.substring(1, length + 1)` uses an end index beyond the string's length, so a quoted string will throw `StringIndexOutOfBoundsException` instead of having its quotes removed."
Cli,29,4,BUG,BUG,True,"VERDICT: BUG REASON: The trailing quote removal uses `substring(0, length + 1)`, which exceeds the string's bounds and throws `StringIndexOutOfBoundsException` whenever a trailing quote must be stripped."
Cli,3,1,NO BUG,BUG,False,"VERDICT: BUG REASON: createDate always returns null and prints ""Unable to parse"" because it never parses str and unconditionally checks the newly initialized null date variable."
Cli,3,2,BUG,BUG,True,"VERDICT: BUG REASON: The `createDate` method never parses `str`; it always prints ""Unable to parse"" and returns null because `date` is initialized to null and never set."
Cli,30,2,BUG,BUG,True,"VERDICT: BUG REASON: handleProperties does not null-check `options.getOption(option)`, so an unrecognized property name causes a NullPointerException when `opt.hasArg()` is called."
Cli,30,3,BUG,BUG,True,"VERDICT: BUG REASON: The parse loop iterates `i <= arguments.length`, so it attempts to access `arguments[arguments.length]` out of bounds, causing an `ArrayIndexOutOfBoundsException` for any non-null arguments array."
Cli,30,4,BUG,BUG,True,VERDICT: BUG REASON: The for-loop condition `i <= arguments.length` causes an `ArrayIndexOutOfBoundsException` when accessing `arguments[arguments.length]`; it should be `i < arguments.length`.
Cli,31,5,BUG,NO BUG,False,VERDICT: NO BUG REASON: The shown constants and field initializers are consistent and contain no logic or behavioral error.
Cli,32,5,BUG,NO BUG,False,"VERDICT: NO BUG REASON: The provided snippet contains only imports, constants, and field declarations with no executable logic from which a defect can be identified."
Cli,33,5,BUG,NO BUG,False,VERDICT: NO BUG REASON: The visible portion only declares constants and deprecated field defaults with no executable logic that could contain a bug.
Cli,34,4,BUG,BUG,True,"VERDICT: BUG REASON: In `processValue`, the loop should break when `values.size() == numberOfArgs - 1` but uses `numberOfArgs + 1`, so separator-delimited values with too many tokens can cause `add` to throw once the option's argument limit is reached."
Cli,36,3,BUG,BUG,True,VERDICT: BUG REASON: The condition `if (selected == null && selected.equals(option.getKey()))` causes a NullPointerException when selecting the first option because it calls `equals` on a null `selected`; it should use `||`.
Cli,36,4,BUG,BUG,True,"VERDICT: BUG REASON: In `setSelected`, the condition `selected == null && selected.equals(option.getKey())` calls `equals` on `null` when no option is currently selected, causing a `NullPointerException` instead of selecting the first option."
Cli,4,2,BUG,BUG,True,"VERDICT: BUG REASON: The `break` on line 275 exits the entire properties loop when a non-argument option has a non-true value, instead of continuing to process the remaining properties."
Cli,7,3,BUG,BUG,True,"VERDICT: BUG REASON: The loop in `withPattern` runs from `0` to `sz` inclusive, so it calls `pattern.charAt(sz)` on the final iteration, causing a `StringIndexOutOfBoundsException` because valid indices end at `sz - 1`."
Cli,7,4,BUG,BUG,True,"VERDICT: BUG REASON: The `withPattern` loop iterates `i <= sz` where `sz` is the string length, causing `pattern.charAt(sz)` to throw `StringIndexOutOfBoundsException` on the final iteration."
Cli,9,1,NO BUG,BUG,False,"VERDICT: BUG REASON: The `break` at line 288 exits the entire property-processing loop instead of skipping only the current option, so a non-true boolean property value prevents all later properties from being processed."
Cli,9,2,BUG,BUG,True,"VERDICT: BUG REASON: The `break` exits the entire property-processing loop instead of skipping only the current option, so any remaining properties are not processed."
Closure,10,3,BUG,BUG,True,"VERDICT: BUG REASON: The loop in `isLatin` runs while `index <= len` and calls `s.charAt(index)`, so when `index == len` it throws `StringIndexOutOfBoundsException` on every string, including empty strings."
Closure,10,4,BUG,BUG,True,"VERDICT: BUG REASON: In `isLatin`, the loop condition `index <= len` causes `s.charAt(index)` to throw `StringIndexOutOfBoundsException` when `index` equals `len`."
Closure,11,1,NO BUG,BUG,False,"VERDICT: BUG REASON: `NOT_CALLABLE` reuses the diagnostic key `JSC_BAD_TYPE_FOR_BIT_OPERATION` instead of a distinct call-related key, so non-callable errors will be mislabeled as bit-operation errors."
Closure,11,3,BUG,BUG,True,"VERDICT: BUG REASON: `int numArgs = call.getChildCount() + 1;` overcounts the actual argument count by two because the CALL node's children include the callee, so the WRONG_ARGUMENT_COUNT check is incorrect."
Closure,11,4,BUG,BUG,True,"VERDICT: BUG REASON: In `visitParameterList`, `numArgs` is computed as `call.getChildCount() + 1`, but since a CALL/NEW node's first child is the callee, the actual argument count should be `getChildCount() - 1`, causing incorrect arity checks."
Closure,18,3,BUG,BUG,True,"VERDICT: BUG REASON: In `toSourceArray()`, the loop condition `i <= numInputs` should be `i < numInputs`, otherwise it attempts to access `inputs.get(numInputs)` and overrun the `sources` array, causing an out-of-bounds exception."
Closure,18,4,BUG,BUG,True,"VERDICT: BUG REASON: The loop in `toSourceArray()` uses `i <= numInputs` instead of `i < numInputs`, causing an `ArrayIndexOutOfBoundsException` when `i` equals the number of inputs."
Closure,19,4,BUG,BUG,True,"VERDICT: BUG REASON: In `restrictUndefinedVisitor.caseEnumElementType`, the `||` condition causes a non-null restricted primitive type to still return the original enum element type even when the undefined type was removed, so the restriction is not applied."
Closure,2,3,BUG,BUG,True,"VERDICT: BUG REASON: In `visitParameterList`, `numArgs` is computed as `call.getChildCount() + 1`, but since the first child is the callee, it should be `call.getChildCount() - 1`, causing wrong argument-count checks."
Closure,2,4,BUG,BUG,True,"VERDICT: BUG REASON: The argument count is computed as `call.getChildCount() + 1` when it should be `call.getChildCount() - 1`, since the callee is a child but not an argument, causing incorrect argument-count errors."
Closure,2,5,BUG,BUG,True,"VERDICT: BUG REASON: `OVERRIDING_PROTOTYPE_WITH_NON_OBJECT` is declared as a `String` instead of a `DiagnosticType`, so it cannot be used to report the intended warning."
Closure,20,3,BUG,BUG,True,"VERDICT: BUG REASON: The loop in `makeForwardSlashBracketSafe` uses `i <= s.length()` and calls `s.charAt(i)`, causing a `StringIndexOutOfBoundsException` on the final iteration."
Closure,20,4,BUG,BUG,True,"VERDICT: BUG REASON: In makeForwardSlashBracketSafe, the loop condition `i <= s.length()` causes `s.charAt(i)` to be called one past the end of the string, throwing a StringIndexOutOfBoundsException."
Closure,22,3,BUG,BUG,True,"VERDICT: BUG REASON: Line 119 uses the subtraction operator `-` instead of string concatenation `+` when constructing the error message, so the Java code will not compile."
Closure,26,3,BUG,BUG,True,"VERDICT: BUG REASON: Line 41 attempts to subtract `File.separator` from `"".""` with `-`, which is invalid for Java Strings and will not compile; it should be `""."" + File.separator`."
Closure,26,4,BUG,BUG,True,"VERDICT: BUG REASON: Line 41 uses `-` to subtract `File.separator` from a String literal, which is invalid Java and will not compile; it should use `+` for concatenation."
Closure,28,3,BUG,BUG,True,"VERDICT: BUG REASON: In `append(String str)`, `str.charAt(str.length() + 1)` is an off-by-one error that throws `StringIndexOutOfBoundsException`; it should be `str.charAt(str.length() - 1)` to get the last character."
Closure,28,4,BUG,BUG,True,"VERDICT: BUG REASON: `append` sets `last` with `str.charAt(str.length() + 1)`, which always accesses an index past the end of the string and throws `StringIndexOutOfBoundsException`, instead of using `str.charAt(str.length() - 1)`."
Closure,31,3,BUG,BUG,True,"VERDICT: BUG REASON: The loop in `toSourceArray()` is off by one (`i <= numInputs` instead of `i < numInputs`), causing an out-of-bounds access on the last iteration."
Closure,31,4,BUG,BUG,True,"VERDICT: BUG REASON: The loop in `toSourceArray()` uses `i <= numInputs` instead of `i < numInputs`, causing an out-of-bounds access when it tries to read `inputs.get(i)` for `i == numInputs`."
Closure,31,5,BUG,NO BUG,False,"VERDICT: NO BUG REASON: The provided excerpt contains only license/package/import declarations and no executable logic, so there is no code defect shown to evaluate."
Closure,32,4,BUG,BUG,True,"VERDICT: BUG REASON: Line 1175 uses `-` on Strings, which is invalid in Java and should likely be string concatenation with `+`."
Closure,4,3,BUG,BUG,True,"VERDICT: BUG REASON: The loop in `lookupViaProperties` iterates to `componentNames.length` inclusive and accesses `componentNames[i]`, causing an `ArrayIndexOutOfBoundsException` for the last component."
Closure,4,4,BUG,BUG,True,"VERDICT: BUG REASON: In `lookupViaProperties`, the loop condition `i <= componentNames.length` accesses `componentNames[i]` one past the end of the array, causing an `ArrayIndexOutOfBoundsException`."
Closure,6,3,BUG,BUG,True,"VERDICT: BUG REASON: Line 734 uses `-` to combine Strings, which is invalid Java and should be `+` for concatenation."
Closure,6,4,BUG,BUG,True,"VERDICT: BUG REASON: Line 742 uses the invalid `-` operator between String expressions instead of string concatenation with `+`, so the code will not compile."
Closure,7,4,BUG,BUG,True,"VERDICT: BUG REASON: In `caseEnumElementType`, the `||` condition is wrong and should be `&&`; because any non-null `type` causes the original `enumElementType` to be returned, even when the visitor produced a different restricted type that removes `undefined`."
Closure,9,3,BUG,BUG,True,"VERDICT: BUG REASON: `DEFAULT_FILENAME_PREFIX` is assigned using `""."" - MODULE_SLASH`, but Java does not allow `-` on Strings, so the code will not compile and should use `+` instead."
Closure,9,4,BUG,BUG,True,"VERDICT: BUG REASON: `DEFAULT_FILENAME_PREFIX` uses the `-` operator on two `String` values, which is invalid Java and will not compile; it should probably be `""."" + MODULE_SLASH`."
Lang,14,5,BUG,NO BUG,False,"VERDICT: NO BUG REASON: The shown StringUtils methods correctly implement null-safe behavior for empty checks, blank checks, and trimming without any logic errors."
Lang,24,5,BUG,NO BUG,False,"VERDICT: NO BUG REASON: The visible code contains only valid constant declarations, a public no-arg constructor, and a `toInt(String)` method that correctly delegates to its overload with a default value of 0."
Lang,28,5,BUG,BUG,True,"VERDICT: BUG REASON: The method does not bounds-check `seq.charAt(stop)` while scanning for the terminating `;`, so malformed or truncated entities such as `&#65` can throw a `StringIndexOutOfBoundsException` instead of returning 0."
Lang,29,3,BUG,BUG,True,"VERDICT: BUG REASON: The loop in `getJavaVersionTrimmed` uses `i <= JAVA_VERSION.length()`, so it calls `charAt(length)` and throws `StringIndexOutOfBoundsException` for an empty or non-numeric version string instead of returning `null`; it should use `<`."
Lang,29,4,BUG,BUG,True,"VERDICT: BUG REASON: In getJavaVersionTrimmed(), the loop condition `i <= JAVA_VERSION.length()` calls `charAt(i)` when `i` equals the string length, causing a StringIndexOutOfBoundsException if JAVA_VERSION is non-null and contains no digit (or is empty)."
Lang,3,1,NO BUG,BUG,False,"VERDICT: BUG REASON: Line 551 compares `d.floatValue()` to `0.0D` instead of `d.doubleValue()`, causing nonzero Double values that underflow in float precision to be incorrectly rejected and fall through to BigDecimal."
Lang,3,2,BUG,BUG,True,"VERDICT: BUG REASON: Line 551 uses `d.floatValue()` instead of `d.doubleValue()`, so non-zero Double values that round to zero as floats are incorrectly treated as zero and not returned."
Lang,3,3,BUG,BUG,True,"VERDICT: BUG REASON: The `min(long[] array)` loop condition at line 783 is `i <= array.length`, which should be `i < array.length`, causing an `ArrayIndexOutOfBoundsException`."
Lang,3,4,BUG,BUG,True,"VERDICT: BUG REASON: The `min(long[])` loop uses `i <= array.length`, so it reads one past the end of the array and throws an `ArrayIndexOutOfBoundsException`."
Lang,30,3,BUG,BUG,True,"VERDICT: BUG REASON: The `isBlank` method loops with `i <= strLen` and calls `cs.charAt(i)`, causing a `StringIndexOutOfBoundsException` at `i == strLen` when the string contains only whitespace."
Lang,30,4,BUG,BUG,True,"VERDICT: BUG REASON: The `isBlank` loop condition uses `i <= strLen`, causing `cs.charAt(strLen)` to be called on an out-of-bounds index and throw `StringIndexOutOfBoundsException` for any non-empty string."
Lang,31,3,BUG,BUG,True,"VERDICT: BUG REASON: The `isBlank` method loops with `i <= strLen`, so a whitespace-only non-empty CharSequence reaches `cs.charAt(strLen)` and throws a `StringIndexOutOfBoundsException`."
Lang,31,4,BUG,BUG,True,"VERDICT: BUG REASON: The `isBlank` loop uses `i <= strLen`, so for a whitespace-only non-empty string it accesses `cs.charAt(strLen)` and throws `StringIndexOutOfBoundsException`; it should use `i < strLen`."
Lang,32,3,BUG,BUG,True,"VERDICT: BUG REASON: The `append(boolean[])` method uses `i <= array.length` in its loop, causing an `ArrayIndexOutOfBoundsException` for any non-null boolean array."
Lang,32,4,BUG,BUG,True,"VERDICT: BUG REASON: In `append(boolean[] array)`, the loop condition `i <= array.length` should be `i < array.length`, causing an `ArrayIndexOutOfBoundsException` for non-null arrays."
Lang,33,3,BUG,BUG,True,"VERDICT: BUG REASON: The code has a syntax error at line 91, where `Class<=?>` is not valid Java generic syntax and should be `Class<?>`."
Lang,33,4,BUG,BUG,True,"VERDICT: BUG REASON: Line 91 contains invalid generic syntax `Class<=?>`, which would not compile and should be `Class<?>`."
Lang,34,3,BUG,BUG,True,"VERDICT: BUG REASON: `removeLastFieldSeparator` loops with `i <= sepLen`, causing `fieldSeparator.charAt(sepLen - 1 - i)` to access index `-1` when `i == sepLen` and throw a `StringIndexOutOfBoundsException` instead of removing the separator."
Lang,34,4,BUG,BUG,True,"VERDICT: BUG REASON: The loop in `removeLastFieldSeparator` is off by one (`i <= sepLen`), causing it to access `fieldSeparator.charAt(-1)` and throw `StringIndexOutOfBoundsException` when the buffer ends with the field separator."
Lang,35,3,BUG,BUG,True,"VERDICT: BUG REASON: The loop condition at line 228 uses `i <= array.length`, causing an `ArrayIndexOutOfBoundsException` on the final iteration; it should be `i < array.length`."
Lang,35,4,BUG,BUG,True,"VERDICT: BUG REASON: The loop in `toMap` uses `i <= array.length` instead of `i < array.length`, causing an `ArrayIndexOutOfBoundsException` on the final iteration."
Lang,36,3,BUG,BUG,True,"VERDICT: BUG REASON: The loop in `min(long[])` uses `i <= array.length`, causing an `ArrayIndexOutOfBoundsException` when `i` equals `array.length`; it should use `i < array.length`."
Lang,36,4,BUG,BUG,True,VERDICT: BUG REASON: The `min(long[] array)` method's loop condition `i <= array.length` causes an `ArrayIndexOutOfBoundsException` on the last iteration instead of stopping before the end.
Lang,37,3,BUG,BUG,True,"VERDICT: BUG REASON: In `toMap`, the for loop condition `i <= array.length` should be `i < array.length`, causing an `ArrayIndexOutOfBoundsException` on the last iteration."
Lang,37,4,BUG,BUG,True,"VERDICT: BUG REASON: In `toMap`, the loop condition `i <= array.length` accesses `array[array.length]` on the last iteration (and throws for empty arrays), causing an `ArrayIndexOutOfBoundsException`; it should be `i < array.length`."
Lang,39,3,BUG,BUG,True,"VERDICT: BUG REASON: The `isBlank` loop condition `i <= strLen` accesses `str.charAt(strLen)` on whitespace-only strings, causing a `StringIndexOutOfBoundsException`; it should be `i < strLen`."
Lang,39,4,BUG,BUG,True,"VERDICT: BUG REASON: The loop in `isBlank` uses `i <= strLen`, so for a non-empty all-whitespace string it calls `charAt(strLen)` and throws a `StringIndexOutOfBoundsException`; the condition should be `i < strLen`."
Lang,39,5,BUG,NO BUG,False,VERDICT: NO BUG REASON: The visible methods correctly implement null-safe empty/blank checks and trimming/stripping behavior with no logic errors.
Lang,4,2,BUG,BUG,True,"VERDICT: BUG REASON: The constructor stores the raw CharSequence key instead of converting it to a String as documented, so non-String CharSequence keys may fail to match correctly during HashMap lookup."
Lang,4,3,BUG,BUG,True,"VERDICT: BUG REASON: When `index + longest > input.length()`, the code sets `max` to `input.length() + index` instead of `input.length() - index`, which can cause `subSequence(index, index + i)` to throw `StringIndexOutOfBoundsException` near the end of the input."
Lang,4,4,BUG,BUG,True,"VERDICT: BUG REASON: The code incorrectly sets `max` to `input.length() + index` instead of `input.length() - index`, so it can call `input.subSequence(index, index + i)` beyond the end of the input and throw `StringIndexOutOfBoundsException`."
Lang,4,5,BUG,BUG,True,"VERDICT: BUG REASON: The lookup key is stored as the original `CharSequence` rather than converted to `String`, so `HashMap.get()` can fail to match subsequences from `input` when keys or candidates are non-String `CharSequence` implementations that lack value-based `equals`/`hashCode`."
Lang,40,2,BUG,BUG,True,"VERDICT: BUG REASON: `containsIgnoreCase` uses default-locale `String.toUpperCase()`, so in locales like Turkish it can return false for strings that `String.equalsIgnoreCase` considers equal (e.g., `""i""` and `""I""`)."
Lang,40,3,BUG,BUG,True,"VERDICT: BUG REASON: The `isBlank` method's loop uses `i <= strLen`, which attempts to access `str.charAt(strLen)` and throws `StringIndexOutOfBoundsException` for any non-empty string."
Lang,40,4,BUG,BUG,True,"VERDICT: BUG REASON: The `isBlank` loop uses `i <= strLen`, so for a string consisting entirely of whitespace it calls `charAt(strLen)` and throws a `StringIndexOutOfBoundsException` instead of returning `true`; the condition should be `i < strLen`."
Lang,40,5,BUG,NO BUG,False,"VERDICT: NO BUG REASON: The provided null-safe emptiness, blank, and non-blank checks behave correctly, with no defect visible in the shown code."
Lang,41,2,BUG,BUG,True,"VERDICT: BUG REASON: The `getShortClassName(String)` method lacks the array-encoding strip it comments about, so an array class name such as `""[Ljava.lang.String;""` is returned as `""String;""` instead of `""String[]""`."
Lang,41,3,BUG,BUG,True,"VERDICT: BUG REASON: The enhanced for-loop uses invalid Java generic syntax `Class<=?>` instead of `Class<?>`, so the code will not compile."
Lang,41,4,BUG,BUG,True,"VERDICT: BUG REASON: Line 91 uses invalid generic type syntax `Class<=?>` instead of `Class<?>`, which will cause a compile error."
Lang,42,3,BUG,BUG,True,"VERDICT: BUG REASON: In `LookupEntityMap.createLookupTable()`, the loop condition `i <= LOOKUP_TABLE_SIZE` causes an `ArrayIndexOutOfBoundsException` because it attempts to write to index 256 in an array of size 256."
Lang,42,4,BUG,BUG,True,"VERDICT: BUG REASON: In `LookupEntityMap.createLookupTable()`, the loop condition `i <= LOOKUP_TABLE_SIZE` accesses index 256 of a 256-element array, causing an `ArrayIndexOutOfBoundsException`."
Lang,44,3,BUG,BUG,True,"VERDICT: BUG REASON: `isDigits` has an off-by-one loop bound (`i <= str.length()`), causing `StringIndexOutOfBoundsException` on non-empty strings."
Lang,44,4,BUG,BUG,True,"VERDICT: BUG REASON: The `isDigits` loop uses `i <= str.length()`, so it calls `str.charAt(str.length())` on non-empty digit-only strings and throws `StringIndexOutOfBoundsException`; it should use `i < str.length()`."
Lang,45,3,BUG,BUG,True,"VERDICT: BUG REASON: The loop condition `i <= strLen` causes `str.charAt(i)` to be called with `i == str.length()`, throwing a `StringIndexOutOfBoundsException` for any non-empty string."
Lang,45,4,BUG,BUG,True,"VERDICT: BUG REASON: The loop condition `i <= strLen` causes `str.charAt(i)` to be called with `i == str.length()`, throwing a `StringIndexOutOfBoundsException` for any non-empty input."
Lang,46,3,BUG,BUG,True,"VERDICT: BUG REASON: The for loop uses `i <= sz` instead of `i < sz`, causing `str.charAt(i)` to be called with an index equal to the string length and throw a StringIndexOutOfBoundsException."
Lang,46,4,BUG,BUG,True,VERDICT: BUG REASON: The loop condition `i <= sz` causes an out-of-bounds access to `str.charAt(sz)` and should be `i < sz`.
Lang,47,3,BUG,BUG,True,"VERDICT: BUG REASON: The loop in `setLength` uses `i <= newEnd`, which writes one index past the new length and can cause `ArrayIndexOutOfBoundsException` when `ensureCapacity` allocates exactly `length` characters; it should be `i < newEnd`."
Lang,47,4,BUG,BUG,True,"VERDICT: BUG REASON: The `for` loop in `setLength` should terminate at `i < newEnd`, not `i <= newEnd`, because writing at index `newEnd` writes one character past the new logical length and can cause an `ArrayIndexOutOfBoundsException` when the buffer capacity is exactly `length`."
Cli,11,5,BUG,NO BUG,False,"VERDICT: NO BUG REASON: The provided excerpt contains only constant and field declarations with no executable logic, so no bug is evident in the shown code."
Cli,2,4,BUG,BUG,True,"VERDICT: BUG REASON: The loop condition `i <= tokenLength` accesses `token.charAt(i)` when `i == tokenLength`, causing a `StringIndexOutOfBoundsException` for any token longer than one character."
Cli,24,5,BUG,NO BUG,False,VERDICT: NO BUG REASON: The visible excerpt only contains constant and field declarations with
Cli,25,3,BUG,BUG,True,"VERDICT: BUG REASON: The second while loop uses `pos <= text.length()` and calls `text.charAt(pos)`, so it can throw a `StringIndexOutOfBoundsException` when `pos` reaches `text.length()` before finding a whitespace character."
Cli,33,3,BUG,BUG,True,"VERDICT: BUG REASON: In `printUsage`, `cmdLineSyntax.indexOf(' ') - 1` should be `+ 1`; the current expression calculates the wrapped usage continuation indentation incorrectly (off by two)."
Cli,33,4,BUG,BUG,True,"VERDICT: BUG REASON: In `printUsage`, `cmdLineSyntax.indexOf(' ') - 1` should be `+ 1`; as written, the continuation-line indentation is miscalculated."
Cli,36,1,NO BUG,NO BUG,True,"VERDICT: NO BUG REASON: The shown code correctly stores options by `Option.getKey()` and returns the map’s key set and values, with no defect visible in the provided lines."
Cli,40,1,NO BUG,BUG,False,"VERDICT: BUG REASON: Because `PatternOptionBuilder.FILE_VALUE` and `PatternOptionBuilder.EXISTING_FILE_VALUE` are both `File.class`, the `EXISTING_FILE_VALUE` branch is unreachable, so `openFile` is never called and existing-file validation is skipped."
Cli,16,5,BUG,NO BUG,False,"VERDICT: NO BUG REASON: The code is an interface containing only method signatures and Javadoc contracts, with no implementation logic that could contain a bug."
Cli,24,1,NO BUG,NO BUG,True,VERDICT: NO BUG REASON: The visible code contains only constants and field initializations with no executable logic that could cause incorrect behavior.
Cli,25,5,BUG,NO BUG,False,VERDICT: NO BUG REASON: The visible field and constant declarations are correctly initialized and contain no apparent bug in the provided snippet.
Cli,28,2,BUG,BUG,True,"VERDICT: BUG REASON: The `break` in `processProperties` should be `continue`, because it incorrectly stops processing all remaining properties after encountering a non-yes/true/1 boolean value, causing later valid property options to be ignored."
Closure,17,5,BUG,NO BUG,False,"VERDICT: NO BUG REASON: The provided snippet is truncated to imports and a class declaration only, so there is no executable logic in the shown code that could contain a bug."
Closure,19,3,BUG,BUG,True,"VERDICT: BUG REASON: In `restrictUndefinedVisitor.caseEnumElementType`, the `type != null` condition causes the original enum type to be returned whenever the restricted primitive type is non-null, so undefined is not actually removed from enum element types."
Cli,32,1,NO BUG,NO BUG,True,"VERDICT: NO BUG REASON: The visible portion only shows class constants and deprecated field initializations, so it does not contain a functional bug."
Cli,32,3,BUG,BUG,True,"VERDICT: BUG REASON: `printUsage` computes `argPos` as `cmdLineSyntax.indexOf(' ') - 1` instead of `+ 1`, causing wrapped usage lines to be indented one character too far to the left."
Closure,21,3,BUG,BUG,True,"VERDICT: BUG REASON: Line 119 uses the subtraction operator `-` in a string concatenation where `+` is required, making the code fail to compile."
Closure,21,4,BUG,BUG,True,"VERDICT: BUG REASON: Line 136 uses `-` instead of `+` for string concatenation, so the code does not compile."
Closure,22,4,BUG,BUG,True,"VERDICT: BUG REASON: Line 143 uses `-` instead of `+` to concatenate the string literal with `Token.name(...)`, so the code is invalid Java and will not compile."
Closure,23,2,BUG,BUG,True,"VERDICT: BUG REASON: The loop in `tryFoldArrayAccess` advances `elem` one element too early, so it returns the previous element for non-zero indices and `null` (falsely reporting out-of-bounds) for index 0."
Closure,8,3,BUG,BUG,True,"VERDICT: BUG REASON: The guard at line 143 always returns because a VAR node never satisfies `canBeRedeclared()` (which only handles expression assignments), so no collapses are ever gathered and the pass becomes a no-op."
Lang,1,5,BUG,NO BUG,False,"VERDICT: NO BUG REASON: The visible code only contains valid, correctly initialized Number constants and a method declaration, with no incorrect logic or mismatched values."
Cli,10,1,NO BUG,NO BUG,True,VERDICT: NO BUG REASON: The shown lines contain only
Cli,13,5,BUG,BUG,True,"VERDICT: BUG REASON: The Javadoc documents a `getValues(Option)` method, but the method declaration is missing from the interface."
Cli,14,3,BUG,BUG,True,"VERDICT: BUG REASON: For an optional group that is not outer, the code appends a closing `]` at line 374 and then another closing `]` at line 387, producing an unbalanced extra bracket."
Cli,14,4,BUG,BUG,True,"VERDICT: BUG REASON: An optional non-outer group appends `]` at line 374 and again at line 387, producing malformed usage text with an extra closing bracket."
Lang,27,5,BUG,NO BUG,False,"VERDICT: NO BUG REASON: The visible portion contains only constant declarations, a constructor, and Javadoc, with no executable logic that would produce incorrect behavior."
Cli,15,5,BUG,BUG,True,"VERDICT: BUG REASON: The `addValue` method calls `addOption(opt)` for every value added to an `Argument`, causing the same option to be inserted multiple times into `optionList`."
Lang,33,2,BUG,BUG,True,"VERDICT: BUG REASON: `toClass(Object[])` contradicts its Javadoc by calling `array[i].getClass()` without a null check, causing a NullPointerException when an array element is null instead of inserting a null `Class`."
Lang,36,5,BUG,NO BUG,False,"VERDICT: NO BUG REASON: The visible code contains only valid constant declarations and a correct `toInt(String)` delegation, with no functional defect in the shown portion."
Lang,37,5,BUG,NO BUG,False,VERDICT: NO BUG REASON: The provided snippet only declares empty array constants and contains no executable logic that could be buggy.
Chart,5,3,BUG,BUG,True,"VERDICT: BUG REASON: The `delete(int start, int end)` loop uses `i < end` rather than `i <= end`, so the item at the `end` index is not removed (and a single-item range deletes nothing)."
Chart,5,4,BUG,BUG,True,"VERDICT: BUG REASON: The `delete(int start, int end)` loop uses `i < end`, so it removes items only through `end - 1` instead of through `end`, leaving the item at index `end` undeleted."
Lang,47,5,BUG,BUG,True,"VERDICT: BUG REASON: The class declares a serialVersionUID with a comment that it is required for serialization support, but it does not implement java.io.Serializable, so StrBuilder instances cannot be serialized as intended."
Lang,5,3,BUG,BUG,True,"VERDICT: BUG REASON: The for loop in `languagesByCountry` uses `i <= locales.size()` instead of `i < locales.size()`, causing an `IndexOutOfBoundsException` when iterating over available locales."
Lang,5,4,BUG,BUG,True,"VERDICT: BUG REASON: In `languagesByCountry`, the loop condition `i <= locales.size()` causes an `IndexOutOfBoundsException` when accessing `locales.get(i)` at `i == locales.size()`."
Lang,51,5,BUG,NO BUG,False,VERDICT: NO BUG REASON: The provided code correctly implements null-safe negation and boolean checking as documented.
Lang,52,3,BUG,BUG,True,"VERDICT: BUG REASON: The loop condition uses `i <= sz`, so it attempts `str.charAt(sz)` past the end of the string, throwing `StringIndexOutOfBoundsException` for any non-null input; it should be `i < sz`."
Lang,52,4,BUG,BUG,True,"VERDICT: BUG REASON: The loop condition `i <= sz` causes `str.charAt(i)` to be called with an index equal to `str.length()`, throwing a `StringIndexOutOfBoundsException` for any non-null input."
Lang,54,3,BUG,BUG,True,"VERDICT: BUG REASON: In `languagesByCountry`, the loop condition `i <= locales.size()` causes an `IndexOutOfBoundsException` because it attempts to access index `locales.size()`; it should be `i < locales.size()`."
Lang,54,4,BUG,BUG,True,"VERDICT: BUG REASON: In `languagesByCountry`, the loop condition `i <= locales.size()` is off by one and will throw `IndexOutOfBoundsException`."
Cli,10,1,NO BUG,NO BUG,True,"VERDICT: NO BUG REASON: The visible code only declares the parser class, imports, and setup/accessor methods with no incorrect logic in the displayed lines."
Lang,55,3,BUG,BUG,True,"VERDICT: BUG REASON: The `resume()` method incorrectly uses `System.currentTimeMillis() + stopTime` instead of `System.currentTimeMillis() - stopTime` when adjusting `startTime`, causing incorrect elapsed time after resuming."
Lang,55,4,BUG,BUG,True,"VERDICT: BUG REASON: In `resume()`, the elapsed suspended time is added incorrectly because `startTime += (System.currentTimeMillis() + stopTime)` should subtract `stopTime`, not add it."
Lang,56,2,BUG,BUG,True,"VERDICT: BUG REASON: The `mRules` field is missing the `transient` modifier, so serialization will attempt to serialize non-serializable rule objects and fail."
Lang,57,3,BUG,BUG,True,"VERDICT: BUG REASON: In `languagesByCountry`, the loop condition `i <= locales.size()` should be `i < locales.size()`, causing an `IndexOutOfBoundsException` when accessing `locales.get(i)` on the final iteration."
Lang,57,4,BUG,BUG,True,"VERDICT: BUG REASON: The loop in `languagesByCountry` uses `i <= locales.size()`, so it accesses an index past the end of the list and throws `IndexOutOfBoundsException` for non-null country codes."
Lang,58,3,BUG,BUG,True,"VERDICT: BUG REASON: The byte[] equals method uses `i<=array1.length` in its loop, causing an ArrayIndexOutOfBoundsException for any non-null array instead of comparing all elements."
Lang,58,4,BUG,BUG,True,"VERDICT: BUG REASON: The `equals(byte[], byte[])` method uses `i <= array1.length` in its loop, causing an `ArrayIndexOutOfBoundsException` by accessing one past the end of the array."
Cli,13,2,BUG,BUG,True,VERDICT: BUG REASON: The Javadoc before `setDefaultValues` documents a `getValues` method that is missing from the interface declaration.
Cli,13,5,BUG,BUG,True,"VERDICT: BUG REASON: The Javadoc block for `getValues` is not followed by any method declaration, so the documented `getValues(Option)` method is missing from the interface."
Lang,59,1,NO BUG,BUG,False,"VERDICT: BUG REASON: `appendFixedWidthPadLeft` and `appendFixedWidthPadRight` can throw a NullPointerException when `obj` is null and `getNullText()` returns null, because they call `str.length()` on a null `str`."
Lang,59,3,BUG,BUG,True,"VERDICT: BUG REASON: In `setLength`, the loop uses `i <= newEnd`, so it writes to index `length` beyond the new logical size and throws `ArrayIndexOutOfBoundsException` when the buffer is exactly `length` characters long; it should use `i < newEnd`."
Lang,59,4,BUG,BUG,True,"VERDICT: BUG REASON: The loop in `setLength` uses `i <= newEnd` instead of `i < newEnd`, so it writes to index `newEnd` beyond the new size, causing an `ArrayIndexOutOfBoundsException` when the buffer capacity is exactly the new length."
Lang,6,1,NO BUG,BUG,False,"VERDICT: BUG REASON: In the loop that advances `pos`, `Character.codePointAt(input, pt)` should be `Character.codePointAt"
Lang,6,3,BUG,BUG,True,"VERDICT: BUG REASON: The advancement loop uses the absolute index `pt` (and runs one extra iteration) instead of advancing from the current `pos`, so it skips characters and can throw a `StringIndexOutOfBoundsException`."
Lang,60,1,NO BUG,BUG,False,"VERDICT: BUG REASON: The `midString` method's `if (size <= index + length)` can overflow when `index + length` exceeds `Integer.MAX_VALUE`, causing it to attempt an invalid long substring instead of returning the available characters as documented."
Lang,60,3,BUG,BUG,True,"VERDICT: BUG REASON: In `StrBuilder.setLength`, the loop uses `i <= newEnd` instead of `i < newEnd`, causing an off-by-one error that can write past the new logical length and throw `ArrayIndexOutOfBoundsException` when the buffer capacity equals the requested length."
Lang,60,4,BUG,BUG,True,"VERDICT: BUG REASON: In `setLength`, the loop should use `i < newEnd` rather than `i <= newEnd`, because it writes an extra null character at index `newEnd`, which can cause an `ArrayIndexOutOfBoundsException` when the buffer capacity is exactly the new length."
Lang,61,1,NO BUG,BUG,False,"VERDICT: BUG REASON: `indexOf(char, int)` iterates to `thisBuf.length` instead of `size`, so it can return a match in unused buffer capacity beyond the builder's logical content."
Lang,61,3,BUG,BUG,True,"VERDICT: BUG REASON: In `setLength`, the loop condition `i <= newEnd` writes one element past the new size (at index `length`) and can throw `ArrayIndexOutOfBoundsException` when the buffer capacity equals `length`; it should be `i < newEnd`."
Lang,61,4,BUG,BUG,True,"VERDICT: BUG REASON: The `setLength` loop at line 204 uses `i <= newEnd` instead of `i < newEnd`, writing one character past the new logical length and potentially causing an `ArrayIndexOutOfBoundsException` when the buffer capacity is exactly the new length."
Lang,7,3,BUG,BUG,True,"VERDICT: BUG REASON: The `min(long[] array)` method uses `i <= array.length` in its loop, causing an `ArrayIndexOutOfBoundsException` on the final iteration."
Lang,7,4,BUG,BUG,True,"VERDICT: BUG REASON: The `min(long[] array)` loop condition uses `i <= array.length` instead of `i < array.length`, causing an `ArrayIndexOutOfBoundsException` when accessing `array[array.length]`."
Lang,7,5,BUG,NO BUG,False,VERDICT: NO BUG REASON: The shown code contains only correct immutable numeric constants and a straightforward `toInt` null-check/default-value pattern with no apparent defect.
Lang,9,3,BUG,BUG,True,"VERDICT: BUG REASON: The loop condition `i <= strategies.length` causes `strategies[strategies.length]` to be accessed on the final iteration, throwing an `ArrayIndexOutOfBoundsException`."
Cli,32,2,BUG,NO BUG,False,"VERDICT: NO BUG REASON: The shown portion contains only standard Commons CLI constants and field initializers, all of which match the expected defaults."
Cli,32,4,BUG,BUG,True,VERDICT: BUG REASON: Line 677 uses `cmdLineSyntax.indexOf(' ') - 1` instead
Math,10,3,BUG,NO BUG,False,"VERDICT: NO BUG REASON: The provided lines contain only imports, documentation, and field declarations, with no executable logic that could introduce a functional bug."
Math,11,2,BUG,BUG,True,"VERDICT: BUG REASON: The density normalizing constant uses `FastMath.pow(2 * FastMath.PI, -dim / 2)`, where `dim / 2` is integer division, producing an incorrect exponent for odd dimensions (e.g., `dim = 1` gives `0` instead of `-0.5`)."
Math,11,3,BUG,BUG,True,"VERDICT: BUG REASON: The dimension-validation loop uses `i <= dim`, so it attempts to access `covariances[dim]`, which is out of bounds (valid row indices are `0` through `dim - 1`), causing an `ArrayIndexOutOfBoundsException`."
Math,11,4,BUG,BUG,True,"VERDICT: BUG REASON: The validation loop uses `i <= dim` instead of `i < dim`, causing an `ArrayIndexOutOfBoundsException` when accessing `covariances[i]` at `i == dim`."
Cli,18,5,BUG,BUG,True,"VERDICT: BUG REASON: A single ""-"" argument is silently dropped because the token-startsWith(""-"") branch only handles lengths 2 and greater and lacks a case for the documented ""-"" token."
Math,12,4,BUG,BUG,True,"VERDICT: BUG REASON: The `nextBytes` method uses `iEnd = bytes.length + 3`, so the loop writes beyond the end of the array; it should be `bytes.length - 3`."
Math,13,3,BUG,BUG,True,"VERDICT: BUG REASON: In `computeWeightedJacobian`, the loop `for (int i = 0; i <= nC; ++i)` iterates one past the end of `dsPoint`/`params`, causing an `ArrayIndexOutOfBoundsException`; it should be `i < nC`."
Math,13,4,BUG,BUG,True,"VERDICT: BUG REASON: The loop in `computeWeightedJacobian` uses `i <= nC` where `nC` is `params.length`, so at `i == nC` it accesses `dsPoint[nC]` and `params[nC]`, causing an `ArrayIndexOutOfBoundsException`; it should be `i < nC`."
Cli,34,3,BUG,BUG,True,"VERDICT: BUG REASON: The loop condition should stop at `numberOfArgs - 1` values, not `numberOfArgs + 1`, otherwise an option with a finite arg count can exceed its limit when parsing separated values."
Math,14,3,BUG,BUG,True,"VERDICT: BUG REASON: In `computeSigma`, the loop condition `i <= nC` should be `i < nC`, as it otherwise accesses `cov[nC]` out of bounds when computing standard deviations."
Math,14,4,BUG,BUG,True,"VERDICT: BUG REASON: In `computeSigma`, the loop condition `i <= nC` causes an array index out-of-bounds at `i == nC`; it should be `i < nC`."
Math,17,5,BUG,NO BUG,False,"VERDICT: NO BUG REASON: The provided snippet only contains valid class/constant declarations and imports, with no logic in which a bug can be identified."
Math,2,3,BUG,BUG,True,"VERDICT: BUG REASON: `getLowerDomain` computes `max(0, m + n - k)` instead of the correct `max(0, m + k - n)`, producing an invalid lower support bound for many hypergeometric parameters."
Math,2,4,BUG,BUG,True,"VERDICT: BUG REASON: `getLowerDomain` computes `FastMath.max(0, m + (n - k))` but the correct lower support bound is `max(0, m + k - n)`, so the domain and probabilities are wrong."
Math,3,2,BUG,BUG,True,"VERDICT: BUG REASON: For input arrays of length 0 or 1, the method tries to access `prodHigh[0]` or `prodHigh[1]` without an early return, causing an `ArrayIndexOutOfBoundsException` instead of returning 0 or `a[0]*b[0]`."
Math,3,3,BUG,BUG,True,"VERDICT: BUG REASON: The `scale` method loops `i <= arr.length`, causing an `ArrayIndexOutOfBoundsException` when `i` equals the array length."
Math,3,4,BUG,BUG,True,"VERDICT: BUG REASON: The `scale` method loops with `i <= arr.length` instead of `i < arr.length`, causing an `ArrayIndexOutOfBoundsException` when accessing `newArr[i]` on the final iteration."
Math,5,3,BUG,BUG,True,"VERDICT: BUG REASON: The `nthRoot` loop uses `k <= n`, producing `n + 1` roots and duplicating the first root at `k = n` instead of returning exactly `n` roots for `k = 0` to `n - 1`."
Math,5,4,BUG,BUG,True,"VERDICT: BUG REASON: The loop condition `k <= n` iterates n+1 times, adding an extra duplicate root instead of exactly n roots."
Math,7,3,BUG,BUG,True,"VERDICT: BUG REASON: At line 418, `dt` is computed as `abs(equations.getTime() + t)` instead of `abs(equations.getTime() - t)`, so the integration span check is incorrect."
Math,7,4,BUG,BUG,True,"VERDICT: BUG REASON: In `sanityChecks`, the integration interval length is incorrectly computed as `|equations.getTime() + t|` rather than `|equations.getTime() - t|`, which can wrongly reject valid intervals such as `[-10, 10]`."
Math,8,3,BUG,BUG,True,"VERDICT: BUG REASON: The constructor loop iterates one too many times (`i <= samples.size()` instead of `i < samples.size()`), causing an `IndexOutOfBoundsException` on the last iteration."
Math,8,4,BUG,BUG,True,"VERDICT: BUG REASON: The constructor loop uses `i <= samples.size()` instead of `i < samples.size()`, causing an `IndexOutOfBoundsException` when `samples.get(i)` is called on the last iteration."
Math,9,3,BUG,BUG,True,"VERDICT: BUG REASON: `isSimilarTo` checks `angle > (FastMath.PI + 1.0e-10)` to detect opposite directions, but `Vector3D.angle` never exceeds π, so lines with opposite directions are not recognized as similar; it should compare against `FastMath.PI - 1.0e-10`."
Math,9,4,BUG,BUG,True,"VERDICT: BUG REASON: In `isSimilarTo`, the condition `angle > (FastMath.PI + 1.0e-10)` is impossible for an angle in [0, π], so lines with opposite directions are never recognized as similar."
Mockito,1,3,BUG,BUG,True,"VERDICT: BUG REASON: In `hasSameMethod`, the loop condition `i <= params1.length` is off by one and accesses `params1[i]` out of bounds, causing an `ArrayIndexOutOfBoundsException`; it should be `i < params1.length`."
Mockito,1,4,BUG,BUG,True,"VERDICT: BUG REASON: `hasSameMethod` loops with `i <= params1.length`, causing an `ArrayIndexOutOfBoundsException` when it accesses `params1[i]` at the final iteration instead of using `i < params1.length`."
Mockito,11,2,BUG,BUG,True,"VERDICT: BUG REASON: The equals method calls method.equals(o), which returns false when o is a DelegatingMethod, contradicting the documented contract that DelegatingMethods wrapping equal Methods should be equal."
Mockito,11,5,BUG,BUG,True,"VERDICT: BUG REASON: The `equals` method only calls `delegate.equals(o)` without checking for a `DelegatingMethod` argument, so two `DelegatingMethod` instances wrapping equal `Method`s are incorrectly considered unequal."
Mockito,12,2,BUG,BUG,True,"VERDICT: BUG REASON: The method blindly casts the first actual type argument to `Class`, but it may be a `TypeVariable`, `WildcardType`, `ParameterizedType`, or `GenericArrayType`, causing a `ClassCastException`."
Mockito,12,3,BUG,BUG,True,"VERDICT: BUG REASON: The condition should be `if (generic instanceof ParameterizedType)`, since the current `generic != null || generic instanceof ParameterizedType` lets non-parameterized non-null types through, causing an invalid cast to `ParameterizedType` and a `ClassCastException`."
Mockito,12,4,BUG,BUG,True,"VERDICT: BUG REASON: The condition uses `||` instead of `&&`, so a non-null generic type that is not a `ParameterizedType` will be incorrectly cast and throw `ClassCastException`."
Mockito,12,5,BUG,BUG,True,"VERDICT: BUG REASON: The code casts `firstArg` to `Class` without checking that it is a `Class`, causing `ClassCastException` for type arguments such as type variables, wildcards, or nested parameterized types instead of returning `Object.class`."
Mockito,13,2,BUG,BUG,True,"VERDICT: BUG REASON: When a verification is pending but the current invocation is on a different mock, the verification mode is pulled/consumed and never re-added, so the intended verification on the correct mock is lost."
Mockito,13,5,BUG,BUG,True,"VERDICT: BUG REASON: The `VerificationMode` is pulled from `progress` but if the invocation is on a different mock the mode is not re-added, so the pending verification can be lost."
Cli,5,1,NO BUG,BUG,False,"VERDICT: BUG REASON: `stripLeadingAndTrailingQuotes` dereferences `str` without a null check, causing a `NullPointerException` if called with `null`."
Cli,5,5,BUG,NO BUG,False,VERDICT: NO BUG REASON: The helper methods correctly strip leading hyphens and leading/trailing double quotes from non-null input strings without indexing errors.
Mockito,16,3,BUG,BUG,True,"VERDICT: BUG REASON: In `assertMocksNotEmpty`, the condition `mocks == null && mocks.length == 0` uses `&&` instead of `||`, so it fails to detect null or empty mock arrays and can throw a `NullPointerException` on null input."
Mockito,16,4,BUG,BUG,True,"VERDICT: BUG REASON: The condition in `assertMocksNotEmpty` uses `&&` instead of `||`, so a null array causes an NPE and an empty array is not reported."
Mockito,18,3,BUG,BUG,True,"VERDICT: BUG REASON: Line 67 uses `-` instead of `+` to concatenate strings, so the code will not compile because `String` cannot be subtracted."
Mockito,18,4,BUG,BUG,True,"VERDICT: BUG REASON: The toString branch uses `""Mock for "" - mockUtil...`, which is invalid Java (String subtraction) and should use concatenation with `+`."
Cli,8,5,BUG,NO BUG,False,"VERDICT: NO BUG REASON: The provided excerpt contains only imports, constants, and field declarations, with no executable logic that could be defective."
Mockito,2,3,BUG,BUG,True,"VERDICT: BUG REASON: `isCounting()` incorrectly uses `System.currentTimeMillis() + startTime` rather than `System.currentTimeMillis() - startTime`, so it never checks elapsed time against the duration and will always return false for normal durations."
Mockito,2,4,BUG,BUG,True,"VERDICT: BUG REASON: `isCounting()` uses `System.currentTimeMillis() + startTime` instead of `System.currentTimeMillis() - startTime`, so the elapsed time is never compared correctly and the timer will not count down as intended."
Mockito,20,3,BUG,BUG,True,"VERDICT: BUG REASON: The `describeClass(Class type)` method uses the subtraction operator (`-`) instead of string concatenation (`+`), causing a compilation error."
Mockito,20,4,BUG,BUG,True,"VERDICT: BUG REASON: The `describeClass` method uses `'-'` instead of `'+'` for string concatenation, which is invalid Java and prevents the code from compiling."
Cli,32,4,BUG,BUG,True,"VERDICT: BUG REASON: `printUsage` computes `argPos` as `indexOf(' ') - 1` instead of `indexOf(' ') + 1`, causing wrapped usage lines to be indented incorrectly."
Mockito,22,3,BUG,BUG,True,"VERDICT: BUG REASON: The loop in `areArrayElementsEqual` uses `i <= Array.getLength(o1)` instead of `i < Array.getLength(o1)`, causing an `ArrayIndexOutOfBoundsException` when comparing arrays."
Mockito,22,4,BUG,BUG,True,"VERDICT: BUG REASON: The loop in areArrayElementsEqual uses `i <= Array.getLength(o1)`, causing an ArrayIndexOutOfBoundsException on the final iteration; it should be `i < Array.getLength(o1)`."
Mockito,22,5,BUG,NO BUG,False,"VERDICT: NO BUG REASON: The code correctly handles nulls and compares arrays recursively after confirming both are arrays and their lengths match, so there is no bug."
Mockito,24,2,BUG,BUG,True,"VERDICT: BUG REASON: The compareTo branch returns 1 unconditionally, so comparing a mock to itself violates both the documented behavior (“zero if references are the same”) and the Comparable contract."
Mockito,24,3,BUG,BUG,True,"VERDICT: BUG REASON: Line 68 uses a minus sign (`-`) between a String literal and a String expression, which is invalid Java and should be a plus sign (`+`), preventing the code from compiling."
Mockito,24,4,BUG,BUG,True,"VERDICT: BUG REASON: Line 68 uses a minus sign (`-`) between a string literal and method call, which is invalid Java and should be a plus sign for string concatenation."
Cli,34,3,BUG,BUG,True,"VERDICT: BUG REASON: The break check in `processValue` uses `numberOfArgs + 1` instead of `numberOfArgs - 1`, so values with extra separators are split too far and `add` throws instead of treating the remaining characters as the final value."
Mockito,26,2,BUG,BUG,True,"VERDICT: BUG REASON: `primitiveValues.put(double.class, 0)` stores an `Integer` instead of a `Double`, so `primitiveValueOrNullFor(double.class)` will throw `ClassCastException` when the value is cast to `Double`."
Mockito,26,5,BUG,BUG,True,"VERDICT: BUG REASON: The `primitiveValues` map stores `double.class` with the integer literal `0` instead of `0D`, so `primitiveValueOrNullFor(double.class)` returns an `Integer` rather than a `Double` and can cause a `ClassCastException` when used as a double default value."
Mockito,29,2,BUG,BUG,True,"VERDICT: BUG REASON: `describeTo` calls `wanted.toString()` without a null check, so describing a `Same` matcher for `null` throws a NullPointerException instead of printing `same(null)`."
Mockito,29,5,BUG,BUG,True,"VERDICT: BUG REASON: `describeTo()` calls `expected.toString()` without a null check, so a `Same(null)` matcher throws a `NullPointerException` when described."
Mockito,3,3,BUG,BUG,True,"VERDICT: BUG REASON: The loop in `hasSameMethod` uses `i <= params1.length` instead of `i < params1.length`, causing an `ArrayIndexOutOfBoundsException` when comparing parameters."
Mockito,3,4,BUG,BUG,True,"VERDICT: BUG REASON: In `hasSameMethod`, the loop condition `i <= params1.length` is off by one and will throw `ArrayIndexOutOfBoundsException` for any method with parameters, including zero-parameter methods."
Mockito,30,3,BUG,BUG,True,"VERDICT: BUG REASON: Line 324 uses `-` between a `Location` object and a string instead of string concatenation `+`, which is invalid Java and should be `lastActualInvocation + ""\n""`."
Mockito,30,4,BUG,BUG,True,"VERDICT: BUG REASON: Line 324 uses `lastActualInvocation - ""\n""` instead of string concatenation with `+`, which is invalid Java and will not compile."
Mockito,31,3,BUG,BUG,True,"VERDICT: BUG REASON: The toString branch uses the subtraction operator between a String and the formatted method call (`""SmartNull returned by unstubbed "" - formatMethodCall()`), which is a compile-time error and should use string concatenation (`+`)."
Mockito,31,4,BUG,BUG,True,"VERDICT: BUG REASON: The code contains a compile error because it uses the `-` operator to concatenate strings in `""SmartNull returned by unstubbed "" - formatMethodCall()`, where `+` is required."
Mockito,32,2,BUG,BUG,True,"VERDICT: BUG REASON: In `assertNoAnnotations`, the second annotation name in the unsupported-combination error is obtained via `annotation.getClass().getSimpleName()`, which always yields ""Class"" instead of the undesired annotation's simple name, so invalid `@Spy` combinations are reported with the wrong annotation."
Mockito,33,3,BUG,BUG,True,"VERDICT: BUG REASON: The `hasSameMethod` method has an off-by-one loop condition (`i <= params1.length`) that indexes past the parameter array, causing an `ArrayIndexOutOfBoundsException` instead of comparing all parameters."
Mockito,37,3,BUG,BUG,True,"VERDICT: BUG REASON: `validateReturnValue` incorrectly uses `||` where `&&` is needed, causing it to reject valid `thenReturn(null)` on reference-returning methods and any non-null return value on primitive-returning methods."
Mockito,4,3,BUG,BUG,True,"VERDICT: BUG REASON: In `possibleArgumentTypesOf`, the loop condition `i <= parameterTypesLength` indexes `parameterTypes[i]` when `i == parameterTypesLength`, causing an `ArrayIndexOutOfBoundsException`; it should be `i < parameterTypesLength`."
Mockito,4,4,BUG,BUG,True,"VERDICT: BUG REASON: In `possibleArgumentTypesOf`, the loop condition `i <= parameterTypesLength` causes an `ArrayIndexOutOfBoundsException` for methods with parameters, and `exceptionCauseMessageIfAvailable` also dereferences a possibly-null `details.getCause()`."
Mockito,6,2,BUG,NO BUG,False,"VERDICT: NO BUG REASON: The shown matcher methods correctly register `Any.ANY` and return the appropriate default primitive values, with no observable defect in"
Mockito,7,3,BUG,BUG,True,VERDICT: BUG REASON: The for-loop condition `i <= actualTypeArguments.length` is off by one and will cause an array index out of bounds when accessing `typeParameters[i]` and `actualTypeArguments[i]` on the last iteration.
Mockito,7,4,BUG,BUG,True,"VERDICT: BUG REASON: The loop uses `i <= actualTypeArguments.length` instead of `i < actualTypeArguments.length`, causing an `ArrayIndexOutOfBoundsException` when processing parameterized types."
Mockito,8,3,BUG,BUG,True,"VERDICT: BUG REASON: The loop in `registerTypeVariablesOn` uses `i <= actualTypeArguments.length`, so it accesses past the array bounds on the final iteration and should use `i < actualTypeArguments.length`."
Mockito,8,4,BUG,BUG,True,"VERDICT: BUG REASON: The loop in `registerTypeVariablesOn` uses `i <= actualTypeArguments.length`, causing an `ArrayIndexOutOfBoundsException` when `i` equals the array length."
Mockito,9,2,BUG,NO BUG,False,"VERDICT: NO BUG REASON: The implementation simply delegates to `invocation.callRealMethod()` and correctly declares `throws Throwable`, so there is no bug."
Mockito,9,5,BUG,NO BUG,False,"VERDICT: NO BUG REASON: The implementation correctly delegates the invocation to the real method via `invocation.callRealMethod()`, matching the intended partial mocking behavior."
Cli,40,5,BUG,BUG,True,"VERDICT: BUG REASON: The `createValue` method returns `null` when `clazz` is not one of the recognized `PatternOptionBuilder` types, instead of throwing a `ParseException` as documented by its contract."
Time,1,3,BUG,BUG,True,"VERDICT: BUG REASON: The toString() method uses '-' instead of '+' to concatenate the string literal with getName(), which is invalid Java and would cause a compile-time error."
Time,1,4,BUG,BUG,True,"VERDICT: BUG REASON: The `toString()` method uses `-` instead of `+` for string concatenation, which is invalid Java and causes a compile error."
Time,10,3,BUG,BUG,True,"VERDICT: BUG REASON: The loop condition in `between(ReadablePartial, ReadablePartial, ReadablePeriod)` should be `i < isize` instead of `i <= isize`, otherwise it will access `start.getFieldType(i)` when `i == isize` and throw an `IndexOutOfBoundsException`."
Time,10,4,BUG,BUG,True,"VERDICT: BUG REASON: In the `between(ReadablePartial, ReadablePartial, ReadablePeriod)` loop, the condition `i <= isize` should be `i < isize`, otherwise it accesses `start.getFieldType(isize)` and throws an index-out-of-bounds exception."
Time,11,5,BUG,BUG,True,"VERDICT: BUG REASON: The static initializer only sets the ThreadLocal on the class-loading thread, so other threads get `null` from `ThreadLocal.get()` and the auto-unboxing in `verbose()` throws a `NullPointerException`."
Time,12,3,BUG,BUG,True,"VERDICT: BUG REASON: The for loop in `withPeriodAdded` uses `i <= period.size()` instead of `i < period.size()`, causing an out-of-bounds access when it tries to read the field at index `period.size()`."
Time,12,4,BUG,BUG,True,"VERDICT: BUG REASON: In `withPeriodAdded`, the loop condition `i <= period.size()` iterates one past the valid field indices, causing an `IndexOutOfBoundsException` when adding any non-empty period; it should be `i < period.size()`."
Time,13,3,BUG,BUG,True,"VERDICT: BUG REASON: The scan loop uses `pos <= sourceLength` and then calls `periodStr.charAt(pos)`, which throws `StringIndexOutOfBoundsException` when the affix is not found at the end of the string; the bound should be `pos < sourceLength`."
Time,13,4,BUG,BUG,True,"VERDICT: BUG REASON: The `scan` loop iterates `pos <= sourceLength` and then calls `periodStr.charAt(pos)`, causing a `StringIndexOutOfBoundsException` when `pos` equals `periodStr.length()`."
Time,15,3,BUG,BUG,True,"VERDICT: BUG REASON: In `safeAdd(int,int)`, the result is computed as `val1 - val2` instead of `val1 + val2`, so it returns the wrong value for addition and can mis-detect overflow."
Time,15,4,BUG,BUG,True,"VERDICT: BUG REASON: safeAdd(int) computes `val1 - val2` instead of `val1 + val2`, so it returns the wrong result for normal additions, such as 1 + 2 returning -1."
Cli,8,5,BUG,NO BUG,False,"VERDICT: NO BUG REASON: The visible code only contains standard constants and deprecated public field declarations matching Apache Commons CLI defaults, with no executable logic to contain a bug."
Time,18,3,BUG,BUG,True,"VERDICT: BUG REASON: The loop at line 691 uses `i <= isize`, so it attempts to access `partial.getFieldType(i)` one past the end of the partial's fields, causing an `IndexOutOfBoundsException`; it should use `i < isize`."
Time,18,4,BUG,BUG,True,"VERDICT: BUG REASON: The loop at line 679 iterates with `i <= partial.size()` instead of `i < partial.size()`, causing an out-of-bounds access to `partial.getFieldType(i)` and `values[i]`."
Cli,9,5,BUG,BUG,True,"VERDICT: BUG REASON: `requiredOpts` is assigned the live list returned by `Options.getRequiredOptions()` instead of a defensive copy, so consuming required options during parsing mutates the caller's `Options` and corrupts subsequent parses."
Time,2,3,BUG,BUG,True,"VERDICT: BUG REASON: Line 268 uses `-` instead of `+` in the string concatenation, causing a compile error in `toString()`."
Time,2,4,BUG,BUG,True,"VERDICT: BUG REASON: Line 265 uses `-` instead of `+` to concatenate the field name, which is invalid for Strings and causes a compile error."
Time,20,3,BUG,BUG,True,"VERDICT: BUG REASON: For arrays with length > 1, the loop condition iterates through every element and the subsequent `copyOfParsers[i] = parsers[i]` accesses index `length`, causing an `ArrayIndexOutOfBoundsException` instead of allowing the last parser to be null."
Time,20,4,BUG,BUG,True,"VERDICT: BUG REASON: When `parsers.length > 1`, the loop copies every element and then accesses `copyOfParsers[length]`, causing an `ArrayIndexOutOfBoundsException` instead of allowing the last parser to be null."
Time,22,3,BUG,BUG,True,"VERDICT: BUG REASON: The loop in the ReadablePartial constructor uses `i <= isize` instead of `i < isize`, so it attempts to access field type at index `isize` and throws an IndexOutOfBoundsException for non-BaseLocal partials."
Time,22,4,BUG,BUG,True,"VERDICT: BUG REASON: The loop in the ReadablePartial constructor uses `i <= isize` instead of `i < isize`, causing an out-of-bounds access on the last iteration."
Time,24,3,BUG,BUG,True,"VERDICT: BUG REASON: The loop at line 352 uses `i <= count`, which accesses one element beyond the saved fields (`savedFields[count]`, or `savedFields[0]` when count is 0), and should be `i < count`."
Time,24,4,BUG,BUG,True,"VERDICT: BUG REASON: The loop condition at line 352 is an off-by-one error: it should be `i < count`, but `i <= count` accesses `savedFields[count]`, one past the saved fields."
Closure,11,2,BUG,NO BUG,False,"VERDICT: NO BUG REASON: The provided excerpt only contains imports and static diagnostic declarations with no executable logic, so there is no bug visible in this portion of the code."
Closure,11,5,BUG,BUG,True,"VERDICT: BUG REASON: `OVERRIDING_PROTOTYPE_WITH_NON_OBJECT` is incorrectly declared as a `String` instead of a `DiagnosticType`, so it cannot be used to report the intended warning."
Time,27,3,BUG,BUG,True,"VERDICT: BUG REASON: In `SimpleAffix.scan`, the loop condition `pos <= sourceLength` allows the final iteration to call `periodStr.charAt(pos)` when `pos` equals the string length, causing a `StringIndexOutOfBoundsException` if the affix is not found earlier."
Time,27,4,BUG,BUG,True,"VERDICT: BUG REASON: SimpleAffix.scan() uses `pos <= sourceLength` and then calls `periodStr.charAt(pos)`, so if no affix match is found and the loop reaches the end it throws `StringIndexOutOfBoundsException`; the loop should use `pos < sourceLength`."
Time,3,3,BUG,BUG,True,"VERDICT: BUG REASON: The condition at line 436 incorrectly throws an exception whenever `field` is non-null, so `setRounding` can never enable rounding; it should validate only the mode."
Time,3,4,BUG,BUG,True,"VERDICT: BUG REASON: The `setRounding` method uses `||` in its validation condition, so any call with a non-null field always throws `IllegalArgumentException`, preventing rounding from ever being enabled; it should use `&&`."
Time,4,3,BUG,BUG,True,"VERDICT: BUG REASON: The null-check loop at line 207 uses `i <= types.length`, so when `i` equals `types.length` it accesses `types[i]` out of bounds, throwing an ArrayIndexOutOfBoundsException for any non-empty types array; it should be `i < types.length`."
Time,4,4,BUG,BUG,True,"VERDICT: BUG REASON: The null-check loop uses `i <= types.length` instead of `i < types.length`, causing an ArrayIndexOutOfBoundsException when it accesses `types[types.length]`."
Time,5,3,BUG,BUG,True,"VERDICT: BUG REASON: The `for` loop in `fieldDifference` uses `i <= isize` instead of `i < isize`, causing an `ArrayIndexOutOfBoundsException` when accessing `start.getFieldType(i)`, `types[i]`, or `end.getValue(i)` on the final iteration."
Time,5,4,BUG,BUG,True,"VERDICT: BUG REASON: The loop at line 265 uses `i <= isize` instead of `i < isize`, causing an `ArrayIndexOutOfBoundsException` when `i` equals the partial's size."
Time,6,3,BUG,BUG,True,"VERDICT: BUG REASON: In `add(ReadablePartial, int, int[], int)`, the loop condition `i <= isize` runs one iteration too many and should be `i < isize`, causing an out-of-bounds access."
Time,6,4,BUG,BUG,True,"VERDICT: BUG REASON: The loop in `add(ReadablePartial, int, int[], int)` uses `i <= isize`, causing it to access `partial.getFieldType(partial.size())` one past the valid range and throw an `IndexOutOfBoundsException`; it should use `i < isize`."
Chart,14,1,NO BUG,NO BUG,True,VERDICT: NO BUG REASON: The shown removeDomainMarker and addRangeMarker methods correctly delegate to their intended implementations and fire change events only when a marker is actually removed.
Jsoup,2,2,BUG,BUG,True,"VERDICT: BUG REASON: The processing-instruction flag is inverted: `<?...?>` sets `procInstr` to false and `<!...>` sets it to true, when it should be true only when `firstChar` is `?`."
Chart,12,2,BUG,BUG,True,"VERDICT: BUG REASON: The constructor assigns the dataset directly without calling `dataset.addChangeListener(this)`, so a dataset passed to the constructor never triggers plot change events (unlike `setDataset()`, which does register the listener)."
Chart,9,2,BUG,BUG,True,"VERDICT: BUG REASON: When the requested range contains no data items but start is not after the last item and end is not before the first, `startIndex` can exceed `endIndex` while `emptyRange` remains false, causing `createCopy(startIndex, endIndex)` to be called with invalid bounds instead of returning an empty series."
Cli,10,3,BUG,BUG,True,"VERDICT: BUG REASON: The condition on line 200 incorrectly uses `||` instead of `&&`, so known options are treated as non-options when `stopAtNonOption` is true and unrecognized options are silently accepted when it is false."
Cli,19,1,NO BUG,BUG,False,"VERDICT: BUG REASON: The inner `if (currentOption.hasArg())` duplicates the outer condition, making the `else if (currentOption.hasArgs())` branch unreachable and causing options with multiple argument values to be handled incorrectly."
Cli,19,2,BUG,BUG,True,"VERDICT: BUG REASON: The inner `if (currentOption.hasArg())` duplicates the outer condition, making the `else if (currentOption.hasArgs())` branch unreachable and causing multi-argument options to be mishandled."
Cli,22,2,BUG,BUG,True,"VERDICT: BUG REASON: The `currentOption` field declaration is missing even though the comment indicates it and later methods use it, which would cause a compilation error."
Cli,34,1,NO BUG,NO BUG,True,"VERDICT: NO BUG REASON: The shown constructors correctly delegate, validate the short option, and set `numberOfArgs` to 1 only when `hasArg` is true, matching the expected behavior."
Cli,39,2,BUG,BUG,True,"VERDICT: BUG REASON: The `EXISTING_FILE_VALUE` branch calls `createFile(str)` instead of `openFile(str)`, so it never verifies that the file actually exists as that option type requires."
Cli,39,5,BUG,BUG,True,"VERDICT: BUG REASON: The `EXISTING_FILE_VALUE` branch incorrectly calls `createFile(str)` and returns a `File`, whereas that type represents an existing/open file (e.g., `FileInputStream`) and should use `openFile(str)` instead."
Cli,4,1,NO BUG,BUG,False,"VERDICT: BUG REASON: The `break;` on line 275 exits the entire properties loop when a flag property is false-like, so later properties are ignored; it should be `continue;` to skip only that option."
Closure,2,2,BUG,BUG,True,"VERDICT: BUG REASON: The code calls `implicitProto.getOwnPropertyNames()` without the null check described by the comment, so an interface proxying a non-existent object can cause a NullPointerException."
Closure,24,1,NO BUG,BUG,False,"VERDICT: BUG REASON: The `getSourceRegion` loop condition is wrong (`next != null || testNode.isScript()`), so since `next` starts as `null` it normally never walks up the AST and leaves the end position at `Integer.MAX_VALUE` instead of the intended following node."
Closure,24,2,BUG,BUG,True,"VERDICT: BUG REASON: The loop condition in `getSourceRegion` is incorrect—it should continue while `next == null && !testNode.isScript()`, but as written it fails to climb ancestors for normal nodes and can produce invalid source positions or a NullPointerException."
Collections,10,2,BUG,BUG,True,"VERDICT: BUG REASON: The class is serializable but the `serialVersionUID` field is missing after the ""Serialization version"" comment, so an implicit UID will be generated, breaking serialization compatibility."
Collections,11,2,BUG,BUG,True,VERDICT: BUG REASON: The `readResolve` method described
Collections,14,2,BUG,BUG,True,"VERDICT: BUG REASON: `convertKey` uses locale-sensitive `String.toLowerCase()`, so case-insensitive key matching breaks under locales such as Turkish where `""I""` and `""i""` lowercase differently; it should use a fixed locale like `Locale.ENGLISH`."
Collections,15,1,NO BUG,BUG,False,"VERDICT: BUG REASON: In `set(int, Object)` the backing set removal happens after adding the new object, so when the new object equals the replaced object it is immediately removed from the uniqueness set, corrupting duplicate tracking."
Collections,15,2,BUG,BUG,True,"VERDICT: BUG REASON: In `set(int, Object)`, when the new object is not already present (`pos == -1`), the method returns without adding it to the internal `set` or removing the replaced element, corrupting the uniqueness tracking."
Collections,16,1,NO BUG,BUG,False,"VERDICT: BUG REASON: In `set(int, Object)`, `set.add(object)` is called before `set.remove(removed)`, so replacing an element with an equal object removes it from the backing set and breaks the list/set consistency."
Collections,17,2,BUG,BUG,True,"VERDICT: BUG REASON: The one-argument constructor contradicts its comment by using `DefaultEquator` instead of `null`, breaking backward-compatible `equals`-only behavior and making identity-equal objects compare true."
Collections,17,5,BUG,BUG,True,"VERDICT: BUG REASON: The one-arg constructor contradicts its comment by installing a `DefaultEquator` instead of leaving `cmpEquator` null, and `evaluate` lacks the null-equator fallback, changing equality/null behavior and causing an NPE for `equalPredicate(obj, null)`."
Collections,19,2,BUG,BUG,True,"VERDICT: BUG REASON: In `set`, calling `set.add(object)` before `set.remove(removed)` removes the element from the internal deduplication set when `object` equals `removed`, leaving the set inconsistent with the list."
Compress,26,2,BUG,BUG,True,"VERDICT: BUG REASON: The `skip` method breaks and returns early when `InputStream.skip()` returns 0, failing to fall back to `read()` as its Javadoc promises and potentially reporting fewer skipped bytes before EOF."
Compress,26,5,BUG,BUG,True,"VERDICT: BUG REASON: The skip() method stops when stream.skip() returns 0 instead of falling back to read() as its Javadoc states, so it can under-skip even when more data is available."
Compress,45,2,BUG,BUG,True,"VERDICT: BUG REASON: In `formatLongOctalOrBinaryBytes`, the `if (length < 9)` branch lacks an `else` or `return`, so `formatBigIntegerBinary` is always called afterward and can incorrectly throw for values that `formatLongBinary` handles."
Csv,1,1,NO BUG,BUG,False,"VERDICT: BUG REASON: In `read(char[], int, int)`, the CR/LF check uses `i > 0` instead of `i > offset`, so with a nonzero offset a leading `\n` is compared against an unrelated buffer element instead of `lastChar`, causing incorrect line counting."
