project,bug_id,tier,expected,verdict,correct,response
Chart,10,2,BUG,BUG,True,"VERDICT: BUG REASON: The generateToolTipFragment method inserts the raw tooltip text into the HTML title attribute without escaping special characters, which can break the markup or enable HTML injection."
Chart,10,3,BUG,BUG,True,"VERDICT: BUG REASON: The return statement incorrectly uses the `-` operator between strings instead of `+`, causing a compilation error."
Chart,10,4,BUG,BUG,True,"VERDICT: BUG   REASON: The return statement incorrectly uses the subtraction operator (`-`) between string literals and `toolTipText`, causing a compilation error instead of concatenating the strings."
Chart,11,2,BUG,NO BUG,False,VERDICT
Chart,12,4,BUG,BUG,True,"VERDICT: BUG   REASON: The loop uses `for (int pieIndex = 0; pieIndex <= pieCount; pieIndex++)`, causing an off‑by‑one error that attempts to access the dataset with an index equal to `pieCount`, which is out of bounds."
Chart,14,3,BUG,BUG,True,"VERDICT: BUG   REASON: The for‑loop in setDomainAxes iterates with `i <= axes.length`, causing an out‑of‑bounds access to the `axes` array."
Chart,14,4,BUG,BUG,True,"VERDICT: BUG   REASON: The loop in `setDomainAxes` iterates with `i <= axes.length`, which attempts to access `axes[axes.length]` and exceeds the array (and domainAxes) bounds, leading to an ArrayIndexOutOfBoundsException."
Chart,14,5,BUG,NO BUG,False,"VERDICT: NO BUG REASON: The displayed portion of CategoryPlot.java only contains imports, package declaration, and class header/comments, with no logic that could exhibit a bug."
Chart,15,1,NO BUG,BUG,False,"VERDICT: BUG   REASON: The `getMaximumExplodePercent` method accesses `this.explodePercentages` without checking for null, which can cause a NullPointerException when no explode percentages have been set."
Chart,15,5,BUG,NO BUG,False,"VERDICT: NO BUG   REASON: The provided excerpt only defines constants, imports, and class declaration with no evident logical errors or incorrect implementations."
Chart,16,3,BUG,BUG,True,"VERDICT: BUG   REASON: The loop in `getSeriesIndex` uses `i <= this.seriesKeys.length`, which attempts to access `this.seriesKeys[seriesKeys.length]` and throws an `ArrayIndexOutOfBoundsException`."
Chart,17,3,BUG,BUG,True,"VERDICT: BUG   REASON: The `getTimePeriods()` method loops with `i <= getItemCount()` which iterates one past the valid index range, causing an `IndexOutOfBoundsException`."
Chart,17,4,BUG,BUG,True,"VERDICT: BUG   REASON: The `getTimePeriods` method iterates with `i <= getItemCount()`, which accesses an index equal to the item count and triggers an out‑of‑bounds exception."
Chart,2,3,BUG,BUG,True,"VERDICT: BUG   REASON: The loop in `createPieDatasetForRow` iterates with `<= columnCount`, causing an out‑of‑bounds access to `dataset.getColumnKey(current)` when `current` equals `columnCount`."
Chart,2,4,BUG,BUG,True,"VERDICT: BUG   REASON: In `createPieDatasetForRow`, the loop uses `for (int current = 0; current <= columnCount; current++)`, which iterates one step beyond the last valid column index (the valid range is `0` to `columnCount‑1`), causing an out‑of‑bounds access."
Chart,1,5,BUG,NO BUG,False,"VERDICT: NO BUG REASON: The provided snippet contains only comments, package, and import statements with no executable logic that could contain a bug."
Chart,12,3,BUG,BUG,True,"VERDICT: BUG   REASON: The loop uses `for (int pieIndex = 0; pieIndex <= pieCount; pieIndex++)`, which iterates one step too many and attempts to access `dataset.getRowKey(pieIndex)` or `getColumnKey(pieIndex)` with an index equal to `pieCount`, causing an `IndexOutOfBoundsException`."
Chart,1,2,BUG,BUG,True,"VERDICT: BUG   REASON: The condition `if (dataset != null) { return result; }` incorrectly aborts when a dataset is present, causing a NullPointerException on the subsequent `dataset.getRowCount()` call and preventing legend items from being generated."
Chart,1,3,BUG,BUG,True,"VERDICT: BUG   REASON: The for‑loop in `createState` iterates with `row <= this.rowCount` instead of `< this.rowCount`, causing an off‑by‑one error that can trigger an ArrayIndexOutOfBoundsException when accessing series visibility."
Chart,1,4,BUG,BUG,True,"VERDICT: BUG   REASON: The loop in createState uses `for (int row = 0; row <= this.rowCount; row++)`, iterating one index beyond the valid series range and can cause an ArrayIndexOutOfBoundsException (e.g., when rowCount is zero)."
Chart,10,1,NO BUG,NO BUG,True,VERDICT: NO BUG   REASON: The method correctly escapes the tooltip text using `ImageMapUtilities.htmlEscape` and returns a properly formatted HTML fragment for the title attribute.
Chart,10,5,BUG,BUG,True,"VERDICT: BUG REASON: The method inserts the raw tipText directly into an HTML attribute without escaping characters such as quotes, ampersands, or `<`/`>`, which can produce malformed markup or XSS vulnerabilities."
Chart,11,1,NO BUG,BUG,False,"VERDICT: BUG   REASON: The `equal(Polygon, Polygon)` method compares the whole `xpoints` and `ypoints` arrays instead of only the first `npoints` elements, so polygons with identical points but different internal array capacities are incorrectly reported as unequal."
Chart,11,3,BUG,BUG,True,"VERDICT: BUG   REASON: The vertical‑line special case is mis‑detected by checking `(x2 + x1) != 0.0` instead of `(x2 - x1) != 0.0`, causing incorrect geometry (and inconsistent width handling) for truly vertical lines."
Chart,11,4,BUG,BUG,True,"VERDICT: BUG   REASON: The condition for detecting vertical lines incorrectly uses `(x2 + x1) != 0.0` instead of checking the difference, misclassifying lines (e.g., vertical lines not on the y‑axis and lines where x₁ = –x₂) and producing an incorrect region."
Chart,11,5,BUG,BUG,True,"VERDICT: BUG   REASON: The `equal(Polygon, Polygon)` implementation uses `Arrays.equals` on the full `xpoints` and `ypoints` arrays instead of comparing only the first `npoints` entries, so polygons with identical vertices but different internal array capacity are reported as unequal."
Chart,12,1,NO BUG,NO BUG,True,"VERDICT: NO BUG   REASON: The presented code correctly handles null datasets, listener registration, and chart initialization without any evident logical or runtime errors."
Chart,12,2,BUG,BUG,True,"VERDICT: BUG REASON: The constructor calls `this.pieChart.setBackgroundPaint(null)`, but `JFreeChart#setBackgroundPaint` disallows a null argument and throws an IllegalArgumentException, leading to a failure during object construction."
Chart,13,3,BUG,BUG,True,"VERDICT: BUG   REASON: The width is computed as `w[2] - w[4] + w[3]` (subtracting the center block’s width) instead of summing the left, center, and right widths, causing incorrect or negative layout dimensions."
Chart,13,4,BUG,BUG,True,"VERDICT: BUG   REASON: The width calculation uses `w[2] - w[4] + w[3]` instead of the correct sum `w[2] + w[4] + w[3]`, which can produce a width that is too small (or negative) for the center block."
Chart,14,1,NO BUG,BUG,False,"VERDICT: BUG   REASON: The `removeDomainMarker` methods lack validation for the `layer` argument, so passing a null layer will cause a NullPointerException despite the documentation stating that null is not permitted."
Chart,14,2,BUG,BUG,True,"VERDICT: BUG   REASON: The method dereferences `markers` without checking for null, so calling `removeDomainMarker` for an index/layer with no existing marker list will throw a NullPointerException."
Chart,15,2,BUG,BUG,True,"VERDICT: BUG   REASON: `getMaximumExplodePercent` calls `this.explodePercentages.get(key)` without first checking if `explodePercentages` is null, causing a NullPointerException when no explode percentages have been set."
Chart,16,2,BUG,BUG,True,"VERDICT: BUG   REASON: `setCategoryKeys` directly uses `this.startData[0].length` without verifying that `startData` is non‑null and contains at least one series, leading to a possible NullPointerException or ArrayIndexOutOfBoundsException when the dataset has no data."
Chart,16,4,BUG,BUG,True,"VERDICT: BUG   REASON: The for‑loop in getSeriesIndex uses `i <= this.seriesKeys.length`, which accesses the array out of bounds when `i` equals the length, leading to an ArrayIndexOutOfBoundsException."
Chart,16,5,BUG,NO BUG,False,"VERDICT: NO BUG   REASON: The constructors properly delegate to the primary constructor (which contains the empty‑dataset handling fix) and rely on DataUtilities to enforce non‑null inputs, so no evident defect exists."
Chart,17,1,NO BUG,BUG,False,"VERDICT: BUG   REASON: The `delete(int start, int end)` method (and the analogous `createCopy(int start, int end)`) fails to validate that the start and end indices lie within the bounds of the series, so out‑of‑range arguments can cause an `IndexOutOfBoundsException`, violating the documented contract."
Chart,17,2,BUG,BUG,True,"VERDICT: BUG   REASON: clone() unconditionally calls createCopy(0, getItemCount()‑1), so for an empty series end = ‑1 < start = 0, triggering an IllegalArgumentException and preventing cloning of empty TimeSeries objects."
Chart,17,5,BUG,NO BUG,False,VERDICT: NO BUG   REASON: The snippet only contains field declarations and constants without any operational logic that could introduce an error.
Chart,18,1,NO BUG,BUG,False,"VERDICT: BUG   REASON: insertValue does not adjust the insertion index after removing an existing key, so moving a key to a later position (e.g., to the end) can cause an IndexOutOfBoundsException or place the key at the wrong final index."
Chart,18,2,BUG,BUG,True,"VERDICT: BUG   REASON: insertValue removes an existing key before re‑inserting it but fails to adjust the target position when the new position is after the original index, causing an out‑of‑bounds add (e.g., moving a key to the end of the list)."
Chart,18,3,BUG,BUG,True,"VERDICT: BUG   REASON: The `rebuildIndex` method iterates with `i <= this.keys.size()` and calls `this.keys.get(i)`, causing an out‑of‑bounds access on the last (or first when empty) iteration."
Chart,18,4,BUG,BUG,True,VERDICT: BUG   REASON: The `rebuildIndex()` method uses `i <= this.keys.size()` causing an out‑of‑bounds access to `keys.get(size)` (and consequently corrupting the index map).
Chart,2,2,BUG,NO BUG,False,"VERDICT: NO BUG   REASON: The code correctly validates inputs, iterates over all series/items, handles NaN and interval cases appropriately, and returns a proper Range (or null) without logical errors."
Chart,2,5,BUG,BUG,True,"VERDICT: BUG   REASON: The overload `createPieDatasetForRow(CategoryDataset dataset, Comparable rowKey)` does not check whether `rowKey` is present, so `dataset.getRowIndex(rowKey)` may return –1 and the subsequent call to `dataset.getValue(row, col)` will cause an out‑of‑bounds error."
Chart,21,1,NO BUG,BUG,False,"VERDICT: BUG   REASON: The cached minimum/maximum range values are updated only with outlier values (or left as NaN), so when a BoxAndWhiskerItem has no outliers the dataset’s range bounds become NaN or incorrect."
Chart,21,2,BUG,BUG,True,"VERDICT: BUG   REASON: The range bounds are derived solely from `item.getMinOutlier()` and `item.getMaxOutlier()`, ignoring the regular whisker values, so when a box has no outliers the minimum/maximum remain NaN and the dataset’s range is calculated incorrectly."
Chart,21,3,BUG,BUG,True,"VERDICT: BUG   REASON: The updateBounds() method iterates rows with `for (int r = 0; r <= rowCount; r++)` instead of `< rowCount`, causing an off‑by‑one error that can trigger an IndexOutOfBoundsException when accessing the dataset."
Chart,21,4,BUG,BUG,True,"VERDICT: BUG   REASON: The `add` method derives the dataset’s min/max only from outlier values, so when a box‑and‑whisker item has no outliers the cached `minimumRangeValue` and `maximumRangeValue` remain NaN and `rangeBounds` is built with NaN bounds, causing an invalid range."
Chart,22,2,BUG,NO BUG,False,"VERDICT: NO BUG   REASON: The methods correctly validate keys, manage the internal lists, and retrieve/store values; the only inefficiency is a redundant, unreachable `else` clause in `getObject`, which does not cause incorrect behavior."
Chart,22,3,BUG,BUG,True,"VERDICT: BUG   REASON: In `removeObject`, the loop that checks whether a row is empty uses `item <= itemCount`, causing an out‑of‑bounds access when it attempts to read `row.getObject(itemCount)`."
Chart,22,4,BUG,BUG,True,"VERDICT: BUG   REASON: In `removeObject`, the loop uses `item <= itemCount` instead of `< itemCount`, causing an out‑of‑bounds access to the row's items."
Chart,24,2,BUG,BUG,True,"VERDICT: BUG   REASON: The `getPaint` method clamps the input to the bounds in variable `v` but then incorrectly uses the original `value` to compute the gray level, potentially generating RGB components outside the 0‑255 range and causing an exception."
Chart,24,3,BUG,BUG,True,"VERDICT: BUG   REASON: The gray value is calculated with `(v + lowerBound)` instead of `(v - lowerBound)`, which can produce out‑of‑range RGB components for non‑zero lower bounds and cause a `Color` construction error."
Chart,24,4,BUG,BUG,True,"VERDICT: BUG   REASON: The `getPaint` method clamps the input to `v` but then computes the gray level using the original `value` with an incorrect formula `(value + lowerBound) / (upperBound - lowerBound)`, leading to wrong color values and out‑of‑range results."
Chart,24,5,BUG,NO BUG,False,"VERDICT: NO BUG   REASON: The class validates its range, safely clamps input values, correctly computes a gray intensity within 0‑255 and returns a proper Color object, so the implementation does not contain a logical error."
Chart,25,2,BUG,BUG,True,"VERDICT: BUG   REASON: The code dereferences `meanValue` and the standard deviation without checking for null, so a `NullPointerException` will occur for missing data entries."
Chart,25,4,BUG,BUG,True,"VERDICT: BUG   REASON: The method `drawHorizontalItem` calls `meanValue.doubleValue()` without first checking whether `dataset.getMeanValue(row, column)` returned `null`, which can cause a NullPointerException for missing data."
Chart,26,3,BUG,BUG,True,"VERDICT: BUG   REASON: The `notifyListeners` loop starts at `listeners.length + 2` and accesses `listeners[i]`, which will exceed the array bounds and cause an `ArrayIndexOutOfBoundsException`."
Chart,26,4,BUG,BUG,True,"VERDICT: BUG   REASON: The `notifyListeners` loop starts at `listeners.length + 2` instead of `listeners.length - 2`, leading to an out‑of‑bounds array access when iterating through the listener list."
Chart,26,5,BUG,NO BUG,False,"VERDICT: NO BUG   REASON: The shown portion of Axis.java correctly declares serialization UID, constants, imports, and instance fields without any evident mistakes or inconsistent initializations."
Chart,3,2,BUG,BUG,True,"VERDICT: BUG   REASON: The `delete(int start, int end, boolean notify)` method fails to validate that `start` is non‑negative and that `end` is within the bounds of the data list, so calling it with out‑of‑range indices can cause an `IndexOutOfBoundsException`."
Chart,3,3,BUG,BUG,True,"VERDICT: BUG   REASON: The `getTimePeriods()` method loops with `i <= getItemCount()`, causing an out‑of‑bounds access when `i` equals the item count."
Chart,3,4,BUG,BUG,True,"VERDICT: BUG   REASON: The loop in `getTimePeriods()` uses `i <= getItemCount()` instead of `<`, causing an out-of-bounds access when retrieving the last (non‑existent) item."
Chart,4,2,BUG,BUG,True,"VERDICT: BUG   REASON: After handling possible null renderers for dataset bounds, the code still calls `r.getAnnotations()` without a null check, which can cause a NullPointerException when `r` is null."
Chart,4,3,BUG,BUG,True,"VERDICT: BUG   REASON: The `setDomainAxes` method iterates with `i <= axes.length`, which accesses `axes[axes.length]` and exceeds the array bounds, causing an `ArrayIndexOutOfBoundsException`."
Chart,4,4,BUG,BUG,True,"VERDICT: BUG   REASON: The `for` loop in `setDomainAxes` iterates with `i <= axes.length`, which attempts to access `axes[axes.length]` and triggers an `ArrayIndexOutOfBoundsException`."
Chart,4,5,BUG,NO BUG,False,"VERDICT: NO BUG   REASON: The provided snippet only contains package declaration, imports, and the class header without any operational logic, so no defect can be identified in the shown code."
Chart,5,2,BUG,BUG,True,"VERDICT: BUG   REASON: `update(Number x, Number y)` fails to validate that `x` is non‑null (as documented), so a null `x` leads to a NullPointerException (e.g., via `Collections.binarySearch`) instead of the expected IllegalArgumentException."
Chart,5,3,BUG,BUG,True,"VERDICT: BUG REASON: The `delete(int start, int end)` method loops with `i < end`, remov­ing only (end‑start) items and never deletes the element at index `end` (or any when start = end), causing an off‑by‑one error."
Chart,5,4,BUG,BUG,True,"VERDICT: BUG   REASON: The remove(Number x) method calls remove(indexOf(x)) without verifying that indexOf(x) found a matching item, so a non‑existent x‑value yields an index of ‑1 and triggers an IndexOutOfBoundsException."
Chart,6,1,NO BUG,BUG,False,"VERDICT: BUG   REASON: The class overrides equals to perform value‑based comparison of its Shape elements but its hashCode implementation just returns super.hashCode(), violating the equals‑hashCode contract (and also fails to check list sizes, risking IndexOutOfBoundsException)."
Chart,6,3,BUG,BUG,True,"VERDICT: BUG REASON: The `equals` method iterates with `i <= size()` (off‑by‑one) and never checks that the two lists have equal sizes, leading to potential `IndexOutOfBoundsException` when accessing the last element or when the other list is shorter."
Chart,6,5,BUG,NO BUG,False,"VERDICT: NO BUG   REASON: The class correctly delegates all functionality to its superclass, and its equals, getShape, setShape, clone, and hashCode implementations follow standard patterns without any logical errors."
Chart,7,1,NO BUG,NO BUG,True,"VERDICT: NO BUG   REASON: The code properly validates the input, adds the item, computes start/middle/end times, updates all min/max index caches with correct comparisons, and fires a change event, showing no logical errors in this fragment."
Chart,7,2,BUG,BUG,True,"VERDICT: BUG   REASON: In `updateBounds`, the `maxMiddleIndex` case mistakenly calls `getDataItem(this.minMiddleIndex)` instead of `this.maxMiddleIndex`, so the maximum‑middle comparison uses the wrong period and yields incorrect bounds."
Chart,7,3,BUG,BUG,True,"VERDICT: BUG   REASON: The `recalculateBounds` method iterates with `i <= this.data.size()`, causing an out‑of‑bounds access when it tries to read `this.data.get(this.data.size())`."
Chart,7,4,BUG,BUG,True,"VERDICT: BUG   REASON: In `recalculateBounds()` the loop iterates with `i <= this.data.size()`, causing `this.data.get(i)` to be called with an out‑of‑range index (size) and throw an `IndexOutOfBoundsException`."
Chart,8,1,NO BUG,BUG,False,"VERDICT: BUG   REASON: The week-range check uses `&&` instead of `||`, so the condition never triggers and invalid week numbers (e.g., 0 or 54) are not rejected."
Chart,8,2,BUG,BUG,True,"VERDICT: BUG   REASON: The week range check uses `&&` instead of `||`, so the condition never triggers and invalid week numbers are not rejected."
Chart,8,3,BUG,BUG,True,"VERDICT: BUG   REASON: For dates in December where `Calendar.WEEK_OF_YEAR` is 1, the constructor incorrectly sets `this.year` to the previous year (`-1`) instead of the following year (`+1`), misassigning the week’s year."
Chart,8,4,BUG,BUG,True,"VERDICT: BUG   REASON: The deprecated `Week(Date time, TimeZone zone)` constructor ignores the supplied `zone` argument and always uses the default time zone, violating its documented contract."
Chart,9,3,BUG,BUG,True,"VERDICT: BUG   REASON: The `getTimePeriods()` method iterates with `i <= getItemCount()`, causing an out‑of‑bounds access when `i` equals the item count."
Chart,9,4,BUG,BUG,True,"VERDICT: BUG   REASON: The loop in `getTimePeriods()` uses `i <= getItemCount()`, causing an out‑of‑bounds access when `i` equals the item count."
Chart,1,1,NO BUG,NO BUG,True,"VERDICT: NO BUG   REASON: The methods correctly handle cloning, axis retrieval, legend item collection, and entity addition without logical or type errors."
Chart,23,1,NO BUG,BUG,False,"VERDICT: BUG   REASON: The equals() method calls groupStroke.equals(that.groupStroke) directly, which throws a NullPointerException if either groupStroke is null, violating the contract for a safe equality check."
Chart,23,3,BUG,BUG,True,"VERDICT: BUG   REASON: The drawItem method assumes that calls for the same column occur consecutively across rows, but JFreeChart invokes drawItem in row‑major order, causing the min/max values to be reset incorrectly and resulting in only the last category’s min/max line being drawn."
Chart,23,4,BUG,BUG,True,"VERDICT: BUG REASON: The min/max tracking uses `if (this.lastCategory == column)` which never becomes true with the standard series‑first, column‑inner drawItem iteration order, so the min and max values are reset each series and the min/max line and icons are never drawn correctly."
Chart,24,1,NO BUG,BUG,False,"VERDICT: BUG   REASON: The class overrides equals without also overriding hashCode, violating the equals/hashCode contract."
Chart,16,1,NO BUG,BUG,False,"VERDICT: BUG REASON: The `setSeriesKeys` method checks for a null array and length mismatch but neglects to verify that the individual series key elements are non‑null, unlike `setCategoryKeys`, allowing null series keys that can cause errors later."
Chart,2,1,NO BUG,NO BUG,True,"VERDICT: NO BUG   REASON: The methods correctly handle null checks, interval versus non‑interval datasets, NaN values, and empty datasets, computing the minimum and maximum X values and returning null only when no valid values are found."
Chart,25,3,BUG,BUG,True,"VERDICT: BUG   REASON: In the multiple‑series case the vertical position is calculated with `rectY = rectY - row * (state.getBarWidth() + seriesGap);` which subtracts the offset instead of adding it, causing bars to be drawn at incorrect Y‑coordinates."
Chart,3,5,BUG,BUG,True,"VERDICT: BUG   REASON: The fields `minY` and `maxY` are declared without initialization, so they default to 0.0 instead of `Double.NaN` as required to represent an empty series, leading to incorrect min/max calculations."
Chart,4,1,NO BUG,BUG,False,"VERDICT: BUG   REASON: The method overwrites the `isDomainAxis` flag in the separate range‑axis check, so if the same axis appears in both domain and range lists it incorrectly treats all mapped datasets as range data and computes the wrong bounds."
Chart,5,1,NO BUG,BUG,False,"VERDICT: BUG   REASON: The `update(Number x, Number y)` method fails to validate that `x` is non‑null, so passing a null x leads to an exception (e.g., from `XYDataItem` construction or binary search) instead of the documented IllegalArgumentException."
Chart,6,4,BUG,BUG,True,"VERDICT: BUG REASON: The writeObject method loops with `i <= count`, causing an extra iteration that accesses an invalid index and throws an IndexOutOfBoundsException."
Lang,1,3,BUG,BUG,True,"VERDICT: BUG   REASON: The loop that strips leading zeros for hex numbers uses `i <= str.length()` and calls `str.charAt(i)`, which can access index `str.length()` and throws a StringIndexOutOfBoundsException for inputs like `""0x0""` or `""-0x0""`."
Lang,1,4,BUG,BUG,True,"VERDICT: BUG   REASON: The `min(long[] array)` method iterates with `i <= array.length`, causing an out‑of‑bounds access when `i` equals `array.length`."
Lang,1,5,BUG,NO BUG,False,VERDICT: NO BUG   REASON: The shown constants are correctly defined and the `toInt` overloads follow the documented behavior without logical errors.
Lang,10,3,BUG,BUG,True,"VERDICT: BUG REASON: The loop in `parse(String source, ParsePosition pos)` uses `i <= strategies.length`, which causes an out‑of‑bounds access to the `strategies` array (and a corresponding matcher group) on the final iteration."
Lang,10,4,BUG,BUG,True,"VERDICT: BUG   REASON: The loop `for(int i=0; i<=strategies.length;)` uses `<=`, causing an extra iteration that attempts to access `strategies[strategies.length]` and throws an `ArrayIndexOutOfBoundsException`."
Lang,11,3,BUG,BUG,True,"VERDICT: BUG   REASON: The default end bound is set to `'z' - 1` instead of `'z' + 1`, causing an off‑by‑one error that omits the characters ‘y’ and ‘z’ from the generated string range."
Lang,13,1,NO BUG,BUG,False,"VERDICT: BUG   REASON: The static `primitiveTypes` map is populated inside the constructor, leading to unsynchronized concurrent modifications of a shared mutable `HashMap` and potential thread‑safety corruption."
Lang,13,2,BUG,BUG,True,"VERDICT: BUG   REASON: When `new ObjectInputStream(inputStream)` throws an exception, the method never closes the supplied `InputStream`, violating the documented “stream closed in the finally” contract and causing a resource leak."
Lang,14,2,BUG,BUG,True,"VERDICT: BUG   REASON: The `equals(CharSequence, CharSequence)` method returns `cs1.equals(cs2)`, which only checks reference equality for most `CharSequence` implementations (e.g., `StringBuilder`), so it incorrectly reports unequal content for non‑String CharSequences."
Lang,14,3,BUG,BUG,True,"VERDICT: BUG   REASON: The loop in `isBlank` uses `i <= strLen`, causing an out-of-bounds access at `cs.charAt(strLen)` for any non‑empty input."
Lang,14,4,BUG,BUG,True,"VERDICT: BUG   REASON: The loop in `isBlank` uses `i <= strLen`, causing an out‑of‑bounds `charAt(strLen)` call for non‑empty CharSequences."
Lang,14,5,BUG,NO BUG,False,VERDICT: NO BUG   REASON: All presented methods correctly handle null and empty inputs and implement their intended functionality without logical errors.
Lang,15,3,BUG,BUG,True,"VERDICT: BUG   REASON: The cast `((TypeVariable<=?>) type)` is syntactically invalid Java (should be `((TypeVariable<?>) type)`), causing a compilation error."
Lang,15,4,BUG,BUG,True,VERDICT: BUG   REASON: The cast of a TypeVariable is malformed (`((TypeVariable<=?>) type)`) which is invalid Java syntax and will cause a compilation error.
Lang,16,2,BUG,BUG,True,"VERDICT: BUG   REASON: The hexadecimal prefix check only matches `""0x""` and `""-0x""` while the Javadoc specifies support for both lower‑ and upper‑case, causing strings like `""0XFF""` or `""-0X1A""` to be misparsed."
Lang,16,3,BUG,BUG,True,"VERDICT: BUG REASON: The `min(long[] array)` method uses `for (int i = 1; i <= array.length; i++)`, which accesses `array[array.length]` and throws an `ArrayIndexOutOfBoundsException`."
Lang,16,4,BUG,BUG,True,"VERDICT: BUG   REASON: The `min(long[] array)` method uses `for (int i = 1; i <= array.length; i++)`, which accesses `array[array.length]` and throws an `ArrayIndexOutOfBoundsException`."
Lang,16,5,BUG,NO BUG,False,"VERDICT: NO BUG   REASON: The provided constants and `toInt` overloads correctly implement the documented behavior, handling null inputs and parsing errors without logical errors."
Lang,17,2,BUG,BUG,True,"VERDICT: BUG   REASON: The loop uses code‑point counts for `len` and `pos` but then calls `Character.codePointAt` and `Character.charCount` with those code‑point indices, mixing code‑point and char offsets and breaking handling of surrogate pairs."
Lang,17,3,BUG,BUG,True,"VERDICT: BUG   REASON: The loop `for (int pt = 0; pt <= consumed; pt++)` advances `pos` one step too many (should be `< consumed`), causing an off‑by‑one error that skips characters after a successful translation."
Lang,17,4,BUG,BUG,True,"VERDICT: BUG   REASON: The logic that advances `pos` after a translation consumes characters incorrectly (using an inclusive loop plus a decrement/increment), resulting in an off‑by‑one error and mishandling of surrogate‑pair code points, causing characters to be skipped."
Lang,17,5,BUG,BUG,True,VERDICT: BUG   REASON: The iteration mixes code‑point indices with character offsets—using `Character.codePointCount` for the loop limit but advancing the cursor by `Character.charCount` based on `codePointAt`—which causes surrogate pairs not at the end of the input to be mishandled (skipping code points or overrunning).
Lang,19,2,BUG,BUG,True,"VERDICT: BUG   REASON: The loop `while(input.charAt(end) != ';') { end++; }` can run past the end of the input when no terminating semicolon is present, causing an `IndexOutOfBoundsException` and contradicting the comment that the semicolon is optional."
Lang,19,3,BUG,BUG,True,"VERDICT: BUG   REASON: The entity start check uses `input.charAt(index - 1) == '#'` instead of `input.charAt(index + 1) == '#'`, leading to wrong detection and possible `StringIndexOutOfBoundsException`."
Lang,19,4,BUG,BUG,True,"VERDICT: BUG REASON: The method checks `input.charAt(index - 1) == '#'` instead of the next character, which can cause an IndexOutOfBoundsException at the start of the input and also fails to handle numeric entities without a terminating ';'."
Lang,19,5,BUG,BUG,True,"VERDICT: BUG   REASON: The code fails to bound‑check when scanning for the terminating ';' and when verifying there are characters after “&#”, leading to possible IndexOutOfBoundsExceptions for incomplete or non‑semicolon‑terminated numeric entities."
Lang,20,1,NO BUG,NO BUG,True,"VERDICT: NO BUG   REASON: The join methods correctly handle null arrays, empty strings, separators, and index bounds without logical errors."
Lang,20,2,BUG,NO BUG,False,"VERDICT: NO BUG   REASON: The join methods correctly handle null and empty inputs, compute capacities safely, and produce the expected concatenated strings without logical errors."
Lang,20,3,BUG,BUG,True,"VERDICT: BUG   REASON: The `isBlank` method’s loop uses `i <= strLen`, causing an out‑of‑bounds `charAt(strLen)` call for any non‑empty CharSequence."
Lang,20,4,BUG,BUG,True,"VERDICT: BUG   REASON: The `isBlank` method iterates with `i <= strLen`, causing an out‑of‑bounds `charAt(strLen)` call for any non‑empty CharSequence."
Lang,20,5,BUG,NO BUG,False,"VERDICT: NO BUG   REASON: The visible methods (isEmpty, isNotEmpty, isBlank) correctly handle null and whitespace checks without logical errors, and no functional defect is present in the shown code."
Lang,21,1,NO BUG,NO BUG,True,"VERDICT: NO BUG   REASON: The methods correctly validate inputs and compare dates/calendars by their millisecond values or field values, so the implementation functions as intended."
Lang,21,2,BUG,BUG,True,"VERDICT: BUG REASON: isSameLocalTime compares only Calendar.HOUR (12‑hour clock) and omits the AM_PM field (or HOUR_OF_DAY), so times 12 hours apart (e.g., 3 AM vs 3 PM) are incorrectly reported as the same local time."
Lang,21,3,BUG,BUG,True,VERDICT: BUG   REASON: The loop uses `i <= parsePatterns.length` causing an out‑of‑bounds access to `parsePatterns[i]` when `i` equals the array length.
Lang,21,4,BUG,BUG,True,"VERDICT: BUG   REASON: The loop uses `for (int i = 0; i <= parsePatterns.length; i++)`, causing an out‑of‑bounds access to `parsePatterns[i]` when `i` equals the array length."
Lang,21,5,BUG,NO BUG,False,"VERDICT: NO BUG   REASON: The class constants and the `fields` array are correctly defined and syntactically valid, with no logical errors evident in the shown portion of the code."
Lang,22,3,BUG,BUG,True,"VERDICT: BUG   REASON: In `getFraction(int whole, int numerator, int denominator)`, the negative‑whole case incorrectly adds the numerator (`whole * denominator + numerator`) instead of subtracting it, yielding an incorrect fraction for mixed numbers with a negative whole part."
Lang,22,4,BUG,BUG,True,"VERDICT: BUG   REASON: In `getFraction(int whole, int numerator, int denominator)`, the code adds the numerator to `whole * denominator` for both positive and negative `whole` values, failing to subtract the numerator when `whole` is negative and thus yielding incorrect fractions for negative mixed numbers."
Lang,23,2,BUG,NO BUG,False,"VERDICT: NO BUG   REASON: The presented constructors, fields, and constants are correctly implemented and do not exhibit any logical or syntactic errors."
Lang,23,3,BUG,BUG,True,"VERDICT: BUG   REASON: The for‑loop declaration uses an invalid generic type syntax (`Iterator<=Format>`) which should be `Iterator<Format>`, leading to a compilation error."
Lang,23,4,BUG,BUG,True,"VERDICT: BUG   REASON: The for‑loop declares `Iterator<=Format>` instead of a valid `Iterator<Format>`, which is a syntax error that prevents the code from compiling."
Lang,24,3,BUG,BUG,True,"VERDICT: BUG   REASON: In `min(long[] array)`, the loop uses `i <= array.length` which accesses `array[array.length]` and throws an `ArrayIndexOutOfBoundsException`."
Lang,24,4,BUG,BUG,True,"VERDICT: BUG REASON: The `min(long[] array)` method iterates with `i <= array.length`, which accesses `array[array.length]` and causes an `ArrayIndexOutOfBoundsException`."
Lang,26,2,BUG,NO BUG,False,"VERDICT: NO BUG   REASON: The code correctly selects appropriate number padding rules, handles different input types for formatting, and applies a known fix for forced time zones without any evident logical errors."
Lang,26,5,BUG,BUG,True,"VERDICT: BUG   REASON: The class uses static plain HashMap caches (instanceCacheMap, dateInstanceCacheMap, etc.) without proper synchronization, which can cause race conditions and data corruption in the supposedly thread‑safe FastDateFormat."
Lang,27,3,BUG,BUG,True,"VERDICT: BUG REASON: The `min(long[])` method loops with `i <= array.length`, causing an out‑of‑bounds access when `i` equals `array.length`."
Lang,27,4,BUG,BUG,True,"VERDICT: BUG   REASON: The `min(long[] array)` method iterates with `i <= array.length`, causing an out‑of‑bounds access on the last iteration."
Lang,28,1,NO BUG,BUG,False,"VERDICT: BUG   REASON: The method accesses `input.charAt(index+1)`, `input.charAt(start)`, and iterates until ';' without checking input length, which can cause `IndexOutOfBoundsException` when the entity is incomplete or at the end of the string."
Lang,28,2,BUG,BUG,True,"VERDICT: BUG   REASON: The method scans forward without checking the input length (e.g., `input.charAt(index+1)` and the while loop looking for ‘;’), which can cause an `ArrayIndexOutOfBoundsException` and also writes the entity value directly with `Writer.write(int)`, losing surrogate pairs for code points above 0xFFFF."
Lang,28,3,BUG,BUG,True,"VERDICT: BUG   REASON: The method accesses `input.charAt(index‑1)` and other positions without bounds checking (and checks the wrong preceding character), which can cause `IndexOutOfBoundsException` and incorrect detection of numeric entities."
Lang,28,4,BUG,BUG,True,"VERDICT: BUG   REASON: The code incorrectly accesses `input.charAt(index - 1)` and checks for “&#” in reverse order, causing potential `StringIndexOutOfBoundsException` and misidentifying numeric entities."
Lang,28,5,BUG,BUG,True,"VERDICT: BUG   REASON: The method accesses characters (e.g., `seq.charAt(pos+1)`, `seq.charAt(cursor)`, and in the while loop) without any length checks, so it can throw `IndexOutOfBoundsException` for malformed or short input."
Lang,29,2,BUG,BUG,True,"VERDICT: BUG   REASON: `toJavaVersionInt` is declared to return a `float` despite its name and Javadoc indicating it should return an `int`, leading to a type mismatch."
Lang,29,3,BUG,BUG,True,VERDICT: BUG REASON: The loop in `getJavaVersionTrimmed()` uses `i <= JAVA_VERSION.length()` causing an out‑of‑bounds access to `charAt(i)` when `i` equals the string length.
Lang,29,4,BUG,BUG,True,"VERDICT: BUG   REASON: The `for` loop in `getJavaVersionTrimmed()` uses `i <= JAVA_VERSION.length()`, causing a `StringIndexOutOfBoundsException` when `JAVA_VERSION` is empty or contains no digits."
Lang,3,1,NO BUG,BUG,False,"VERDICT: BUG   REASON: The double‑suffix branch incorrectly tests `d.floatValue() == 0.0D` instead of `d.doubleValue() == 0.0D`, causing valid double literals that underflow only when cast to float (e.g., very small numbers) to be rejected and fall back to BigDecimal."
Lang,3,2,BUG,BUG,True,"VERDICT: BUG   REASON: In the double-suffix handling the code incorrectly checks `d.floatValue() == 0.0D` instead of `d.doubleValue() == 0.0D`, causing valid Double values (especially very small ones) to be discarded and a BigDecimal returned instead."
Lang,3,3,BUG,BUG,True,"VERDICT: BUG   REASON: In `min(long[] array)`, the loop uses `i <= array.length` instead of `i < array.length`, causing an out‑of‑bounds array access."
Lang,3,4,BUG,BUG,True,"VERDICT: BUG   REASON: In the `min(long[])` method the loop uses `i <= array.length` instead of `i < array.length`, which leads to an ArrayIndexOutOfBoundsException."
Lang,30,2,BUG,NO BUG,False,VERDICT: NO BUG   REASON: The implementations correctly handle null and empty inputs and perform the intended case‑insensitive containment and index‑of‑any checks without logical errors.
Lang,30,3,BUG,BUG,True,"VERDICT: BUG REASON: The `isBlank` method loops with `i <= strLen`, causing an out-of-bounds `charAt(strLen)` call on non‑empty CharSequences."
Lang,30,4,BUG,BUG,True,"VERDICT: BUG REASON: The `isBlank` method iterates with `i <= strLen`, causing `cs.charAt(strLen)` to be accessed and throw an IndexOutOfBoundsException."
Lang,30,5,BUG,NO BUG,False,"VERDICT: NO BUG   REASON: The shown methods correctly handle null, empty, and whitespace cases and contain no logical errors in their implementations."
Lang,31,2,BUG,NO BUG,False,VERDICT: NO BUG   REASON: The methods correctly handle null or empty inputs and implement the intended character search logic as documented.
Lang,31,3,BUG,BUG,True,"VERDICT: BUG REASON: The `isBlank` method loops with `i <= strLen`, causing a `StringIndexOutOfBoundsException` when it accesses `cs.charAt(strLen)`."
Lang,31,4,BUG,BUG,True,"VERDICT: BUG   REASON: The `isBlank` method iterates with `i <= strLen`, causing `cs.charAt(strLen)` to be accessed and throwing an `IndexOutOfBoundsException`."
Lang,31,5,BUG,BUG,True,"VERDICT: BUG   REASON: The class provides a public constructor, allowing instantiation despite the intended non‑instantiable utility design, which should be a private constructor."
Lang,32,3,BUG,BUG,True,"VERDICT: BUG   REASON: The `append(boolean[] array)` method uses `for (int i = 0; i <= array.length; i++)`, which overruns the array and throws an `ArrayIndexOutOfBoundsException`."
Lang,32,4,BUG,BUG,True,"VERDICT: BUG   REASON: In the `append(boolean[] array)` method the loop uses `i <= array.length`, which iterates one element past the array and causes an `ArrayIndexOutOfBoundsException`."
Lang,32,5,BUG,NO BUG,False,"VERDICT: NO BUG   REASON: The ThreadLocal CYCLE_REGISTRY is properly initialized with a per‑thread HashSet to track visited objects, and its usage (as shown) correctly avoids hashCode recursion without introducing errors."
Lang,33,2,BUG,BUG,True,"VERDICT: BUG   REASON: The `toClass(Object[] array)` method does not check for null elements and calls `getClass()` on them, violating its Javadoc which states nulls should be preserved, thus causing a NullPointerException."
Lang,33,3,BUG,BUG,True,"VERDICT: BUG   REASON: The for‑each loop at line 91 declares the iteration variable as `Class<=?>` which is invalid Java syntax (should be `Class<?>`), leading to a compilation error."
Lang,33,4,BUG,BUG,True,"VERDICT: BUG   REASON: The for‑each loop on line 91 uses an invalid generic type declaration (`Class<=?>`) instead of the correct `Class<?>`, leading to a compilation error."
Lang,33,5,BUG,NO BUG,False,"VERDICT: NO BUG   REASON: The static initialization correctly sets up primitive‑wrapper and abbreviation mappings without logical errors, and all operations on these maps are safe and consistent."
Lang,34,1,NO BUG,NO BUG,True,"VERDICT: NO BUG   REASON: The ThreadLocal WeakHashMap is lazily created, accessed with proper null checks and synchronization, so registration, lookup, and unregistration work correctly without risking NPEs or race conditions."
Lang,34,3,BUG,BUG,True,"VERDICT: BUG   REASON: In `removeLastFieldSeparator`, the loop uses `i <= sepLen` causing an out‑of‑bounds access to `fieldSeparator.charAt(-1)` when `sepLen > 0`."
Lang,34,4,BUG,BUG,True,"VERDICT: BUG   REASON: The `removeLastFieldSeparator` method’s loop uses `i <= sepLen`, causing an out‑of‑bounds access on the separator string (it should iterate `i < sepLen`)."
Lang,34,5,BUG,NO BUG,False,"VERDICT: NO BUG   REASON: The shown code only declares static final style instances and contains only harmless comment typos, with no functional errors or incorrect logic."
Lang,35,2,BUG,BUG,True,"VERDICT: BUG   REASON: The generic `add(T[] array, T element)` incorrectly uses `array.getClass()` (the array type) as the component type for `copyArrayGrow1`, leading to creation of a mismatched array (e.g., a two‑dimensional array) and resulting in an `ArrayStoreException` when the original array is non‑null."
Lang,35,3,BUG,BUG,True,"VERDICT: BUG   REASON: The loop uses `i <= array.length` instead of `i < array.length`, leading to an IndexOutOfBoundsException when `i` equals `array.length` (including the case of an empty array)."
Lang,35,4,BUG,BUG,True,"VERDICT: BUG   REASON: The for‑loop uses `i <= array.length`, which accesses `array[array.length]` and throws an `ArrayIndexOutOfBoundsException`."
Lang,35,5,BUG,BUG,True,"VERDICT: BUG   REASON: The `instanceof` check uses a parameterized type `Map.Entry<?, ?>`, which is not a reifiable type and thus illegal in Java, causing a compilation error."
Lang,36,2,BUG,BUG,True,"VERDICT: BUG   REASON: The code treats a trailing decimal point as a non‑digit suffix, causing valid numeric strings ending with '.' (e.g., ""123."") to be rejected with a NumberFormatException."
Lang,36,3,BUG,BUG,True,VERDICT: BUG   REASON: The `for` loop in `min(long[])` uses `i <= array.length` which accesses `array[array.length]` and throws an `ArrayIndexOutOfBoundsException`.
Lang,36,4,BUG,BUG,True,"VERDICT: BUG   REASON: The loop condition in `min(long[])` uses `i <= array.length`, which accesses `array[array.length]` and throws an `ArrayIndexOutOfBoundsException`; it should be `i < array.length`."
Lang,37,1,NO BUG,NO BUG,True,"VERDICT: NO BUG   REASON: The `isEmpty` checks and `addAll` overloads correctly handle null/empty inputs, create arrays of the appropriate type, and copy elements without logical errors."
Lang,37,2,BUG,BUG,True,"VERDICT: BUG   REASON: The generic `addAll(T[] array1, T... array2)` creates a new array using `array1`'s component type without verifying that `array2`'s elements are compatible, so a call with arrays of different but assignable component types (e.g., `Integer[]` and `Double[]` as `Number[]`) can cause an `ArrayStoreException` at runtime."
Lang,37,3,BUG,BUG,True,VERDICT: BUG   REASON: The loop in `toMap` uses `i <= array.length` causing an out‑of‑bounds access to `array[i]` when `i` equals `array.length`.
Lang,37,4,BUG,BUG,True,"VERDICT: BUG REASON: The `for` loop uses `i <= array.length`, which attempts to access `array[array.length]` and throws an `ArrayIndexOutOfBoundsException`."
Lang,37,5,BUG,NO BUG,False,"VERDICT: NO BUG   REASON: The empty array constants are correctly declared and instantiated with the proper types, showing no evident logical or implementation errors."
Lang,38,1,NO BUG,BUG,False,"VERDICT: BUG REASON: When formatting a Date, the code creates a GregorianCalendar with only the time zone, ignoring the formatter’s locale, which can produce incorrect locale‑sensitive values (e.g., week numbers or first‑day‑of‑week calculations)."
Lang,38,2,BUG,BUG,True,"VERDICT: BUG   REASON: `format(Date)` builds a `GregorianCalendar` using only the time zone (via `new GregorianCalendar(mTimeZone)`) and ignores the formatter’s locale, so locale‑dependent fields such as week‑of‑year are computed with the default locale instead of the intended one."
Lang,38,4,BUG,BUG,True,"VERDICT: BUG   REASON: The `for (int i = 0; i <= length; i++)` loop combined with `i = indexRef[0];` causes an off‑by‑one error that skips characters (and can hit `index == length`), leading to incorrect pattern parsing and potential `StringIndexOutOfBoundsException`."
Lang,38,5,BUG,NO BUG,False,"VERDICT: NO BUG   REASON: The excerpt correctly defines constants, static caches, and the fast integer‑to‑char conversion without any logical errors; any required synchronization for the caches is handled elsewhere in the class."
Lang,39,3,BUG,BUG,True,"VERDICT: BUG   REASON: The loop in `isBlank` uses `i <= strLen` instead of `i < strLen`, which causes an out‑of‑bounds access to `str.charAt(strLen)`."
Lang,39,4,BUG,BUG,True,"VERDICT: BUG   REASON: In `isBlank`, the loop uses `i <= strLen` causing an out‑of‑bounds `charAt(strLen)` call for any non‑empty CharSequence."
Lang,39,5,BUG,NO BUG,False,"VERDICT: NO BUG   REASON: All methods correctly handle null, empty, and whitespace cases and implement the intended logic without logical errors."
Lang,4,1,NO BUG,NO BUG,True,VERDICT: NO BUG   REASON: The translator correctly determines
Lang,4,2,BUG,BUG,True,"VERDICT: BUG   REASON: The constructor stores lookup keys as raw CharSequence objects instead of converting them to Strings, so lookups using input.subSequence (often a String) may fail for keys whose equals/hashCode are not content‑based."
Lang,4,3,BUG,BUG,True,"VERDICT: BUG   REASON: The code incorrectly sets max to input.length() + index instead of input.length() − index, which can cause subSequence to exceed the input bounds and throw an IndexOutOfBoundsException."
Lang,4,4,BUG,BUG,True,"VERDICT: BUG   REASON: The code incorrectly sets `max = input.length() + index` when the remaining characters are fewer than the longest key, which should be `input.length() - index`, leading to an out‑of‑bounds subSequence call."
Lang,4,5,BUG,BUG,True,"VERDICT: BUG   REASON: The implementation stores and looks up keys as raw CharSequence instead of converting them to String, so lookups fail when non‑String CharSequence instances are used, contradicting the intended behavior described in the comments."
Lang,40,1,NO BUG,NO BUG,True,"VERDICT: NO BUG   REASON: The methods correctly handle null and empty inputs, compute safe bounds, and use appropriate Java APIs (indexOf, regionMatches, and nested loops) without causing out‑of‑bounds or logical errors."
Lang,40,2,BUG,BUG,True,"VERDICT: BUG   REASON: `containsIgnoreCase` uses `toUpperCase()` with the default locale, which can produce locale‑dependent results (e.g., Turkish “i”/“I”) and therefore does not faithfully implement case‑insensitivity as defined by `String.equalsIgnoreCase`."
Lang,40,3,BUG,BUG,True,VERDICT: BUG REASON: The `isBlank` loop uses `i <= strLen` causing a `StringIndexOutOfBoundsException` when `i` equals `strLen`.
Lang,40,4,BUG,BUG,True,VERDICT: BUG   REASON: isBlank iterates with `i <= strLen` causing an out‑of‑bounds access on `str.charAt(i)` for non‑empty CharSequences.
Lang,40,5,BUG,BUG,True,"VERDICT: BUG REASON: The utility class provides a public constructor, allowing instantiation despite the comment stating it should not be constructed, which contradicts the intended design of a non‑instantiable utility class."
Lang,41,2,BUG,BUG,True,"VERDICT: BUG   REASON: The `getShortClassName(String)` method includes comments about handling array encoding but never strips the array and object‐type syntax, so it returns incorrect short names for array class names (e.g., ""[Ljava.lang.String;"" becomes ""String;"" instead of ""String"")."
Lang,41,3,BUG,BUG,True,"VERDICT: BUG   REASON: The for‑loop on line 91 incorrectly declares the iterator type as “Class<=?>”, which is invalid Java syntax and will cause a compilation error."
Lang,41,4,BUG,BUG,True,"VERDICT: BUG   REASON: The for‑loop on line 91 uses an illegal generic type declaration `Class<=?>`, which is a syntax error and prevents the class from compiling."
Lang,42,2,BUG,BUG,True,"VERDICT: BUG   REASON: The `escape` method iterates over `char` values and writes a numeric entity for each UTF‑16 code unit, so characters represented by surrogate pairs (code points > 0xFFFF) are escaped as two separate entities instead of a single correct entity."
Lang,42,3,BUG,BUG,True,"VERDICT: BUG   REASON: The `createLookupTable()` method loops with `i <= LOOKUP_TABLE_SIZE` while the `lookupTable` array is only `LOOKUP_TABLE_SIZE` long, causing an out‑of‑bounds access when `i` equals `LOOKUP_TABLE_SIZE`."
Lang,42,4,BUG,BUG,True,"VERDICT: BUG   REASON: The loop in `createLookupTable()` iterates with `i <= LOOKUP_TABLE_SIZE`, causing an out‑of‑bounds access when `i` equals 256 on a `lookupTable` array of size 256."
Lang,43,3,BUG,BUG,True,"VERDICT: BUG   REASON: In `readArgumentIndex` the loop condition uses `pos.getIndex() <= pattern.length()`, which can let `pos.getIndex()` equal the string length and cause `pattern.charAt(pos.getIndex())` to throw a `StringIndexOutOfBoundsException`."
Lang,43,4,BUG,BUG,True,"VERDICT: BUG   REASON: The `readArgumentIndex` loop incorrectly iterates while `pos.getIndex() <= pattern.length()`, allowing `pattern.charAt(pos.getIndex())` to be called with an index equal to the string length and causing a `StringIndexOutOfBoundsException`."
Lang,44,1,NO BUG,BUG,False,"VERDICT: BUG   REASON: The exponent position is computed as `val.indexOf('e') + val.indexOf('E') + 1`, which is incorrect (it should use the max of the two indices) and can cause wrong parsing or a StringIndexOutOfBoundsException for strings containing both ‘e’ and ‘E’."
Lang,44,2,BUG,BUG,True,"VERDICT: BUG   REASON: The exponent position is calculated as `val.indexOf('e') + val.indexOf('E') + 1`, which incorrectly determines the index (should use the max of the two indices) and can lead to wrong parsing or `IndexOutOfBoundsException`."
Lang,44,3,BUG,BUG,True,VERDICT: BUG   REASON: The `isDigits` method loops with `i <= str.length()` causing an out-of-bounds `charAt` call on the last iteration.
Lang,44,4,BUG,BUG,True,"VERDICT: BUG REASON: The loop in `isDigits` uses `i <= str.length()` causing `String.charAt(i)` to be called with an out‑of‑range index, leading to a `StringIndexOutOfBoundsException`."
Lang,44,5,BUG,BUG,True,"VERDICT: BUG   REASON: `stringToInt(String, int)` does not guard against a `null` input, so `Integer.parseInt(null)` throws a `NullPointerException` instead of returning the provided default value."
Lang,45,2,BUG,BUG,True,"VERDICT: BUG   REASON: The method never clamps `lower` to the string length, so if `lower` exceeds `str.length()` the computed `upper` can be larger than the string and `str.substring(0, upper)` throws an IndexOutOfBoundsException."
Lang,45,3,BUG,BUG,True,"VERDICT: BUG   REASON: The loop iterates with `i <= strLen`, so when `i` equals `strLen` it calls `str.charAt(strLen)`, causing an `IndexOutOfBoundsException`."
Lang,45,4,BUG,BUG,True,"VERDICT: BUG   REASON: The loop iterates with `i <= strLen` and calls `str.charAt(i)`, which throws a `StringIndexOutOfBoundsException` when `i` equals `strLen`."
Lang,45,5,BUG,NO BUG,False,"VERDICT: NO BUG   REASON: The shown excerpt only contains a harmless public constructor and commented‑out code, with no executable logic that could fail."
Lang,46,1,NO BUG,NO BUG,True,"VERDICT: NO BUG   REASON: The static escape methods correctly delegate to the underlying escapeJavaStyleString implementation, handling null inputs and writer validation as documented, with no logical errors evident in the shown code."
Lang,46,2,BUG,NO BUG,False,"VERDICT: NO BUG   REASON: The methods correctly delegate to the dedicated escape helper, honor the documented null handling, and meet the Javadoc contract without any apparent logic errors."
Lang,46,3,BUG,BUG,True,"VERDICT: BUG REASON: The for‑loop uses `i <= sz` causing `str.charAt(i)` to be called with `i == sz`, which exceeds the string bounds and throws an `IndexOutOfBoundsException`."
Lang,46,4,BUG,BUG,True,"VERDICT: BUG   REASON: The loop uses “i <= sz” instead of “i < sz”, causing a StringIndexOutOfBoundsException when accessing str.charAt(i) at the final iteration."
Lang,47,1,NO BUG,BUG,False,"VERDICT: BUG   REASON: In `appendFixedWidthPadRight` the builder's `size` is never increased after writing the padded text, so the newly appended characters are not accounted for and can be overwritten by later operations."
Lang,47,2,BUG,BUG,True,"VERDICT: BUG   REASON: appendFixedWidthPadLeft/Right use getNullText() without checking for null, so if the builder’s null text has been set to null a NullPointerException will be thrown."
Lang,47,3,BUG,BUG,True,"VERDICT: BUG   REASON: In `setLength`, the loop uses `<= newEnd`, causing it to write to `buffer[length]` (one index beyond the new length) and potentially throw an `ArrayIndexOutOfBoundsException`."
Lang,47,4,BUG,BUG,True,"VERDICT: BUG   REASON: In setLength the loop uses `i <= newEnd` and writes a '\0' to buffer[length], which is off‑by‑one and can cause an ArrayIndexOutOfBoundsException when the new length equals the buffer capacity."
Lang,47,5,BUG,BUG,True,"VERDICT: BUG   REASON: The class defines a `serialVersionUID` for serialization but does not implement the `java.io.Serializable` interface, contradicting the comment and breaking intended serialization support."
Lang,49,3,BUG,BUG,True,"VERDICT: BUG REASON: The getFraction(int whole, int numerator, int denominator) method adds the fraction part even when whole is negative, resulting in incorrect values for negative mixed numbers (e.g., -1 2/3 becomes -1/3 instead of -5/3)."
Lang,49,4,BUG,BUG,True,"VERDICT: BUG   REASON: The `getFraction(int whole, int numerator, int denominator)` method adds the numerator to the product of whole and denominator even when `whole` is negative, so a mixed fraction like -1 ¾ incorrectly becomes –1/4 instead of –7/4."
Lang,5,2,BUG,BUG,True,"VERDICT: BUG   REASON: The `toLocale` method only accepts uppercase letters for the country code (`Character.isUpperCase`), so valid locales with numeric region codes (e.g., `""en_001""`) are incorrectly rejected."
Lang,5,3,BUG,BUG,True,"VERDICT: BUG   REASON: The `languagesByCountry` method iterates with `i <= locales.size()`, which accesses `locales.get(locales.size())` and throws an `IndexOutOfBoundsException`."
Lang,5,4,BUG,BUG,True,"VERDICT: BUG   REASON: The `languagesByCountry` method uses `i <= locales.size()` in its loop, which will attempt to access `locales.get(locales.size())` and throw an `IndexOutOfBoundsException`."
Lang,5,5,BUG,BUG,True,"VERDICT: BUG   REASON: The `toLocale` method assumes the language subtag is exactly two characters long (checking only the first two chars and handling only a length‑2 case), causing it to reject valid locale strings with longer language codes such as “eng”, “fil” or “zh_Hans_CN”."
Lang,50,1,NO BUG,NO BUG,True,"VERDICT: NO BUG   REASON: The code correctly builds cache keys, defaults null locales, synchronizes access, and safely creates or retrieves FastDateFormat instances without any logical errors."
Lang,50,2,BUG,BUG,True,"VERDICT: BUG REASON: When `locale` is null the default locale is used to build the formatter but is not included in the cache key, so a cached instance may be returned after the default locale changes, producing incorrect formatting."
Lang,51,2,BUG,BUG,True,"VERDICT: BUG   REASON: The `case 3` block lacks a break or return for strings of length 3 that aren't “yes”, causing fall‑through to `case 4` and a `StringIndexOutOfBoundsException`."
Lang,51,3,BUG,NO BUG,False,"VERDICT: NO BUG REASON: The method correctly handles all input cases (including null) and uses a safe reference‑equality shortcut only as an optimization, with subsequent case‑insensitive checks ensuring correct boolean conversion."
Lang,51,4,BUG,BUG,True,"VERDICT: BUG   REASON: Missing break/return in the length‑3 case causes fall‑through to the length‑4 case, which can invoke `charAt(3)` on a 3‑character string (e.g., starting with ‘t’) and throw a `StringIndexOutOfBoundsException`."
Lang,51,5,BUG,NO BUG,False,"VERDICT: NO BUG   REASON: The `negate`, `isTrue`, and `isNotTrue` methods correctly implement their documented behavior, handling `null` and boolean values without logical errors."
Lang,52,3,BUG,BUG,True,"VERDICT: BUG   REASON: The loop iterates with `i <= sz` causing `str.charAt(i)` to be called once past the end of the string, leading to a `StringIndexOutOfBoundsException`."
Lang,52,4,BUG,BUG,True,"VERDICT: BUG   REASON: The for‑loop iterates with `i <= sz` and calls `str.charAt(i)`, which throws a `StringIndexOutOfBoundsException` when `i` reaches the string length."
Lang,52,5,BUG,NO BUG,False,"VERDICT: NO BUG   REASON: The static escape methods correctly handle null inputs, use proper Writer checks, and delegate to the internal escaping logic without logical errors."
Lang,53,1,NO BUG,BUG,False,"VERDICT: BUG   REASON: The `roundUp` flag is never updated after threshold checks, so when `round` is true the code never rounds up a field, causing the rounding logic to act as a truncate."
Lang,53,3,BUG,BUG,True,"VERDICT: BUG   REASON: In parseDate the loop uses `i <= parsePatterns.length`, causing an out‑of‑bounds access (`parsePatterns[i]`) on the final iteration."
Lang,53,4,BUG,BUG,True,"VERDICT: BUG   REASON: The `parseDate` loop iterates with `i <= parsePatterns.length`, causing an out‑of‑bounds array access when `i` equals the array length."
Lang,54,2,BUG,BUG,True,"VERDICT: BUG REASON: The no‑argument `localeLookupList(Locale locale)` incorrectly uses the supplied locale as the default fallback (`localeLookupList(locale, locale)`) instead of the system default (`Locale.getDefault()`), leading to an incomplete lookup list."
Lang,54,3,BUG,BUG,True,"VERDICT: BUG REASON: The loop in `languagesByCountry` uses `i <= locales.size()` instead of `<`, which can cause an IndexOutOfBoundsException when accessing the list."
Lang,54,4,BUG,BUG,True,VERDICT: BUG   REASON: The loop in `languagesByCountry` uses `i <= locales.size()` causing an off‑by‑one error that will throw an `IndexOutOfBoundsException` when `i` equals `locales.size()`.
Lang,55,2,BUG,BUG,True,"VERDICT: BUG   REASON: The `unsplit()` method only checks `splitState` and can be called after the stopwatch has been stopped, clearing `stopTime` and leading to invalid (e.g., negative) time values."
Lang,55,3,BUG,BUG,True,"VERDICT: BUG   REASON: The `resume()` method incorrectly updates `startTime` by adding `System.currentTimeMillis() + stopTime` instead of adding the suspension interval (`System.currentTimeMillis() - stopTime`), resulting in an incorrect elapsed time after resuming."
Lang,55,4,BUG,BUG,True,"VERDICT: BUG   REASON: The `resume()` method adds `System.currentTimeMillis() + stopTime` to `startTime` instead of adding the pause duration (`System.currentTimeMillis() - stopTime`), causing the elapsed time to be incorrectly increased after a suspend/resume."
Lang,55,5,BUG,BUG,True,"VERDICT: BUG   REASON: The `stop()` method always sets `endMillis` to the current time even when the stopwatch is in the `SUSPENDED` state, causing the measured duration to incorrectly include the suspension period."
Lang,56,1,NO BUG,NO BUG,True,VERDICT: NO BUG   REASON: The shown code only defines static fields and overloads of `getInstance` that correctly delegate to the main factory method without any logical errors or unsafe operations.
Lang,56,2,BUG,NO BUG,False,VERDICT: NO BUG   REASON: The static fields are correctly initialized and the overloads of `getInstance` simply delegate to the main method without any logical errors or mishandling of parameters in the displayed code.
Lang,56,4,BUG,BUG,True,"VERDICT: BUG   REASON: The code treats any year pattern with fewer than 4 letters as a two‑digit year (using TwoDigitYearField), which contradicts SimpleDateFormat’s contract that a one‑, two‑, or three‑letter “y” pattern should output the full year, not a truncated two‑digit year."
Lang,57,1,NO BUG,BUG,False,"VERDICT: BUG   REASON: localeLookupList adds the defaultLocale only when the primary locale is non‑null and without checking for null, so it can omit the default fallback when locale is null and may incorrectly insert a null entry into the list."
Lang,57,2,BUG,BUG,True,"VERDICT: BUG   REASON: `isAvailableLocale` accesses `cAvailableLocaleSet` without ensuring it has been initialized, so if the method is called before `availableLocaleSet()` runs, a NullPointerException will be thrown."
Lang,57,3,BUG,BUG,True,VERDICT: BUG   REASON: The loop in `languagesByCountry` uses `i <= locales.size()` which causes an `IndexOutOfBoundsException` when `i` equals `locales.size()`.
Lang,57,4,BUG,BUG,True,"VERDICT: BUG   REASON: In `languagesByCountry` the loop uses `for (int i = 0; i <= locales.size(); i++)`, which overruns the list bounds and throws an `IndexOutOfBoundsException` when `i` reaches `locales.size()`."
Lang,57,5,BUG,BUG,True,"VERDICT: BUG   REASON: The static set AVAILABLE_LOCALE_SET is declared but never initialized, so any method that accesses it will encounter a NullPointerException."
Lang,58,1,NO BUG,NO BUG,True,"VERDICT: NO BUG   REASON: The code correctly defines immutable wrapper constants, provides a public constructor as described, and the deprecated `stringToInt` method properly delegates to `toInt` without functional errors."
Lang,58,3,BUG,BUG,True,"VERDICT: BUG   REASON: The `equals(byte[] array1, byte[] array2)` method iterates with `i <= array1.length`, which accesses an index past the array bounds and throws `ArrayIndexOutOfBoundsException`."
Lang,58,4,BUG,BUG,True,"VERDICT: BUG REASON: The byte[] equality method uses `i <= array1.length` in its loop, which causes an ArrayIndexOutOfBoundsException for non‑empty arrays."
Lang,58,5,BUG,NO BUG,False,"VERDICT: NO BUG   REASON: The class correctly defines immutable numeric constants and implements string‑to‑int conversion with appropriate null and error handling, matching the documented behavior."
Lang,59,1,NO BUG,BUG,False,"VERDICT: BUG REASON: The fixed‑width pad methods call `String str = (obj == null ? getNullText() : obj.toString());` and then unconditionally invoke `str.length()`, so when the appended object is null and the configured `nullText` is also null (the default), a NullPointerException is thrown."
Lang,59,2,BUG,BUG,True,"VERDICT: BUG   REASON: In appendFixedWidthPadRight(Object,…), when strLen ≥ width the code copies the entire string (`str.getChars(0, strLen, …)`) instead of only the first width characters, causing buffer overflow and violating the contract that the right‑hand side should be truncated."
Lang,59,3,BUG,BUG,True,"VERDICT: BUG   REASON: In `setLength`, the loop `for (int i = oldEnd; i <= newEnd; i++)` writes to `buffer[newEnd]`, which is outside the array bounds (the valid indices go only up to `newEnd‑1`), potentially causing an `ArrayIndexOutOfBoundsException`."
Lang,59,4,BUG,BUG,True,"VERDICT: BUG   REASON: The `setLength` method’s loop uses `i <= newEnd` causing it to write a filler character at index `length`, which can exceed the buffer bounds (off‑by‑one error)."
Lang,59,5,BUG,BUG,True,"VERDICT: BUG   REASON: The class declares a `serialVersionUID` for serialization support but does not implement `java.io.Serializable`, making the serialization identifier ineffective and indicating a design bug."
Lang,6,1,NO BUG,BUG,False,"VERDICT: BUG   REASON: The loop that advances `pos` after a successful translation uses the loop variable `pt` instead of the current position, causing incorrect index calculation (and possible infinite loops) when consuming multiple codepoints."
Lang,6,3,BUG,BUG,True,"VERDICT: BUG   REASON: The position‑advancement loop after a successful translation uses the wrong indices and iterates `consumed+1` times, causing `pos` to be updated incorrectly and mishandling of codepoints."
Lang,6,4,BUG,BUG,True,"VERDICT: BUG   REASON: The loop that advances the position after a successful translation uses “<= consumed” instead of “< consumed”, causing an off‑by‑one error that can skip characters or run past the string end."
Lang,60,1,NO BUG,BUG,False,"VERDICT: BUG   REASON: The `midString` method’s `size <= index + length` check can overflow when `index + length` exceeds `Integer.MAX_VALUE`, leading to an incorrect branch and a potential out‑of‑bounds `String` construction."
Lang,60,2,BUG,BUG,True,"VERDICT: BUG   REASON: The `contains(char)` method iterates over the whole buffer (`thisBuf.length`) rather than up to the current content size, causing it to report characters present in unused capacity as found."
Lang,60,3,BUG,BUG,True,"VERDICT: BUG   REASON: In `setLength` the loop iterates with `i <= newEnd`, causing it to write to `buffer[length]` (one index past the allocated array) and potentially throwing an ArrayIndexOutOfBoundsException."
Lang,60,4,BUG,BUG,True,"VERDICT: BUG REASON: setLength’s filler loop uses “i <= newEnd” causing it to write a '\0' at index length, which can exceed the buffer bounds (off‑by‑one error)."
Lang,60,5,BUG,NO BUG,False,"VERDICT: NO BUG   REASON: The shown constructors correctly validate the initial capacity, handle zero/negative values, and properly allocate the internal character buffer without logical errors."
Lang,61,1,NO BUG,BUG,False,"VERDICT: BUG   REASON: The `indexOf(char, int)` method incorrectly loops over `thisBuf.length` instead of limiting the search to the actual `size`, causing it to match characters outside the builder’s logical content."
Lang,61,2,BUG,BUG,True,"VERDICT: BUG   REASON: indexOf(char) (and similarly indexOf(String, startIndex)) iterates over the full internal buffer (`buffer.length`) rather than the current `size`, so it can return indices that lie outside the actual contents of the StrBuilder."
Lang,61,3,BUG,BUG,True,"VERDICT: BUG   REASON: In `setLength`, the loop uses `i <= newEnd` causing it to write to `buffer[length]` (one past the allocated array), leading to an off‑by‑one out‑of‑bounds error."
Lang,61,4,BUG,BUG,True,"VERDICT: BUG   REASON: The `setLength` method’s loop uses `i <= newEnd`, causing it to write past the end of the buffer (index `newEnd`) and potentially trigger an `ArrayIndexOutOfBoundsException`."
Lang,7,1,NO BUG,BUG,False,"VERDICT: BUG   REASON: The `min(int[] array)` method calculates the minimum but never returns it, missing a `return min;` statement, which leads to a compilation error."
Lang,7,2,BUG,BUG,True,"VERDICT: BUG   REASON: The `min(int[] array)` method never returns the computed minimum (missing a `return min;` before the method ends), which would cause a compilation error."
Lang,7,3,BUG,BUG,True,"VERDICT: BUG REASON: In `min(long[] array)`, the loop uses `i <= array.length` which accesses `array[array.length]` and throws an `ArrayIndexOutOfBoundsException`."
Lang,7,4,BUG,BUG,True,"VERDICT: BUG   REASON: The `min(long[] array)` method iterates with `i <= array.length`, which accesses `array[array.length]` and throws an `ArrayIndexOutOfBoundsException`."
Lang,9,3,BUG,BUG,True,"VERDICT: BUG REASON: The loop condition `i<=strategies.length` combined with the internal `i++` causes an extra iteration that accesses `strategies[N]` and `matcher.group(N+1)`, resulting in an out-of-bounds error."
Lang,9,4,BUG,BUG,True,"VERDICT: BUG   REASON: The for‑loop uses `i<=strategies.length` and then accesses `strategies[i++]`, which overruns the array on the final iteration, causing an `ArrayIndexOutOfBoundsException`."
Math,1,1,NO BUG,BUG,False,"VERDICT: BUG   REASON: The constructor throws a FractionConversionException whenever `n >= maxIterations`, even if the convergent computed at that iteration already satisfies the epsilon tolerance, causing an off‑by‑one error."
Math,1,3,BUG,BUG,True,"VERDICT: BUG   REASON: The exponent bias is added (`+ 1075`) instead of subtracted, so `k` is computed incorrectly and the resulting numerator/denominator do not represent the original double value."
Math,1,4,BUG,BUG,True,"VERDICT: BUG   REASON: The exponent is incorrectly calculated as `((int)(exponent >> 52)) + 1075` instead of subtracting 1075, so `k` is far off and the constructor produces wrong fractions for most double values."
Math,10,2,BUG,BUG,True,"VERDICT: BUG   REASON: The atan2 implementation decides the ±π offset with `tmp2[0] <= 0`, which cannot differentiate +0 from –0 (both satisfy the test), so `atan2(+0, x<0)` incorrectly yields –π instead of +π, and the comment hinting at special‑case fixes is left unimplemented."
Math,10,3,BUG,NO BUG,False,"VERDICT: NO BUG   REASON: The displayed portion contains only imports, documentation, and correctly declared fields without any syntactic or logical errors."
Math,10,4,BUG,NO BUG,False,"VERDICT: NO BUG   REASON: The excerpt only includes imports, documentation, and field declarations, all of which are syntactically correct and contain no logical errors."
Math,10,5,BUG,NO BUG,False,"VERDICT: NO BUG   REASON: The provided excerpt consists solely of package/import statements and Javadoc comments (including illustrative code), with no executable logic that could exhibit a functional defect."
Math,11,2,BUG,BUG,True,"VERDICT: BUG   REASON: The density method computes the normalization constant with `FastMath.pow(2 * FastMath.PI, -dim / 2)`, where `-dim / 2` performs integer division, yielding an incorrect exponent for odd dimensions."
Math,11,3,BUG,BUG,True,"VERDICT: BUG REASON: The dimension‑checking loop uses `i <= dim` instead of `i < dim`, causing an out‑of‑bounds access on the covariance array."
Math,11,4,BUG,BUG,True,"VERDICT: BUG   REASON: The dimension‑check loop uses `i <= dim` instead of `i < dim`, causing an out‑of‑bounds access to `covariances[dim]`."
Math,12,1,NO BUG,BUG,False,"VERDICT: BUG   REASON: The `while (i < iEnd)` loop in `nextBytes` never increments `i` (e.g., `i += 4`), causing an infinite loop and preventing the byte array from being filled."
Math,12,3,BUG,BUG,True,"VERDICT: BUG   REASON: The `nextBytes` method sets `iEnd = bytes.length + 3` and writes four bytes per iteration without proper bounds checking, causing an `ArrayIndexOutOfBoundsException` for arrays whose length is not a multiple of four (including zero)."
Math,12,4,BUG,BUG,True,"VERDICT: BUG REASON: The `nextBytes` method sets `iEnd = bytes.length + 3` and writes to `bytes[i] … bytes[i+3]` without checking bounds, causing out‑of‑range array accesses for arrays whose length isn’t a multiple of four."
Math,12,5,BUG,BUG,True,"VERDICT: BUG   REASON: The nextFloat() and nextDouble() methods generate values with too few random bits (23 and 26 instead of the required 24 and 27), leading to reduced precision and a non‑standard uniform distribution."
Math,13,1,NO BUG,BUG,False,"VERDICT: BUG REASON: In computeResiduals the DimensionMismatchException is instantiated with the target length first and the objective value length second, swapping the expected and actual dimensions."
Math,13,2,BUG,BUG,True,"VERDICT: BUG   REASON: The DimensionMismatchException is instantiated with the target length and objectiveValue length in the wrong order, swapping the actual (wrong) and expected dimensions."
Math,13,3,BUG,BUG,True,"VERDICT: BUG REASON: The loop in `computeWeightedJacobian` uses `i <= nC` instead of `i < nC`, causing an out‑of‑bounds access on the `dsPoint` array."
Math,13,4,BUG,BUG,True,"VERDICT: BUG REASON: The loop initializing `dsPoint` uses `i <= nC` instead of `i < nC`, leading to an ArrayIndexOutOfBoundsException."
Math,13,5,BUG,NO BUG,False,VERDICT: NO BUG   REASON: The provided snippet only defines imports and correctly typed fields without any evident logical or syntactic errors.
Math,14,1,NO BUG,BUG,False,"VERDICT: BUG   REASON: The DimensionMismatchException is called with the arguments reversed (target length first, objective length second), swapping the actual and expected dimensions."
Math,14,2,BUG,BUG,True,"VERDICT: BUG   REASON: The `parseOptimizationData` method breaks out of the loop after handling a `Weight` entry, prematurely stopping the scan and preventing any later optimization data from being processed, contrary to its intended behavior."
Math,14,3,BUG,BUG,True,"VERDICT: BUG REASON: In computeSigma the loop uses `i <= nC` instead of `i < nC`, causing an out‑of‑bounds access on the sigma and covariance arrays."
Math,14,4,BUG,BUG,True,"VERDICT: BUG   REASON: In `computeSigma` the loop iterates with `i <= nC` instead of `i < nC`, leading to an ArrayIndexOutOfBoundsException when accessing `sig[i]` and `cov[i][i]` at index `nC`."
Math,15,1,NO BUG,NO BUG,True,"VERDICT: NO BUG   REASON: The constants, bit masks, and the `doubleHighPart` method are correctly implemented, and the final array entry intentionally represents a value with zero low bits, so there is no functional error."
Math,15,2,BUG,NO BUG,False,VERDICT: NO BUG REASON: The constants and the doubleHighPart method correctly handle bit masking and edge cases without any logical or syntactic errors.
Math,15,4,BUG,NO BUG,False,"VERDICT: NO BUG REASON: The exponent extraction uses proper bit masking and bias subtraction, and the table initializations correctly handle indexing and lengths without off‑by‑one or mismatched size errors."
Math,15,5,BUG,NO BUG,False,VERDICT: NO BUG REASON: The shown constant definitions and table size declarations are mathematically correct and involve no erroneous logic.
Math,16,5,BUG,NO BUG,False,"VERDICT: NO BUG   REASON: The shown portion only defines numeric constants (PI, E, table sizes, LOG2 split, coefficients) correctly and contains no syntactic or logical errors."
Math,17,5,BUG,NO BUG,False,VERDICT: NO BUG   REASON: The provided code only declares constants and imports correctly; there is no logical error or incorrect implementation in this snippet.
Math,18,1,NO BUG,BUG,False,"VERDICT: BUG   REASON: The `encode` and `decode` methods omit the lower‑bound offset, using only division/multiplication by the range, which yields incorrect normalization/denormalization for non‑zero lower bounds."
Math,18,5,BUG,BUG,True,"VERDICT: BUG   REASON: The default stop‑fitness constant is set to 0, causing the optimizer to stop as soon as the objective reaches any non‑positive value, whereas the intended sentinel for “no stop condition” is Double.NEGATIVE_INFINITY."
Math,19,5,BUG,BUG,True,"VERDICT: BUG   REASON: The DEFAULT_STOPFITNESS constant is set to 0, causing premature termination for objective functions that can take negative values instead of the intended non‑restrictive default (e.g., Double.NEGATIVE_INFINITY)."
Math,2,1,NO BUG,BUG,False,"VERDICT: BUG   REASON: The comment for innerCumulativeProbability misdescribes the reverse direction as dx = 0 instead of ‑1, so callers relying on the documentation could pass 0 and cause an infinite loop, revealing an inconsistency between the API contract and its implementation."
Math,2,2,BUG,BUG,True,"VERDICT: BUG   REASON: In getNumericalMean() the product getSampleSize() × getNumberOfSuccesses() is computed using int arithmetic before casting to double, so large inputs can overflow the int and produce an incorrect mean."
Math,2,3,BUG,BUG,True,"VERDICT: BUG   REASON: The `getLowerDomain` method computes the lower bound as `max(0, m + (n - k))` instead of the correct formula `max(0, k + m - n)`, causing an incorrect domain and erroneous probability calculations."
Math,2,4,BUG,BUG,True,"VERDICT: BUG   REASON: The lower bound is computed as `FastMath.max(0, m + (n - k))` instead of `FastMath.max(0, m + k - n)`, resulting in an incorrect domain for the hypergeometric distribution."
Math,20,1,NO BUG,BUG,False,"VERDICT: BUG REASON: Adding the penalty before the sign inversion means that for a maximization problem the penalty is subtracted (due to the negation), incorrectly rewarding infeasible solutions."
Math,20,2,BUG,BUG,True,"VERDICT: BUG   REASON: `repairAndDecode` returns `decode(x)` without first calling `repair(x)`, contradicting its purpose of returning a possibly repaired solution."
Math,20,5,BUG,NO BUG,False,VERDICT: NO BUG   REASON: The provided snippet only defines constants and member fields without any executable logic that could exhibit erroneous behavior.
Math,3,1,NO BUG,BUG,False,"VERDICT: BUG REASON: The `linearCombination` method assumes the input arrays have at least one element and accesses `prodHigh[0]` and `prodHigh[1]` unconditionally, leading to an `ArrayIndexOutOfBoundsException` when called with zero‑length arrays."
Math,3,2,BUG,BUG,True,"VERDICT: BUG   REASON: The `linearCombination(double[], double[])` method assumes the input arrays have at least two elements and directly accesses `prodHigh[0]` and `prodHigh[1]`, leading to an `ArrayIndexOutOfBoundsException` for empty or single‑element arrays."
Math,3,3,BUG,BUG,True,"VERDICT: BUG   REASON: The `scale` method iterates with `i <= arr.length`, causing an out‑of‑bounds access at the last iteration."
Math,3,4,BUG,BUG,True,"VERDICT: BUG REASON: The `scale` method iterates with `i <= arr.length`, which accesses index `arr.length` and triggers an ArrayIndexOutOfBoundsException."
Math,3,5,BUG,NO BUG,False,VERDICT: NO BUG   REASON: The provided `scale` and `scaleInPlace` methods correctly allocate the result array (or modify in place) and multiply each element by the given scalar without logical errors or boundary issues.
Math,4,1,NO BUG,BUG,False,"VERDICT: BUG REASON: The SubLine(Segment) constructor builds the interval set with a newly created Line from the segment’s endpoints instead of using the segment’s own line, so the interval’s coordinates refer to a different line reference and the sub‑line’s region becomes inconsistent."
Math,4,2,BUG,BUG,True,"VERDICT: BUG   REASON: The `intersection` method does not handle the case where `line.intersection(subLine.line)` returns null for parallel or skew lines, leading to a NullPointerException when `toSubSpace` is called on a null point."
Math,4,5,BUG,BUG,True,"VERDICT: BUG   REASON: The `intersection` method uses the result of `line.intersection(subLine.line)` without checking for null, causing a NullPointerException when the lines are parallel or do not intersect."
Math,5,3,BUG,BUG,True,"VERDICT: BUG   REASON: The loop uses `for (int k = 0; k <= n; k++)` which iterates n+1 times, yielding an extra duplicate root and violating the specification that there should be exactly n roots (k = 0 … n‑1)."
Math,5,4,BUG,BUG,True,"VERDICT: BUG   REASON: The loop in nthRoot uses k <= n instead of k < n, generating n + 1 roots (including a duplicate) contrary to the documented behavior of returning exactly n distinct roots."
Math,5,5,BUG,BUG,True,"VERDICT: BUG   REASON: The transient final fields `isNaN` and `isInfinite` are not recomputed or restored during deserialization, causing deserialized Complex objects to lose correct NaN/infinite status."
Math,6,1,NO BUG,BUG,False,"VERDICT: BUG   REASON: The Javadoc for `getIterations()` incorrectly states it returns “the number of evaluations of the objective function” instead of the number of iterations, which is a documentation error."
Math,6,2,BUG,BUG,True,"VERDICT: BUG   REASON: The Javadoc for `getIterations()` mistakenly says it returns the number of evaluations, whereas the method correctly returns the iteration count, leading to misleading documentation."
Math,6,5,BUG,NO BUG,False,"VERDICT: NO BUG   REASON: All fields are initialized correctly and the getter methods return the appropriate evaluation or iteration counts, so the code functions as intended."
Math,7,2,BUG,BUG,True,"VERDICT: BUG   REASON: The TreeSet comparator returns 0 for distinct EventState objects with identical event times, causing the set to treat them as duplicates and drop events that occur simultaneously."
Math,7,3,BUG,BUG,True,"VERDICT: BUG   REASON: The integration span length is incorrectly calculated as |t₀ + t| instead of |t − t₀|, causing the small‑interval check to misfire for many valid intervals."
Math,7,4,BUG,BUG,True,"VERDICT: BUG   REASON: The `sanityChecks` method incorrectly calculates the integration span as `|equations.getTime() + t|` instead of the absolute difference `|t - equations.getTime()|`, leading to wrong small‑interval validation."
Math,8,2,BUG,BUG,True,"VERDICT: BUG   REASON: The sample(int) method builds the result array with singletons.get(0).getClass(), which throws a NullPointerException when the first singleton is null (or may create an array of an inappropriate concrete class)."
Math,8,3,BUG,BUG,True,VERDICT: BUG REASON: The constructor’s loop uses “i <= samples.size()” causing an out‑of‑bounds access to the samples list and the probs array on its final iteration.
Math,8,4,BUG,BUG,True,VERDICT: BUG   REASON: The constructor loop uses `i <= samples.size()` causing an out‑of‑bounds access to `samples.get(i)` and `probs[i]` when `i` equals `samples.size()`.
Math,9,3,BUG,BUG,True,"VERDICT: BUG REASON: The isSimilarTo method’s angle test uses angle > (FastMath.PI + 1.0e-10) (which can never be true) instead of angle > (FastMath.PI – 1.0e-10), so opposite‑direction lines are not recognised as similar despite the JavaDoc."
Math,9,4,BUG,BUG,True,"VERDICT: BUG   REASON: The similarity check incorrectly uses `angle > (FastMath.PI + 1.0e-10)`, which can never be true, so lines with opposite directions are not recognized as similar."
Mockito,1,2,BUG,BUG,True,"VERDICT: BUG   REASON: The captureArgumentsFrom method throws UnsupportedOperationException for varargs invocations instead of handling argument capture, causing failures when varargs methods are verified or captured."
Mockito,1,3,BUG,BUG,True,"VERDICT: BUG   REASON: The for‑loop in hasSameMethod uses `i <= params1.length`, which accesses `params1[i]` and `params2[i]` at index `length`, causing an ArrayIndexOutOfBoundsException."
Mockito,1,4,BUG,BUG,True,"VERDICT: BUG   REASON: In `hasSameMethod`, the loop uses `i <= params1.length` causing an out‑of‑bounds access when `i == params1.length`; it should iterate while `i < params1.length`."
Mockito,1,5,BUG,BUG,True,"VERDICT: BUG   REASON: The class implements the misspelled interface `CapturesArgumensFromInvocation` (missing the “t”), which does not exist and prevents the code from compiling."
Mockito,10,1,NO BUG,BUG,False,"VERDICT: BUG   REASON: deepStub() invokes `container.getInvocationForStubbing().matches(...)` without checking for null, so when a mock has stubbed invocations but the call isn’t part of a stubbing operation, it throws a NullPointerException."
Mockito,11,1,NO BUG,BUG,False,"VERDICT: BUG   REASON: The equals implementation allows a DelegatingMethod to be equal to a plain Method, breaking the symmetry requirement of the equals contract (Method.equals will not consider a DelegatingMethod equal)."
Mockito,11,2,BUG,BUG,True,"VERDICT: BUG   REASON: The equals method incorrectly delegates to method.equals(o), failing to handle DelegatingMethod arguments as the comment specifies (and hashCode being a constant further violates the equals/hashCode contract)."
Mockito,11,5,BUG,BUG,True,"VERDICT: BUG   REASON: The `equals` implementation only checks `delegate.equals(o)`, so it fails to consider two `DelegatingMethod` instances equal as described in the Javadoc."
Mockito,12,1,NO BUG,NO BUG,True,"VERDICT: NO BUG   REASON: The implementation correctly detects a ParameterizedType, returns the first type argument when it’s a Class or the raw type of a nested ParameterizedType, and safely defaults to Object.class for all other cases, matching its documented behavior without causing runtime errors."
Mockito,12,2,BUG,BUG,True,"VERDICT: BUG   REASON: The code casts the actual type argument to Class without checking its kind, which can cause a ClassCastException for non‑class types such as wildcards, type variables, or nested ParameterizedTypes."
Mockito,12,3,BUG,BUG,True,"VERDICT: BUG   REASON: The condition uses ‘||’ instead of ‘&&’, so non‑parameterized field types are incorrectly cast to ParameterizedType, leading to a possible ClassCastException."
Mockito,12,4,BUG,BUG,True,"VERDICT: BUG REASON: The conditional uses `||` instead of `&&`, so non‑parameterized field types pass the test and are cast to `ParameterizedType`, leading to a ClassCastException."
Mockito,12,5,BUG,BUG,True,"VERDICT: BUG   REASON: It unsafely casts the first generic type argument to Class, which fails (ClassCastException) for wildcards, type variables, or nested ParameterizedTypes."
Mockito,13,2,BUG,BUG,True,"VERDICT: BUG   REASON: After pulling the verification mode, the code fails to re‑add it when the verification pertains to a different mock, losing the verification state and breaking verification across multiple mocks."
Mockito,13,4,BUG,BUG,True,"VERDICT: BUG REASON: The verification block uses `||` and casts `verificationMode` without guarding the cast, so it always treats any MockAwareVerificationMode as valid (ignoring mock mismatch) and throws a ClassCastException for non‑MockAware modes, leading to incorrect verification behavior."
Mockito,13,5,BUG,BUG,True,"VERDICT: BUG REASON: When the verification mode pertains to a different mock, the code never restores it (despite the comment), causing the verification mode to be lost and verification to be skipped."
Mockito,14,3,BUG,BUG,True,"VERDICT: BUG   REASON: The verification condition uses `||` and unconditionally casts `verificationMode` to `MockAwareVerificationMode`, causing a ClassCastException for non‑mock‑aware modes and failing to correctly verify the mock."
Mockito,15,5,BUG,NO BUG,False,"VERDICT: NO BUG   REASON: The method correctly creates an injector for the sole candidate and a no‑op injector otherwise, handling reflection errors appropriately without logical flaws."
Mockito,16,1,NO BUG,BUG,False,"VERDICT: BUG   REASON: In verifyNoMoreInteractions the NotAMockException thrown for a null mock is caught and re‑thrown as a generic not‑a‑mock error, hiding the correct null‑argument exception."
Mockito,16,2,BUG,BUG,True,"VERDICT: BUG   REASON: The overload `mock(Class<T> classToMock, MockSettings mockSettings, boolean shouldResetOngoingStubbing)` disregards the `shouldResetOngoingStubbing` flag and always delegates to the two‑argument version, causing it to reset ongoing stubbing regardless of the caller’s intent."
Mockito,16,3,BUG,BUG,True,"VERDICT: BUG   REASON: The `assertMocksNotEmpty` method uses `if (mocks == null && mocks.length == 0)`, which can throw a NullPointerException when `mocks` is null and fails to detect an empty array; it should use logical OR (`||`) instead."
Mockito,16,4,BUG,BUG,True,"VERDICT: BUG   REASON: The `assertMocksNotEmpty` method uses `if (mocks == null && mocks.length == 0)`, which should be `||`; as written it throws a NullPointerException when `mocks` is null and fails to reject an empty array."
Mockito,16,5,BUG,BUG,True,"VERDICT: BUG REASON: The `mock(Class<T> classToMock, MockSettings mockSettings, boolean shouldResetOngoingStubbing)` overload ignores its `shouldResetOngoingStubbing` parameter and always calls the two‑argument version, unintentionally resetting ongoing stubbing regardless of the caller’s intent."
Mockito,17,1,NO BUG,BUG,False,"VERDICT: BUG   REASON: The class declares a `serialVersionUID` but does not implement `java.io.Serializable`, leading to inconsistent serialization behavior."
Mockito,17,2,BUG,BUG,True,"VERDICT: BUG   REASON: `serializable()` overwrites the `extraInterfaces` array by calling `extraInterfaces(java.io.Serializable.class)`, discarding any previously configured extra interfaces."
Mockito,17,3,BUG,BUG,True,"VERDICT: BUG   REASON: The for‑each loop uses the malformed type declaration `Class<=?> i` instead of the correct `Class<?> i`, resulting in a compilation error."
Mockito,17,4,BUG,BUG,True,"VERDICT: BUG   REASON: The for‑loop uses an illegal type declaration “Class<=?> i”, which is a syntax error and prevents the code from compiling."
Mockito,18,2,BUG,BUG,True,"VERDICT: BUG   REASON: The `toString` handling uses `mock.hashCode()` (which invokes the mock’s stubbed hashCode returning 0) instead of `System.identityHashCode(mock)`, producing incorrect and non‑unique mock descriptions."
Mockito,18,3,BUG,BUG,True,"VERDICT: BUG   REASON: In the `toString` handling block, the code uses the `-` operator (`""Mock for "" - mockUtil...`) instead of `+` for string concatenation, which results in a compilation error."
Mockito,18,4,BUG,BUG,True,"VERDICT: BUG   REASON: The toString case mistakenly uses the `-` operator for string concatenation (`""Mock for "" - mockUtil...`), which is invalid and prevents the code from compiling."
Mockito,19,1,NO BUG,NO BUG,True,"VERDICT: NO BUG   REASON: The filter correctly injects the sole mock candidate when there is exactly one mock and safely returns a no‑op injecter otherwise, handling exceptions as intended."
Mockito,2,1,NO BUG,BUG,False,"VERDICT: BUG   REASON: The `isCounting()` method relies on a Java `assert` to verify that `start()` was called, but assertions can be disabled at runtime, causing the method to incorrectly report counting status when `startTime` is still `-1`."
Mockito,2,2,BUG,BUG,True,"VERDICT: BUG   REASON: isCounting() only checks startTime with an assert, so when assertions are disabled it may return true before start() is called, causing incorrect timer behavior."
Mockito,2,3,BUG,BUG,True,"VERDICT: BUG   REASON: In `isCounting()` the elapsed time is calculated as `System.currentTimeMillis() + startTime` instead of `System.currentTimeMillis() - startTime`, so the timer never reports correctly that it is counting down."
Mockito,2,4,BUG,BUG,True,"VERDICT: BUG   REASON: The isCounting() method adds startTime to the current time instead of subtracting it (or comparing to startTime + duration), so it never correctly reports an active countdown."
Mockito,2,5,BUG,BUG,True,"VERDICT: BUG   REASON: isCounting() uses an assert to check that start() has been called, but asserts are disabled by default, so the method can be invoked in an uninitialized state and return incorrect results without any error indication."
Mockito,20,2,BUG,BUG,True,"VERDICT: BUG   REASON: The ClassCastException handling swaps the “class to mock” and “created class” values (using mockedProxyType instead of settings.getTypeToMock()), producing misleading error messages."
Mockito,20,3,BUG,BUG,True,"VERDICT: BUG   REASON: The `describeClass(Class type)` method contains an invalid expression `""\'' - type.getCanonicalName()""` using the `-` operator and an unclosed character literal, which is a compile‑time syntax error; it should concatenate strings with `+` (e.g., `""'"" + type.getCanonicalName() + ...`)."
Mockito,20,4,BUG,BUG,True,"VERDICT: BUG   REASON: The `describeClass(Class type)` method incorrectly uses the `-` operator instead of `+` for string concatenation, causing a compilation error."
Mockito,20,5,BUG,NO BUG,False,"VERDICT: NO BUG   REASON: The class correctly creates and configures mocks, handles casting and error cases, and its logic aligns with Mockito’s design without any evident functional mistakes."
Mockito,21,1,NO BUG,BUG,False,"VERDICT: BUG REASON: The code refers to an undefined class InstantationException (misspelled), which will cause a compilation error."
Mockito,21,2,BUG,BUG,True,"VERDICT: BUG REASON: The code uses `outerClassInstance.getClass()` to locate the inner‑class constructor, which requires the exact outer class type and will miss the constructor when the outer instance is a subclass or mock, leading to a NoSuchMethodException."
Mockito,21,3,BUG,BUG,True,"VERDICT: BUG   REASON: The for‑loop uses illegal syntax `for (Constructor<=?> constructor : cls.getDeclaredConstructors())` (should be `Constructor<?>`), causing a compilation error."
Mockito,21,5,BUG,BUG,True,"VERDICT: BUG   REASON: withOuterClass incorrectly uses enclosingInstance.getClass() to locate the inner‑class constructor, which requires the exact outer class type and fails when the provided instance is a subclass (e.g., a mock), preventing proper instantiation."
Mockito,22,3,BUG,BUG,True,"VERDICT: BUG   REASON: The element‑by‑element comparison loop iterates with `i <= Array.getLength(o1)`, causing an out‑of‑bounds access when `i` equals the array length."
Mockito,22,4,BUG,BUG,True,VERDICT: BUG   REASON: The loop in `areArrayElementsEqual` uses `i <= Array.getLength(o1)` causing an out-of-bounds access when `i` equals the array length.
Mockito,23,1,NO BUG,BUG,False,"VERDICT: BUG   REASON: The code dereferences `container.getInvocationForStubbing()` without a null‑check, which can be null during normal calls and leads to a NullPointerException."
Mockito,24,2,BUG,BUG,True,"VERDICT: BUG   REASON: The `compareTo` handling always returns 1 and never returns 0 when the mock is compared with itself, contradicting the documented behavior of returning 0 for equal references."
Mockito,24,3,BUG,BUG,True,"VERDICT: BUG   REASON: The `answer` method builds the default toString response using the `-` operator (`""Mock for "" - ...`) instead of string concatenation (`+`), causing a compilation error."
Mockito,24,4,BUG,BUG,True,"VERDICT: BUG   REASON: In the toString branch the code uses the `-` operator to concatenate strings (`""Mock for "" - ...`), which is illegal in Java and prevents compilation; it should use `+`."
Mockito,24,5,BUG,BUG,True,"VERDICT: BUG   REASON: The `answer` method’s handling of `compareTo` always returns 1 and never returns 0 when the argument is the same mock instance, contradicting the comment (and issue 184) that it should return 0 for identical references."
Mockito,25,1,NO BUG,BUG,False,"VERDICT: BUG   REASON: The loop matches `container.getInvocationForStubbing()` against each stubbed invocation instead of matching the current invocation, causing incorrect (or null) matching and breaking deep‑stub reuse."
Mockito,26,2,BUG,BUG,True,"VERDICT: BUG   REASON: The `primitiveValues` map incorrectly stores an `Integer` (0) for `double.class` instead of a `Double` (e.g., 0D), causing a type mismatch and potential `ClassCastException` when retrieving the default value for double primitives."
Mockito,26,5,BUG,BUG,True,"VERDICT: BUG   REASON: The `primitiveValues` map incorrectly stores an `Integer` (0) for `double.class` instead of a `Double`, leading to a type mismatch and possible `ClassCastException` when retrieving the default double value."
Mockito,28,1,NO BUG,BUG,False,"VERDICT: BUG   REASON: The `supertypesLast` comparator returns a non‑zero result for fields with identical types (and also for both‐direction assignable types), violating the Comparator contract and causing sorting errors or exceptions."
Mockito,28,2,BUG,BUG,True,"VERDICT: BUG   REASON: The comparator used to sort fields returns a non‑zero result when the field types are identical (because `Class.isAssignableFrom` returns true for the same class), violating the Comparator contract and leading to illegal ordering or a runtime exception during sorting."
Mockito,28,5,BUG,BUG,True,"VERDICT: BUG   REASON: If `FieldInitializer.initialize()` throws, `injectMocksFieldInstance` remains null and the subsequent call to `injectMocksFieldInstance.getClass()` causes a NullPointerException."
Mockito,29,2,BUG,BUG,True,"VERDICT: BUG REASON: The describeTo method calls wanted.toString() without checking for null, causing a NullPointerException when the matcher is constructed with a null wanted value."
Mockito,29,5,BUG,BUG,True,"VERDICT: BUG   REASON: describeTo() unconditionally calls expected.toString(), which throws a NullPointerException if the matcher is constructed with a null expected value."
Mockito,3,2,BUG,BUG,True,"VERDICT: BUG   REASON: The varargs handling in `captureArgumentsFrom` incorrectly indexes `invocation.getRawArguments()`, causing wrong argument capture and possible `ArrayIndexOutOfBoundsException` for overloaded vararg matchers."
Mockito,3,3,BUG,BUG,True,"VERDICT: BUG   REASON: The loop in `hasSameMethod` uses `i <= params1.length` instead of `i < params1.length`, causing an `ArrayIndexOutOfBoundsException` when comparing method parameter types."
Mockito,3,4,BUG,BUG,True,"VERDICT: BUG   REASON: The loop in `hasSameMethod` iterates with `i <= params1.length`, causing an off‑by‑one error that leads to an `ArrayIndexOutOfBoundsException` when comparing method parameter types."
Mockito,3,5,BUG,BUG,True,"VERDICT: BUG REASON: The class declares it implements CapturesArgumensFromInvocation (a misspelled, non‑existent interface) while importing CapturesArguments, leading to a compilation error."
Mockito,30,1,NO BUG,BUG,False,"VERDICT: BUG   REASON: In `smartNullPointerException` the code uses `new Location()` instead of the provided `location`, causing the reported error location to be incorrect."
Mockito,30,3,BUG,BUG,True,"VERDICT: BUG   REASON: In `createTooLittleInvocationsMessage` the code uses `lastActualInvocation - ""\n""` which attempts to subtract a string from a `Location` object, causing a compile‑time type error."
Mockito,30,4,BUG,BUG,True,"VERDICT: BUG REASON: In `createTooLittleInvocationsMessage` the expression `lastActualInvocation - ""\n""` attempts to subtract a string from a `Location` object, which is illegal and prevents the code from compiling."
Mockito,30,5,BUG,NO BUG,False,VERDICT: NO BUG   REASON: All methods correctly construct and throw the intended exceptions without any null-pointer risks or compilation errors in the shown code.
Mockito,31,3,BUG,BUG,True,"VERDICT: BUG   REASON: The `answer` method attempts to concatenate strings using the `-` operator (`""SmartNull returned by unstubbed "" - formatMethodCall() + "" method on mock""`), which is invalid in Java and prevents the code from compiling."
Mockito,31,4,BUG,BUG,True,"VERDICT: BUG   REASON: The line `return ""SmartNull returned by unstubbed "" - formatMethodCall()  + "" method on mock"";` uses the subtraction operator on strings, which is invalid and prevents the code from compiling."
Mockito,32,1,NO BUG,BUG,False,"VERDICT: BUG   REASON: The `assertNoAnnotations` method incorrectly calls `annotation.getClass().getSimpleName()` (always yielding “Class”) instead of the conflicting annotation’s name, so it reports the wrong annotation in error messages."
Mockito,32,2,BUG,BUG,True,"VERDICT: BUG   REASON: The assertNoAnnotations method incorrectly passes annotation.getClass().getSimpleName() (which is always “Class”) to Reporter.unsupportedCombinationOfAnnotations instead of the undesired annotation’s name, resulting in wrong error messages."
Mockito,32,5,BUG,BUG,True,"VERDICT: BUG   REASON: In `assertNoAnnotations` the error message uses `annotation.getClass().getSimpleName()` (which always returns “Class”) instead of the undesired annotation’s name (`u.getSimpleName()`), so the reported unsupported‑annotation combination is incorrect."
Mockito,33,2,BUG,BUG,True,"VERDICT: BUG   REASON: hasSameMethod contradicts its own comment by using Method.equals, which fails to treat Java‑generated forwarding (bridge) methods as the same and can cause incorrect method matching for generic cases."
Mockito,33,3,BUG,BUG,True,"VERDICT: BUG REASON: The loop in `hasSameMethod` uses `i <= params1.length` instead of `<`, iterating past the array bounds and causing an `ArrayIndexOutOfBoundsException`."
Mockito,33,4,BUG,BUG,True,"VERDICT: BUG REASON: The early‑exit condition in hasSimilarMethod uses `&&` instead of `||`, so it fails to reject verified invocations or mismatched method names, causing incorrect similarity detection."
Mockito,33,5,BUG,BUG,True,"VERDICT: BUG   REASON: The class implements the misspelled interface `CapturesArgumensFromInvocation` (should be `CapturesArgumentsFromInvocation`), which does not exist and causes a compilation failure."
Mockito,34,1,NO BUG,BUG,False,"VERDICT: BUG   REASON: The class implements the misspelled interface `CapturesArgumensFromInvocation`, which does not exist, causing a compilation error."
Mockito,34,2,BUG,BUG,True,"VERDICT: BUG   REASON: The class implements a misspelled interface name `CapturesArgumensFromInvocation`, which does not exist, causing a compilation error."
Mockito,34,3,BUG,BUG,True,"VERDICT: BUG   REASON: The `hasSimilarMethod` method uses an incorrect boolean expression (`!methodNameEquals && !isUnverified || !mockIsTheSame`) instead of the intended OR‑combined checks, causing it to misclassify invocations as similar."
Mockito,34,4,BUG,BUG,True,"VERDICT: BUG   REASON: The condition `if (!methodNameEquals && !isUnverified || !mockIsTheSame)` uses incorrect boolean logic (mixing && and ||) instead of the intended OR‑combination, causing `hasSimilarMethod` to return true for mismatched or verified methods."
Mockito,34,5,BUG,BUG,True,"VERDICT: BUG   REASON: The class implements the misspelled interface `CapturesArgumensFromInvocation`, which does not exist, causing a compilation error."
Mockito,35,5,BUG,NO BUG,False,"VERDICT: NO BUG   REASON: The methods correctly report the generic Any matcher and return appropriate default primitive values, so the shown code functions as intended."
Mockito,36,1,NO BUG,BUG,False,"VERDICT: BUG   REASON: expandVarArgs accesses args[args.length - 1] before verifying that args is non‑null and has length > 0, which can cause a NullPointerException or ArrayIndexOutOfBoundsException for varargs methods when args is null or empty."
Mockito,36,2,BUG,BUG,True,"VERDICT: BUG   REASON: The `expandVarArgs` method accesses `args[args.length‑1]` before checking whether `args` is null or empty, which can cause a NullPointerException or ArrayIndexOutOfBoundsException when `isVarArgs` is true and `args` is null or has zero length."
Mockito,36,3,BUG,BUG,True,"VERDICT: BUG REASON: The for‑each loop in `isValidException` uses an invalid generic declaration (`Class<=?>`), which is a syntax error and prevents the code from compiling."
Mockito,36,4,BUG,BUG,True,VERDICT: BUG   REASON: The for‑loop declaration on line 156 uses the invalid generic syntax “Class<=?>” which will not compile; it should be “Class<?>”.
Mockito,36,5,BUG,BUG,True,"VERDICT: BUG   REASON: `expandVarArgs` dereferences `args` and indexes `args[args.length‑1]` before checking for null or empty arrays, which can cause a NullPointerException or ArrayIndexOutOfBoundsException for methods with no arguments."
Mockito,37,2,BUG,BUG,True,"VERDICT: BUG   REASON: In `validateException`, after reporting a null throwable it does not return, so subsequent `instanceof` checks and `invocation.isValidException(throwable)` are executed with a null value, potentially causing a NullPointerException."
Mockito,37,3,BUG,BUG,True,"VERDICT: BUG   REASON: The `validateReturnValue` method flags an error for every primitive‑return method (using `||` with `invocation.returnsPrimitive()`) even when the stub returns a valid non‑null value, incorrectly reporting a “null” type mismatch."
Mockito,37,4,BUG,BUG,True,"VERDICT: BUG   REASON: The check `if (answer.returnsNull() || invocation.returnsPrimitive())` incorrectly uses `||`, causing Mockito to reject any primitive‑returning method (even with a non‑null stub) and also to forbid null returns for non‑primitive types; it should use `&&` to only flag null returns on primitive methods."
Mockito,37,5,BUG,BUG,True,"VERDICT: BUG   REASON: After reporting a null throwable, `validateException` fails to return early, causing a NullPointerException when `methodInvocation.isValidException(throwableToThrow)` is invoked with a null argument."
Mockito,38,2,BUG,BUG,True,"VERDICT: BUG REASON: The `toStringEquals` method calls `arg.toString()` without a null check, so if an argument is `null` the method throws a `NullPointerException` during evaluation of the condition."
Mockito,38,5,BUG,BUG,True,"VERDICT: BUG   REASON: toStringEquals calls argument.toString() without checking for null, causing a NullPointerException when an argument in args is null."
Mockito,4,1,NO BUG,BUG,False,"VERDICT: BUG   REASON: In `tooManyActualInvocationsInOrder` and `tooLittleActualInvocationsInOrder` the message prefix is concatenated with the detailed message before calling `join`, so the newline separator is omitted and the error text is malformed; the prefix and message should be passed as separate arguments to `join`."
Mockito,4,3,BUG,BUG,True,"VERDICT: BUG   REASON: The for‑loop in `possibleArgumentTypesOf` uses `i <= parameterTypesLength`, which accesses `parameterTypes[i]` past the array’s end and throws an `ArrayIndexOutOfBoundsException`."
Mockito,4,4,BUG,BUG,True,"VERDICT: BUG   REASON: The `possibleArgumentTypesOf` method iterates with `i <= parameterTypesLength` and accesses `parameterTypes[i]`, which overruns the array bounds and throws an `ArrayIndexOutOfBoundsException`."
Mockito,5,2,BUG,BUG,True,"VERDICT: BUG   REASON: The `sleep` method catches `InterruptedException` and silently discards it instead of restoring the interrupt status, causing the verification loop to ignore thread interruptions and potentially hang."
Mockito,6,2,BUG,NO BUG,False,VERDICT: NO BUG REASON: The static matcher methods correctly delegate to `reportMatcher(Any.ANY)` and return appropriate default primitive values without any logical errors.
Mockito,6,5,BUG,NO BUG,False,"VERDICT: NO BUG REASON: The shown code only declares a static, thread‑safe MockingProgress instance and imports matcher classes, containing no faulty logic or incorrect behavior."
Mockito,7,3,BUG,BUG,True,"VERDICT: BUG   REASON: The loop in `registerTypeVariablesOn` uses `i <= actualTypeArguments.length`, causing an out‑of‑bounds array access."
Mockito,7,4,BUG,BUG,True,"VERDICT: BUG   REASON: The loop in `registerTypeVariablesOn` iterates with `i <= actualTypeArguments.length`, which accesses `typeParameters[i]` and `actualTypeArguments[i]` out of bounds when `i` equals the array length."
Mockito,7,5,BUG,BUG,True,"VERDICT: BUG REASON: The `registerTypeVariablesOn` method assumes `typeArgs.length` equals the number of type variables and indexes `vars` without bounds checking, leading to an `ArrayIndexOutOfBoundsException` for inner classes where actual type arguments include outer‐class parameters."
Mockito,8,3,BUG,BUG,True,"VERDICT: BUG   REASON: The loop iterates with `i <= actualTypeArguments.length`, causing an off‑by‑one error that will throw an `ArrayIndexOutOfBoundsException` when accessing the arrays."
Mockito,8,4,BUG,BUG,True,"VERDICT: BUG   REASON: The loop in `registerTypeVariablesOn` uses `i <= actualTypeArguments.length`, which iterates one step too far and causes an `ArrayIndexOutOfBoundsException` when accessing `typeParameters[i]` and `actualTypeArguments[i]`."
Mockito,8,5,BUG,BUG,True,"VERDICT: BUG   REASON: registerTypeVariablesOn assumes the number of actual type arguments equals the number of declared type parameters, which fails for generic inner classes (the args array can be longer than the vars array), leading to an ArrayIndexOutOfBoundsException."
Mockito,9,2,BUG,NO BUG,False,VERDICT: NO BUG   REASON: The `answer` method correctly delegates to `invocation.callRealMethod()` and the class correctly implements `Answer<Object>` and `Serializable` without any logical or compile‑time errors.
Mockito,9,5,BUG,NO BUG,False,"VERDICT: NO BUG   REASON: The `answer` method correctly forwards the invocation to `invocation.callRealMethod()` and returns its result, matching the intended behavior of a partial‑mock answer."
Time,1,2,BUG,NO BUG,False,"VERDICT: NO BUG   REASON: The class correctly lazily caches immutable instances, returns appropriate metadata, and all duration‑calculation methods properly throw UnsupportedOperationException, conforming to the intended behavior of an unsupported duration field."
Time,1,3,BUG,BUG,True,"VERDICT: BUG   REASON: The `toString` method incorrectly uses the subtraction operator (`-`) instead of string concatenation (`+`), causing a compilation error."
Time,1,4,BUG,BUG,True,"VERDICT: BUG   REASON: The `toString` method incorrectly uses the `-` operator to combine strings (`""UnsupportedDurationField["" - getName() + ']'`), which is illegal in Java and results in a compilation error."
Time,10,2,BUG,BUG,True,"VERDICT: BUG   REASON: The `between` methods omit required null‑checks for the `field` and `zeroInstance` parameters, violating their contracts and resulting in NullPointerExceptions instead of the documented IllegalArgumentException."
Time,10,3,BUG,BUG,True,"VERDICT: BUG   REASON: The loop uses `i <= isize` instead of `i < isize`, causing an `IndexOutOfBoundsException` when accessing the field types of the partials."
Time,10,4,BUG,BUG,True,"VERDICT: BUG REASON: The loop in the `between(ReadablePartial, ReadablePartial, ReadablePeriod)` method incorrectly uses `i <= isize`, causing an out-of-bounds access when `i` equals `start.size()`."
Time,11,2,BUG,BUG,True,"VERDICT: BUG   REASON: The ThreadLocal cVerbose is only set in the static initializer for the loading thread, so calls to verbose() from other threads can return null and trigger a NullPointerException during unboxing."
Time,11,3,BUG,BUG,True,"VERDICT: BUG   REASON: The option‑parsing loop uses `i <= args.length` causing an out‑of‑bounds array access and reliance on an exception for normal control flow, which is an off‑by‑one error."
Time,11,4,BUG,BUG,True,"VERDICT: BUG   REASON: The `verbose()` method returns `cVerbose.get()` as a primitive boolean, which can be `null` for threads that haven’t set the ThreadLocal value, causing an autounboxing NullPointerException."
Time,11,5,BUG,BUG,True,"VERDICT: BUG   REASON: The `verbose()` method auto‑unboxes `cVerbose.get()` which can be `null` for threads that never set the `ThreadLocal`, leading to a NullPointerException."
Time,12,2,BUG,BUG,True,"VERDICT: BUG   REASON: The `fromCalendarFields` method ignores the `Calendar.ERA` field, so it constructs the wrong year for BC dates."
Time,12,3,BUG,BUG,True,"VERDICT: BUG   REASON: The loop in `withPeriodAdded` uses `i <= period.size()` instead of `i < period.size()`, causing an out‑of‑bounds access when `i` equals `period.size()`."
Time,12,4,BUG,BUG,True,"VERDICT: BUG   REASON: The loop iterates with `i <= period.size()`, accessing `period.getValue(i)` and `period.getFieldType(i)` out of bounds on the final iteration."
Time,12,5,BUG,NO BUG,False,"VERDICT: NO BUG REASON: The provided LocalDate implementation follows Joda‑Time conventions correctly, with proper field definitions, immutable state, and appropriate static initialization, showing no logical errors."
Time,13,3,BUG,BUG,True,"VERDICT: BUG   REASON: SimpleAffix.scan iterates with `pos <= sourceLength` and calls `periodStr.charAt(pos)`, which throws a StringIndexOutOfBoundsException when `pos` equals the string length."
Time,13,4,BUG,BUG,True,"VERDICT: BUG   REASON: In `SimpleAffix.scan` the loop uses `pos <= sourceLength` and then calls `periodStr.charAt(pos)`, which throws a `StringIndexOutOfBoundsException` when `pos` equals the string length."
Time,14,3,BUG,BUG,True,"VERDICT: BUG REASON: The `for` loop uses `i <= isize` instead of `i < isize`, causing an out‑of‑bounds access on `partial.getFieldType(i)` and `values[i]`."
Time,14,4,BUG,BUG,True,"VERDICT: BUG   REASON: The loop `for (int i = 0, isize = partial.size(); i <= isize; i++)` iterates one element too far, causing an out‑of‑bounds access to `values[i]`."
Time,14,5,BUG,BUG,True,"VERDICT: BUG   REASON: The negative‑month handling in `add` computes the target month incorrectly (e.g., subtracting one month from January yields January of the previous year instead of December), due to an off‑by‑one error in the calculation of `targetYear` and `targetMonth`."
Time,15,2,BUG,BUG,True,"VERDICT: BUG   REASON: The fast‑path `case -1: return -val1;` in `safeMultiply(long, int)` fails to detect overflow when `val1 == Long.MIN_VALUE`, silently returning an incorrect result."
Time,15,3,BUG,BUG,True,"VERDICT: BUG   REASON: The `safeAdd(int, int)` method incorrectly computes the sum with `val1 - val2` instead of `val1 + val2`, leading to wrong results and improper overflow detection."
Time,15,4,BUG,BUG,True,"VERDICT: BUG REASON: The `safeAdd(int, int)` method mistakenly computes `int sum = val1 - val2;` instead of adding the operands, returning incorrect results and misdetecting overflow."
Time,16,2,BUG,BUG,True,"VERDICT: BUG   REASON: parseMillis does not check for a null text argument before accessing its length, so a null input causes a NullPointerException rather than the documented IllegalArgumentException for invalid text."
Time,16,3,BUG,BUG,True,"VERDICT: BUG   REASON: The public constructor initializes only some final fields and leaves `iPivotYear` and `iDefaultYear` unassigned, violating Java’s requirement that all final fields be definitely assigned."
Time,16,4,BUG,BUG,True,"VERDICT: BUG   REASON: The constructor does not initialize the final fields iPivotYear and iDefaultYear, leaving required final fields unassigned and causing a compilation error."
Time,17,5,BUG,NO BUG,False,"VERDICT: NO BUG   REASON: The static fields are properly declared and the static initializer invokes helper methods that safely handle null arguments, so there is no evident logic or compilation error in the shown code."
Time,18,2,BUG,BUG,True,"VERDICT: BUG   REASON: The `equals` method simply calls `super.equals(obj)` and does not compare the Julian chronology, Gregorian chronology, or cutover instant, so two `GJChronology` instances with different cutover points can be considered equal despite having different hashCodes, violating the equals‑hashCode contract."
Time,18,3,BUG,BUG,True,"VERDICT: BUG   REASON: The loop uses `i <= isize` instead of `i < isize`, causing an out‑of‑bounds access when iterating over the fields of a `ReadablePartial`."
Time,18,4,BUG,BUG,True,"VERDICT: BUG   REASON: The loop in the `add(ReadablePartial, …)` method uses `i <= isize`, causing it to iterate one element past the end of the `partial` and `values` arrays and potentially throw an IndexOutOfBoundsException."
Time,18,5,BUG,BUG,True,"VERDICT: BUG   REASON: The static cache `cCache` (a `HashMap` of mutable `ArrayList`s) is accessed without any synchronization, which can cause race conditions and data corruption in multithreaded use."
Time,19,1,NO BUG,BUG,False,"VERDICT: BUG REASON: The `convertLocalToUTC(long instantLocal, boolean strict, long originalInstantUTC)` method does not check for overflow when computing `instantLocal - offsetOriginal`, unlike the other conversion methods, allowing a silent long overflow."
Time,19,5,BUG,NO BUG,False,VERDICT: NO BUG   REASON: The shown excerpt only declares static fields and performs initialization via helper methods without evident logical errors or unsafe operations.
Time,2,1,NO BUG,BUG,False,"VERDICT: BUG   REASON: The compareTo method returns 1 when the other field is supported, making unsupported fields compare greater than supported ones and violating the Comparable contract’s antisymmetry, leading to inconsistent ordering."
Time,2,2,BUG,BUG,True,"VERDICT: BUG   REASON: hashCode() directly calls getName().hashCode() without null‑checking, so if a field’s name is null it throws NullPointerException and violates the equals/hashCode contract."
Time,2,3,BUG,BUG,True,"VERDICT: BUG   REASON: The `toString()` method uses the subtraction operator (`-`) to concatenate a string (`""UnsupportedDurationField["" - getName() + ']'`), which is invalid in Java and will cause a compilation error; it should use `+` for string concatenation."
Time,2,4,BUG,BUG,True,"VERDICT: BUG   REASON: The `toString` method uses the `-` operator for string concatenation (`""UnsupportedDurationField["" - getName()`) which is illegal in Java and causes a compilation error."
Time,20,3,BUG,BUG,True,"VERDICT: BUG   REASON: The loop copies all parsers and then accesses `copyOfParsers[i]` after the loop (where i == length), causing an out‑of‑bounds write and preventing the intended allowance of a trailing null parser."
Time,20,4,BUG,BUG,True,"VERDICT: BUG REASON: The loop iterates with `i <= length - 1` and then writes to `copyOfParsers[i]` after the loop, causing an ArrayIndexOutOfBoundsException and breaking the intended handling of a nullable last parser."
Time,22,3,BUG,BUG,True,"VERDICT: BUG   REASON: The field‑type comparison loop uses `i <= isize`, iterating past the last valid index and can cause an IndexOutOfBoundsException."
Time,22,4,BUG,BUG,True,"VERDICT: BUG   REASON: The `BasePeriod(long duration)` constructor incorrectly delegates to `this(duration, null, null)`, which uses a null (standard) PeriodType instead of a time‑only type, leading to erroneous month/year fields for certain durations (e.g., 31 days) as indicated by bug 3264409."
Time,24,3,BUG,BUG,True,"VERDICT: BUG   REASON: The loop iterates with `i <= count` instead of `i < count`, causing an out‑of‑bounds access to `savedFields[count]` when `iSavedFieldsCount` equals the number of stored fields."
Time,24,4,BUG,BUG,True,"VERDICT: BUG   REASON: The loop iterates with `i <= count` instead of `i < count`, leading to an out‑of‑bounds (or null) access of `savedFields[count]` when applying saved fields."
Time,25,2,BUG,BUG,True,"VERDICT: BUG   REASON: The `convertLocalToUTC(..., originalInstantUTC)` method subtracts the offset without overflow checking, violating its contract to throw an `ArithmeticException` when the result overflows a long."
Time,25,5,BUG,BUG,True,"VERDICT: BUG   REASON: The static cache fields (e.g., iFixedOffsetZones) are declared but never instantiated, so any code that accesses the cache will encounter a NullPointerException."
Time,26,2,BUG,BUG,True,"VERDICT: BUG   REASON: The getDifference and getDifferenceAsLong methods reuse the subtrahend's offset for the minuend when iTimeField is true, resulting in incorrect calculations across time‑zone offset transitions."
Time,26,5,BUG,NO BUG,False,VERDICT: NO BUG   REASON: The code correctly implements time‑zone handling and follows Joda‑Time's conventions without any evident logical or functional errors.
Time,27,1,NO BUG,BUG,False,"VERDICT: BUG   REASON: In `createComposite`, the `case 1:` branch incorrectly assumes the list has two elements and calls `elementPairs.get(1)`, which will throw an `IndexOutOfBoundsException` when the list size is actually 1 (the intended case should be `case 2:`)."
Time,27,2,BUG,BUG,True,"VERDICT: BUG   REASON: In createComposite, the case `size == 1` incorrectly accesses `elementPairs.get(1)`, which is out of bounds for a list containing only one element."
Time,27,3,BUG,BUG,True,"VERDICT: BUG   REASON: In `SimpleAffix.scan`, the loop iterates with `pos <= sourceLength` and then calls `periodStr.charAt(pos)`, which can cause a `StringIndexOutOfBoundsException` when `pos` reaches `sourceLength`."
Time,27,4,BUG,BUG,True,"VERDICT: BUG   REASON: The `scan` method’s loop uses `pos <= sourceLength` and calls `periodStr.charAt(pos)`, causing an out‑of‑bounds `StringIndexOutOfBoundsException` when it reaches the end of the string."
Time,27,5,BUG,NO BUG,False,"VERDICT: NO BUG   REASON: The shown code only declares constants, fields, imports, and a constructor that correctly calls clear(); no logical or syntactic errors are present in this segment."
Time,3,1,NO BUG,NO BUG,True,"VERDICT: NO BUG   REASON: All shown methods correctly handle null checks, zone conversion, and chronology/millis updates without logical errors."
Time,3,2,BUG,NO BUG,False,"VERDICT: NO BUG REASON: The methods correctly handle null checks, zone changes, field setting, and arithmetic without logical errors; the implementation aligns with Joda-Time's intended behavior."
Time,3,3,BUG,BUG,True,"VERDICT: BUG   REASON: The `setRounding(DateTimeField field, int mode)` method throws an IllegalArgumentException whenever `field != null` due to the condition `if (field != null || (mode < ROUND_NONE || mode > ROUND_HALF_EVEN))`, which prevents any valid rounding from being set; the condition should only reject unknown modes (e.g., `if (field != null && (mode < ROUND_NONE || mode > ROUND_HALF_EVEN))`)."
Time,3,4,BUG,BUG,True,"VERDICT: BUG   REASON: The `setRounding(DateTimeField field, int mode)` method uses an incorrect condition (`if (field != null || (mode < ROUND_NONE || mode > ROUND_HALF_EVEN))`) that throws an IllegalArgumentException for any non‑null field, thus blocking legitimate rounding setups."
Time,3,5,BUG,NO BUG,False,"VERDICT: NO BUG   REASON: The shown portion correctly validates the zone argument (throwing NPE for null) and, as per Joda‑Time’s design, will return a new MutableDateTime using the specified time zone in the omitted continuation. No logical error is evident."
Time,4,3,BUG,BUG,True,"VERDICT: BUG   REASON: The null‑check loop uses `i <= types.length` instead of `<`, causing an ArrayIndexOutOfBoundsException when accessing `types[types.length]`."
Time,4,4,BUG,BUG,True,"VERDICT: BUG REASON: The loop that checks for null entries iterates with `i <= types.length`, causing an out‑of‑bounds array access and throwing ArrayIndexOutOfBoundsException instead of the intended IllegalArgumentException."
Time,4,5,BUG,NO BUG,False,"VERDICT: NO BUG   REASON: The provided Partial class correctly defines its immutable fields, constructors, and supporting structures without any evident logical or runtime errors."
Time,5,1,NO BUG,NO BUG,True,"VERDICT: NO BUG   REASON: The provided implementation follows Joda‑Time’s established design, correctly parses strings, creates immutable periods, and does not contain any logical errors."
Time,5,2,BUG,BUG,True,"VERDICT: BUG   REASON: The factory method `years(int years)` passes a nine‑element int array to the `Period` constructor while `PeriodType.standard()` expects eight fields, causing an IllegalArgumentException due to mismatched array length."
Time,5,3,BUG,BUG,True,"VERDICT: BUG REASON: The for‑loop uses `i <= isize` instead of `i < isize`, causing an out‑of‑bounds access on the `types` and `values` arrays (and on the partial fields) when `i` equals `start.size()`."
Time,5,4,BUG,BUG,True,"VERDICT: BUG   REASON: The loop in `fieldDifference` iterates with `i <= isize`, which accesses index `size()` and throws an `IndexOutOfBoundsException`."
Time,6,3,BUG,BUG,True,"VERDICT: BUG   REASON: The for‑loop uses `i <= isize` instead of `i < isize`, which causes an out‑of‑bounds access to `values[i]` and `partial.getFieldType(i)` when processing the partial."
Time,6,4,BUG,BUG,True,"VERDICT: BUG   REASON: The loop `for (int i = 0, isize = partial.size(); i <= isize; i++)` iterates one step too far, causing out‑of‑bounds access on `partial.getFieldType(i)` and `values[i]`."
Time,7,2,BUG,BUG,True,"VERDICT: BUG   REASON: parseInto modifies the instant (calls instant.setMillis) without checking if the parser succeeded, so a failed parse (newPos < 0) still changes the instant."
Time,7,3,BUG,BUG,True,"VERDICT: BUG   REASON: The constructor only initializes iPrinter, iParser, iLocale, and iOffsetParsed, leaving the other final fields (iChrono, iZone, iPivotYear, iDefaultYear) uninitialized, which leads to a compilation error."
Time,7,4,BUG,BUG,True,"VERDICT: BUG   REASON: The public constructor fails to assign all final fields (iChrono, iZone, iPivotYear, iDefaultYear), leaving them uninitialized and causing a compilation error."
Time,7,5,BUG,NO BUG,False,"VERDICT: NO BUG REASON: The constructor correctly initializes all final fields with appropriate default values (null, false, 2000) in line with Joda‑Time’s specifications, so no bug is evident in the provided code."
Time,8,2,BUG,BUG,True,"VERDICT: BUG   REASON: The validation `if (minutesOffset < 0 || minutesOffset > 59)` wrongly rejects negative minute values, so legal cases like (0, -15) or (-2, -15) – which the Javadoc and specification allow – throw an IllegalArgumentException."
Time,8,3,BUG,NO BUG,False,"VERDICT: NO BUG REASON: The default time zone initialization uses proper double‑checked locking with a volatile field, handles null and invalid IDs safely, and there are no evident logical or concurrency errors in the shown code."
Time,8,4,BUG,BUG,True,"VERDICT: BUG   REASON: The constant `MAX_MILLIS` is defined as `(86400 * 1000) + 1`, incorrectly allowing offsets greater than the legal maximum of 24 hours by one millisecond."
Time,9,2,BUG,NO BUG,False,"VERDICT: NO BUG   REASON: The getDefault() implementation correctly uses double‑checked locking, safely handles nulls and exceptions, and properly falls back to UTC, so there is no functional bug in the shown code."
Time,9,3,BUG,BUG,True,"VERDICT: BUG   REASON: The constant `MAX_MILLIS` is defined as `(86400 * 1000) + 1`, allowing an offset of 86,400,001 ms (24 h + 1 ms) which exceeds the intended maximum offset of exactly 24 hours."
Chart,18,5,BUG,BUG,True,"VERDICT: BUG   REASON: getItemCount() returns keyIndexMap.size() instead of the actual number of stored entries (keyList/valueList size), so the reported item count can become incorrect if the map gets out of sync with the lists."
Chart,21,5,BUG,BUG,True,"VERDICT: BUG   REASON: The constructor sets rangeBounds to a non‑null Range(0.0, 0.0) even though the dataset is empty (min/max values are NaN), causing the dataset to report an incorrect range before any data is added."
Chart,22,1,NO BUG,NO BUG,True,"VERDICT: NO BUG   REASON: The methods correctly validate arguments, keep row and column collections synchronized, and retrieve or update objects as intended without logical errors."
Chart,8,5,BUG,BUG,True,"VERDICT: BUG   REASON: The `firstMillisecond` and `lastMillisecond` fields are not initialized to a sentinel (e.g., `Long.MIN_VALUE`), so any lazy‑caching logic that checks for that sentinel will treat the uninitialized values as valid and incorrectly return 0 (the epoch) for the start/end of the week."
Cli,1,1,NO BUG,NO BUG,True,"VERDICT: NO BUG REASON: The `hasOption` methods correctly resolve the option name and check its presence in the options set, with the char overload delegating properly, and there are no logical errors in the shown code."
Cli,1,5,BUG,BUG,True,"VERDICT: BUG   REASON: hasOption (and consequently getOptionObject) only checks the processedOptions map for the given name, ignoring long option names stored via longNameToKey, causing it to return false for valid long‑named options."
Cli,10,1,NO BUG,NO BUG,True,"VERDICT: NO BUG   REASON: The snippet correctly declares and initializes fields, imports, and methods without any evident logical or runtime errors."
Cli,10,2,BUG,NO BUG,False,"VERDICT: NO BUG   REASON: The shown code consists of straightforward field declarations, setters, getters, and an abstract method signature, all of which are syntactically correct and contain no logical errors."
Cli,10,3,BUG,BUG,True,"VERDICT: BUG   REASON: The condition `if (stopAtNonOption || !getOptions().hasOption(t))` mistakenly causes every token starting with “-” to be treated as an argument whenever `stopAtNonOption` is true, preventing recognized options from being parsed."
Cli,10,5,BUG,BUG,True,"VERDICT: BUG   REASON: Parser stores a direct reference to the mutable list returned by Options.getRequiredOptions() and removes entries during parsing, unintentionally mutating the Options object's internal required‑options list and causing incorrect required‑option validation on subsequent parses."
Cli,11,2,BUG,NO BUG,False,"VERDICT: NO BUG   REASON: The logic correctly adds square brackets only when the option group is optional and handles required status properly; the only problem is an inaccurate comment, not a functional flaw."
Cli,11,3,BUG,BUG,True,"VERDICT: BUG   REASON: `createPadding` incorrectly loops with `i <= len`, producing a padding string one character longer than the requested length, violating its contract."
Cli,11,4,BUG,BUG,True,VERDICT: BUG   REASON: In `findWrapPos` the forward‑search loop uses `while (pos <= text.length() && (c = text.charAt(pos)) …)` which can call `charAt(text.length())` and throw an `IndexOutOfBoundsException` when no whitespace is found after the wrap position.
Cli,11,5,BUG,NO BUG,False,VERDICT: NO BUG   REASON: The presented snippet only declares constants and public fields correctly without any logical errors or unsafe operations.
Cli,12,3,BUG,BUG,True,"VERDICT: BUG   REASON: The outer loop uses `i <= arguments.length`, so on the final iteration it accesses `arguments[i]` with `i == arguments.length`, causing an `ArrayIndexOutOfBoundsException`."
Cli,12,4,BUG,BUG,True,"VERDICT: BUG   REASON: The `for` loop uses `i <= arguments.length`, which causes an out‑of‑bounds array access (`arguments[i]`) when `i` equals `arguments.length`."
Cli,12,5,BUG,BUG,True,"VERDICT: BUG   REASON: The option‑value split logic incorrectly checks opts.hasOption(current.substring(0, 2)), which includes the hyphen and only the first character, so defined options like “-D” or “--foo” are never recognized and tokens such as “-Dprop=val” or “--foo=bar” are not split correctly."
Cli,13,1,NO BUG,NO BUG,True,"VERDICT: NO BUG   REASON: The file only defines an interface with method signatures and no implementation, so there is no functional defect present."
Cli,13,2,BUG,NO BUG,False,VERDICT: NO BUG   REASON: The interface compiles correctly and provides all required method signatures; the stray Javadoc comment is merely a documentation oversight and does not affect functionality.
Cli,13,5,BUG,NO BUG,False,VERDICT: NO BUG   REASON: The interface compiles correctly; the stray Javadoc comment is harmless documentation noise but does not affect functionality.
Cli,14,4,BUG,BUG,True,"VERDICT: BUG   REASON: The method can append a closing ']' twice for optional groups without outer brackets (lines 374 and 387‑389), producing malformed usage strings."
Cli,14,5,BUG,BUG,True,"VERDICT: BUG   REASON: The constructor mutates the passed‑in `options` list (removing Argument elements) and only creates an unmodifiable view of that same mutable list, causing unintended side‑effects on the caller’s data and violating the class’s immutability expectations."
Cli,15,1,NO BUG,BUG,False,"VERDICT: BUG   REASON: When no explicit values exist, getValues returns the internal defaultValues list directly (assigning valueList = defaultValues) instead of a copy, allowing callers to mutate the stored default values."
Cli,15,3,BUG,BUG,True,"VERDICT: BUG   REASON: In `getValues`, the loop `for (int i=valueList.size(); i<=defaultValues.size(); i++)` uses `<=`, causing an IndexOutOfBoundsException when accessing `defaultValues.get(i)` at the last iteration."
Cli,15,4,BUG,BUG,True,"VERDICT: BUG   REASON: In `getValues`, the condition `if ((valueList == null) && valueList.isEmpty())` calls `isEmpty()` on a null `valueList`, which will throw a NullPointerException."
Cli,16,1,NO BUG,NO BUG,True,"VERDICT: NO BUG   REASON: The snippet only contains interface method declarations and Javadoc comments, all syntactically correct and without functional defects."
Cli,16,2,BUG,BUG,True,"VERDICT: BUG   REASON: The interface contains Javadoc for `getParent()` and `setParent(...)` but does not declare the corresponding method signatures, leading to a compilation error."
Cli,16,5,BUG,NO BUG,False,VERDICT: NO BUG   REASON: The file only defines an interface with correctly declared method signatures and no executable logic that could contain a functional error.
Cli,17,1,NO BUG,BUG,False,"VERDICT: BUG REASON: In burstToken, when an unknown option character is encountered and stopAtNonOption is false, the code adds the entire token (tokens.add(token)) instead of the intended single‑character option (""-"" + ch), violating the documented algorithm and producing incorrect tokenization."
Cli,17,3,BUG,BUG,True,"VERDICT: BUG   REASON: The for‑loop in burstToken iterates with `i <= token.length()`, causing `token.charAt(i)` to be called with an index equal to the string length, which throws a StringIndexOutOfBoundsException."
Cli,17,4,BUG,BUG,True,"VERDICT: BUG REASON: The loop uses `i <= token.length()` and calls `token.charAt(i)`, which will throw a `StringIndexOutOfBoundsException` when `i` equals `token.length()`."
Cli,18,2,BUG,BUG,True,"VERDICT: BUG   REASON: The method never detects the `""--""` sentinel to set `eatTheRest`, so it fails to stop option parsing at the end‑of‑options marker, causing subsequent arguments to be incorrectly processed as options."
Cli,18,3,BUG,BUG,True,"VERDICT: BUG   REASON: The loop condition `i <= token.length()` causes `token.charAt(i)` to be invoked with an index equal to the string length, leading to an `IndexOutOfBoundsException` when bursting option tokens."
Cli,18,4,BUG,BUG,True,"VERDICT: BUG   REASON: The loop in burstToken uses `i <= token.length()` causing `token.charAt(i)` to be called with an index equal to the string length, leading to a StringIndexOutOfBoundsException."
Cli,19,1,NO BUG,BUG,False,"VERDICT: BUG   REASON: The `process` method’s outer condition `if (currentOption != null && currentOption.hasArg())` makes the inner `else if (currentOption.hasArgs())` unreachable, so options that accept multiple arguments are never handled correctly."
Cli,19,2,BUG,BUG,True,"VERDICT: BUG   REASON: The outer `if (currentOption != null && currentOption.hasArg())` prevents the inner `else if (currentOption.hasArgs())` from ever executing, so options that accept multiple arguments are mishandled."
Cli,19,3,BUG,BUG,True,"VERDICT: BUG   REASON: The loop in `burstToken` iterates with `i <= token.length()` and calls `token.charAt(i)`, which can access an index equal to the string length and cause a StringIndexOutOfBoundsException."
Cli,19,4,BUG,BUG,True,"VERDICT: BUG   REASON: The loop iterates with `i <= token.length()`, causing `token.charAt(i)` (and later `token.substring(i+1)`) to access an index equal to the string length, which throws a StringIndexOutOfBoundsException."
Cli,2,1,NO BUG,BUG,False,"VERDICT: BUG   REASON: In the `stopAtNonOption` branch the code calls `process(token.substring(i))` without adding the required ""`--`"" sentinel and without breaking out of the loop, so the remaining characters are mishandled and may be processed repeatedly."
Cli,2,2,BUG,BUG,True,"VERDICT: BUG REASON: When `stopAtNonOption` is true the code calls `process(token.substring(i))` but does not break out of the loop, so the rest of the token (and later arguments) are processed repeatedly, leading to duplicate or incorrect token handling."
Cli,2,3,BUG,BUG,True,"VERDICT: BUG   REASON: The loop in `burstToken` iterates with `i <= tokenLength`, causing `token.charAt(i)` to be called with an index equal to the string length, which throws a `StringIndexOutOfBoundsException`."
Cli,2,4,BUG,BUG,True,"VERDICT: BUG   REASON: The for‑loop in burstToken uses `i <= tokenLength`, so `token.charAt(i)` can access past the string’s end (e.g., for “-abc” or a single “-”), causing a StringIndexOutOfBoundsException."
Cli,20,3,BUG,BUG,True,"VERDICT: BUG   REASON: The loop condition `i <= token.length()` allows `i` to reach `token.length()`, causing an out‑of‑bounds `token.charAt(i)` access."
Cli,20,4,BUG,BUG,True,"VERDICT: BUG   REASON: The loop uses `i <= token.length()` and accesses `token.charAt(i)`, which goes past the end of the string and throws a `StringIndexOutOfBoundsException`."
Cli,21,1,NO BUG,NO BUG,True,"VERDICT: NO BUG   REASON: The file only defines an interface with method signatures and contains no executable logic errors; any raw type usage is a design/style concern, not a functional bug."
Cli,21,2,BUG,BUG,True,"VERDICT: BUG   REASON: The interface contains comments for “getCurrentOption” and “setCurrentOption” but omits their method declarations, leaving the API incomplete and causing compilation errors wherever these methods are expected."
Cli,21,5,BUG,BUG,True,"VERDICT: BUG   REASON: The interface includes a Javadoc comment for “Returns the option that is currently processed” but does not declare the corresponding method, resulting in an incomplete API."
Cli,22,1,NO BUG,BUG,False,"VERDICT: BUG   REASON: init() resets eatTheRest and tokens but leaves currentOption unchanged, so stale option state can persist across parses and corrupt token processing when the parser instance is reused."
Cli,22,2,BUG,BUG,True,"VERDICT: BUG   REASON: The code comments indicate a “holder for the current option” but the required `private Option opt;` field is omitted, leading to compile‑time errors when the parser later references this missing variable."
Cli,22,3,BUG,BUG,True,"VERDICT: BUG   REASON: The loop in burstToken uses i ≤ token.length() and calls token.charAt(i), which overruns the string bounds (e.g., for “-abc”) and throws a StringIndexOutOfBoundsException."
Cli,22,4,BUG,BUG,True,"VERDICT: BUG   REASON: The loop iterates with `i <= token.length()` and calls `token.charAt(i)`, which throws a `StringIndexOutOfBoundsException` when `i` reaches `token.length()`."
Cli,22,5,BUG,BUG,True,"VERDICT: BUG   REASON: The code checks `opts.hasOption(optName)` using the full token (e.g., “--foo”), but `Options.hasOption` expects the option name without the leading dashes, causing long options to never be recognized."
Cli,23,2,BUG,BUG,True,"VERDICT: BUG   REASON: The `findWrapPos` method mistakenly checks for a tab character (`'\t'`) instead of a carriage‑return (`'\r'`), contradicting the comment and leading to incorrect line‑wrap behavior for Windows line endings and tab characters."
Cli,23,3,BUG,BUG,True,"VERDICT: BUG   REASON: The `createPadding` method appends spaces in a loop using `i <= len`, resulting in a string of length len + 1 instead of the requested length len."
Cli,23,4,BUG,BUG,True,"VERDICT: BUG   REASON: The `createPadding` method iterates with `i <= len`, appending one too many spaces and thus returns a string longer than the specified length."
Cli,23,5,BUG,NO BUG,False,"VERDICT: NO BUG   REASON: The shown portion only defines constants and public fields without any computational logic, so no defect is evident in this code."
Cli,24,1,NO BUG,NO BUG,True,VERDICT: NO BUG   REASON: The excerpt only contains constant definitions and straightforward public field initializations with no operational logic that could introduce an error.
Cli,24,2,BUG,NO BUG,False,VERDICT: NO BUG   REASON: The presented snippet only declares correctly initialized constants and instance fields without any erroneous logic or unsafe operations.
Cli,24,3,BUG,BUG,True,"VERDICT: BUG   REASON: In `createPadding`, the loop uses `i <= len` which adds one extra space, creating a padding string of length len + 1 instead of the requested length."
Cli,24,4,BUG,BUG,True,"VERDICT: BUG   REASON: The `createPadding` method iterates with `i <= len`, producing `len+1` spaces (and potentially exceeding the intended length), which violates the method’s contract of returning a padding string of exactly `len` characters."
Cli,24,5,BUG,NO BUG,False,VERDICT: NO BUG   REASON: The shown code only declares correctly initialized constants and instance fields without any flawed logic or unsafe operations.
Cli,25,2,BUG,BUG,True,"VERDICT: BUG   REASON: The `findWrapPos` method mistakenly checks for `'\t'` (tab) instead of `'\r'` (carriage return), contradicting the comment and leading to incorrect line‑wrapping when tab characters are present."
Cli,25,3,BUG,BUG,True,"VERDICT: BUG   REASON: The createPadding method iterates with `i <= len`, generating `len+1` spaces instead of the requested `len` (off‑by‑one error)."
Cli,25,4,BUG,BUG,True,"VERDICT: BUG   REASON: In `findWrapPos`, the loop `while ((pos <= text.length()) && ((c = text.charAt(pos)) != ' ') …)` can call `text.charAt(text.length())`, causing a `StringIndexOutOfBoundsException` due to an off‑by‑one error."
Cli,26,2,BUG,BUG,True,"VERDICT: BUG   REASON: The `create()` method calls `create(null)`, causing the `Option` constructor to receive a null short option, which the `Option` class does not accept, so long‑only options cannot be created and an IllegalArgumentException is thrown."
Cli,26,5,BUG,BUG,True,"VERDICT: BUG   REASON: The builder stores all option properties in static mutable fields, so successive or concurrent uses share and overwrite state, causing incorrect Option configurations and a thread‑safety bug."
Cli,27,1,NO BUG,NO BUG,True,"VERDICT: NO BUG   REASON: The shown methods correctly manage the option map, selection state, and required flag without logical errors or missing initializations."
Cli,27,2,BUG,BUG,True,"VERDICT: BUG   REASON: `setSelected` stores and compares the selected option using `option.getOpt()` (the short name) while options are keyed by `option.getKey()`, so options that have only a long name are treated as null and the exclusivity logic breaks."
Cli,27,3,BUG,BUG,True,"VERDICT: BUG   REASON: In `setSelected`, the condition `if (selected == null && selected.equals(option.getKey()))` invokes `selected.equals(...)` when `selected` is null, causing a NullPointerException and preventing proper selection logic."
Cli,27,4,BUG,BUG,True,"VERDICT: BUG   REASON: The `setSelected` method checks `if (selected == null && selected.equals(option.getOpt()))`, which dereferences `selected` when it is null (causing a NullPointerException) and also never permits setting a selection when `selected` is initially null."
Cli,27,5,BUG,BUG,True,"VERDICT: BUG   REASON: setSelected stores and compares the option using option.getOpt() instead of option.getKey(), so options without a short name (or with only a long name) yield a null or mismatched key, breaking the mutual‑exclusion tracking."
Cli,28,1,NO BUG,BUG,False,"VERDICT: BUG   REASON: processProperties() assumes getOptions().getOption(option) is non‑null and calls methods on it, so an undefined property key causes a NullPointerException."
Cli,28,2,BUG,BUG,True,"VERDICT: BUG   REASON: The `break` inside the `else if` for non‑argument options prematurely exits the property loop, preventing later properties from being processed instead of simply skipping the current option."
Cli,28,3,BUG,BUG,True,"VERDICT: BUG   REASON: When stopAtNonOption is true the parser treats the single‑dash token “-” as a stop marker without adding it to the CommandLine, causing the dash argument to be lost."
Cli,28,4,BUG,BUG,True,"VERDICT: BUG   REASON: When `stopAtNonOption` is true, the parser discards a solitary “‑” token instead of adding it as an argument, causing that argument to be lost."
Cli,28,5,BUG,NO BUG,False,"VERDICT: NO BUG   REASON: The shown methods correctly copy the required options list and delegate parsing to the full‑parameter overloads, with no evident logical or runtime errors in the presented code."
Cli,29,1,NO BUG,BUG,False,"VERDICT: BUG REASON: stripLeadingAndTrailingQuotes dereferences `str` without checking for null, causing a NullPointerException when a null argument is passed."
Cli,29,2,BUG,BUG,True,"VERDICT: BUG   REASON: `stripLeadingAndTrailingQuotes` does not check for a null argument before calling `startsWith`/`endsWith`, causing a NullPointerException when `null` is passed."
Cli,29,3,BUG,BUG,True,"VERDICT: BUG   REASON: `stripLeadingAndTrailingQuotes` uses `str.substring(1, length + 1)`, which exceeds the string's bounds and throws a `StringIndexOutOfBoundsException` (the end index should be `length` or `length‑1`)."
Cli,29,4,BUG,BUG,True,"VERDICT: BUG   REASON: The trailing‑quote removal uses `str.substring(0, length + 1)`, which exceeds the string’s length and throws a `StringIndexOutOfBoundsException` (it should subtract 1 instead)."
Cli,29,5,BUG,BUG,True,"VERDICT: BUG   REASON: stripLeadingAndTrailingQuotes does not guard against a null argument, so calling it with null throws a NullPointerException."
Cli,3,1,NO BUG,BUG,False,"VERDICT: BUG   REASON: The `createDate` method never parses the input string—it always leaves `date` as null, prints an error, and returns null, making it unusable for valid date strings."
Cli,3,2,BUG,BUG,True,"VERDICT: BUG   REASON: The `createDate` method never parses the input string and always prints an error and returns null, so it cannot correctly create a `Date` from the provided string."
Cli,30,2,BUG,BUG,True,"VERDICT: BUG   REASON: In handleProperties the code calls options.getOption(option) without checking for null, so a property key that doesn’t correspond to a defined option will cause a NullPointerException."
Cli,30,3,BUG,BUG,True,"VERDICT: BUG   REASON: The loop iterates with `i <= arguments.length`, causing an ArrayIndexOutOfBoundsException when it accesses `arguments[i]` at the last iteration."
Cli,30,4,BUG,BUG,True,VERDICT: BUG   REASON: The parsing loop uses `i <= arguments.length` which accesses `arguments[arguments.length]` and throws an ArrayIndexOutOfBoundsException.
Cli,31,3,BUG,BUG,True,"VERDICT: BUG   REASON: The createPadding method appends len + 1 spaces (loop condition i <= len) instead of the requested len spaces, causing an off‑by‑one error."
Cli,31,4,BUG,BUG,True,"VERDICT: BUG   REASON: The `createPadding` method appends spaces in a loop using `i <= len`, producing `len+1` spaces instead of the requested `len`, an off‑by‑one error."
Cli,31,5,BUG,NO BUG,False,VERDICT: NO BUG   REASON: The presented code merely defines constants and public fields with correct initializations and does not contain any logical errors.
Cli,32,1,NO BUG,NO BUG,True,VERDICT: NO BUG   REASON: The shown code only defines constants and correctly‑initialized public fields without any erroneous logic or unsafe operations.
Cli,32,2,BUG,NO BUG,False,VERDICT: NO BUG   REASON: The snippet only defines constants and public fields correctly with proper initializations and contains no evident logical or syntactic errors.
Cli,33,1,NO BUG,BUG,False,"VERDICT: BUG   REASON: The condition `if (argName != null && argName.length() == 0)` fails to handle a null `argName`, so options with arguments but without an explicit argument name trigger a NullPointerException or omit the placeholder."
Cli,33,2,BUG,BUG,True,VERDICT: BUG   REASON: The null/empty check for an option’s argument name is incorrect (`if (argName != null && argName.length() == 0)`) which skips handling when `argName` is null and can cause a NullPointerException later in the method.
Cli,33,3,BUG,BUG,True,"VERDICT: BUG   REASON: printUsage computes `argPos` as `cmdLineSyntax.indexOf(' ') - 1` without checking for a missing space, resulting in an off‑by‑one (or negative) indentation value."
Chart,12,5,BUG,NO BUG,False,"VERDICT: NO BUG   REASON: The provided excerpt only contains class declarations, imports, and field definitions that are syntactically correct and do not exhibit any logical errors."
Chart,15,4,BUG,BUG,True,"VERDICT: BUG   REASON: The loop iterates with `for (int pass = 0; pass <= passesRequired; pass++)` which performs one pass too many, leading to extra drawing iterations and incorrect state updates."
Chart,3,1,NO BUG,BUG,False,"VERDICT: BUG   REASON: The `delete(int start, int end, boolean notify)` method fails to validate that `start` is ≥ 0 and `end` is < data.size(), so out‑of‑range indices cause an `IndexOutOfBoundsException` instead of a proper `IllegalArgumentException`."
Chart,6,2,BUG,BUG,True,"VERDICT: BUG   REASON: The custom `writeObject`/`readObject` logic ignores entries with a `-1` index, so null elements (especially trailing ones) are not re‑added, resulting in a deserialized list whose size and contents can differ from the original."
Chart,9,5,BUG,NO BUG,False,VERDICT: NO BUG   REASON: The shown constructors correctly delegate to the full constructor and the class fields are simply declared without any erroneous logic in the provided excerpt.
Cli,1,2,BUG,BUG,True,"VERDICT: BUG REASON: hasOption(String) only checks the options map and ignores the 'names' map that stores long option names, so it fails to recognize options specified by their long name."
Cli,12,1,NO BUG,BUG,False,"VERDICT: BUG   REASON: The `stopAtNonOption` flag is never honoured for arguments that don’t start with “‑”, because the code doesn’t set `eatTheRest` in that case, causing parsing to continue past the first non‑option instead of stopping as documented."
Cli,12,2,BUG,BUG,True,"VERDICT: BUG   REASON: The parser incorrectly uses arg.substring(0, 2) (with hyphens) to detect and split options like --foo=bar or -Dprop=val, so such arguments are never split into option and value and are mis‑parsed."
Cli,14,2,BUG,BUG,True,"VERDICT: BUG   REASON: The `validate` method calls `option.validate` for every child that is a `Group` regardless of whether that group is present, which can incorrectly trigger validation (e.g., missing‑option errors) for optional nested groups."
Cli,14,3,BUG,BUG,True,"VERDICT: BUG REASON: When a group is optional but not outer, the code appends a closing ‘]’ at line 374 and again at line 387, resulting in an extra bracket and malformed usage output."
Cli,25,1,NO BUG,BUG,False,"VERDICT: BUG   REASON: In `findWrapPos` the code checks for `'\t'` (tab) instead of `'\r'` (carriage return) as the documented whitespace character, so carriage‑return line breaks are not recognized and wrapping behaves incorrectly."
Cli,3,5,BUG,BUG,True,"VERDICT: BUG   REASON: The `createValue` method never handles `PatternOptionBuilder.BOOLEAN_VALUE`, so Boolean option arguments are not converted and result in a null value."
Cli,32,3,BUG,BUG,True,"VERDICT: BUG   REASON: The `printUsage` method calculates `argPos` as `cmdLineSyntax.indexOf(' ') - 1`, which can produce a negative or off‑by‑one value, causing incorrect indentation/wrapping of the usage line."
Cli,32,5,BUG,NO BUG,False,VERDICT: NO BUG REASON: The provided portion defines constants and default fields correctly without any logical or syntactic errors.
Cli,33,5,BUG,NO BUG,False,VERDICT: NO BUG   REASON: The shown code only defines constants and initializes configuration fields correctly without any logical errors or unsafe operations.
Cli,34,2,BUG,BUG,True,"VERDICT: BUG   REASON: The constructor does not assign the incoming `description` argument to the `description` field, leaving the option’s description null."
Cli,34,3,BUG,BUG,True,"VERDICT: BUG   REASON: The loop in `processValue` uses `if (values.size() == (numberOfArgs + 1)) break;`, which allows more tokens than the option’s declared `numberOfArgs` to be added, causing an off‑by‑one overflow of values."
Cli,34,4,BUG,BUG,True,"VERDICT: BUG   REASON: The split‑loop uses `if (values.size() == (numberOfArgs + 1))` which is off by one, causing it to add more values than the allowed `numberOfArgs` and potentially throwing a RuntimeException."
Cli,35,1,NO BUG,BUG,False,"VERDICT: BUG   REASON: getOptions() builds its collection only from shortOpts.values(), so options that lack a short name (long‑only options) are omitted, contradicting the method’s contract to return all defined Option objects."
Cli,35,2,BUG,BUG,True,"VERDICT: BUG   REASON: `getOptions()` builds its result from `helpOptions()`, which only copies `shortOpts.values()`, so any option that has only a long name (no short name) is omitted, violating the method’s contract to return *all* defined options."
Cli,36,1,NO BUG,BUG,False,"VERDICT: BUG   REASON: getNames() and getOptions() return direct views of the internal map (keySet and values), so callers can modify the OptionGroup’s internal state, violating encapsulation and potentially causing inconsistent behavior."
Cli,36,3,BUG,BUG,True,"VERDICT: BUG   REASON: The `setSelected` method uses `if (selected == null && selected.equals(option.getKey()))`, which dereferences `selected` when it is null, causing a NullPointerException and violating the intended “null OR equal” check."
Cli,36,4,BUG,BUG,True,"VERDICT: BUG   REASON: The `setSelected` method checks `if (selected == null && selected.equals(option.getKey()))`, which calls `selected.equals` when `selected` is null, causing a NullPointerException and also uses the wrong logical operator (should be `||`)."
Cli,37,3,BUG,BUG,True,"VERDICT: BUG   REASON: The for‑loop uses an illegal generic declaration `Enumeration<=?> e`, causing a compilation error; it should be `Enumeration<?> e`."
Cli,37,4,BUG,BUG,True,"VERDICT: BUG   REASON: The for‑loop uses an invalid generic declaration `Enumeration<=?> e = properties.propertyNames();`, which is syntactically incorrect and prevents the code from compiling."
Cli,38,1,NO BUG,BUG,False,"VERDICT: BUG   REASON: isNegativeNumber() returns true for any parseable numeric token instead of only negatives, so isArgument() can misclassify numbers as arguments regardless of sign."
Cli,38,3,BUG,BUG,True,VERDICT: BUG   REASON: The for‑loop declaration `for (Enumeration<=?> e = properties.propertyNames(); …)` contains an invalid generic syntax (`Enumeration<=?>`) that will not compile.
Cli,38,4,BUG,BUG,True,"VERDICT: BUG   REASON: The for‑loop declaration `for (Enumeration<=?> e = properties.propertyNames(); …)` is syntactically invalid (should be `Enumeration<?> e`), causing a compilation error."
Cli,38,5,BUG,NO BUG,False,"VERDICT: NO BUG   REASON: The shown code simply initializes parser state (options, flags, required‑option list, and clears groups) correctly and contains no evident logical or runtime error."
Cli,39,2,BUG,BUG,True,"VERDICT: BUG REASON: The `createValue` method returns `null` for unrecognized classes instead of throwing a `ParseException`, violating its contract and causing silent failures."
Cli,4,1,NO BUG,BUG,False,"VERDICT: BUG   REASON: The `break` at line 275 exits the properties‑processing loop when a non‑true flag is encountered, contradicting the comment and causing subsequent property defaults to be ignored; it should continue to the next property instead."
Cli,4,2,BUG,BUG,True,"VERDICT: BUG   REASON: The `break` statement inside the flag‑value check aborts the entire property‑iteration loop when a property’s value is not “yes/true/1”, preventing subsequent properties from being processed instead of merely skipping that option."
Cli,4,3,BUG,BUG,True,"VERDICT: BUG   REASON: The parser only clears values for options returned by options.helpOptions() instead of all defined options, leaving stale option values that can corrupt subsequent parses."
Cli,4,4,BUG,BUG,True,"VERDICT: BUG   REASON: When `stopAtNonOption` is true the code treats any token that starts with “‑” as a plain argument (setting `eatTheRest`), so it never parses recognized options before the first non‑option argument, contradicting the intended semantics of the flag."
Cli,40,2,BUG,BUG,True,"VERDICT: BUG   REASON: The overload `createValue(String, Object)` unconditionally casts the supplied `obj` to `Class<?>`, so if a non‑Class object is passed a `ClassCastException` occurs, violating the method’s contract."
Cli,5,1,NO BUG,BUG,False,"VERDICT: BUG   REASON: stripLeadingAndTrailingQuotes does not check for a null argument before invoking startsWith/endsWith, which can cause a NullPointerException."
Cli,5,2,BUG,NO BUG,False,"VERDICT: NO BUG   REASON: Both methods correctly handle all valid (non‑null) inputs, removing the appropriate leading hyphens or surrounding double quotes without causing index errors."
Cli,5,5,BUG,BUG,True,"VERDICT: BUG   REASON: Both methods assume the argument `input` is non‑null and will throw a NullPointerException when a null string is passed, which is not guarded against or documented."
Cli,7,3,BUG,BUG,True,"VERDICT: BUG   REASON: The `for (int i = 0; i <= sz; i++)` loop iterates one step too far, calling `pattern.charAt(i)` when `i == sz`, which throws a `StringIndexOutOfBoundsException`."
Cli,7,4,BUG,BUG,True,"VERDICT: BUG   REASON: The loop uses `i <= sz` and then calls `pattern.charAt(i)`, which accesses an index equal to the string length and throws a `StringIndexOutOfBoundsException`."
Cli,8,3,BUG,BUG,True,"VERDICT: BUG   REASON: The `createPadding` method erroneously uses `for (int i = 0; i <= len; ++i)`, which appends `len+1` spaces instead of the requested `len`, causing an off‑by‑one error."
Cli,8,4,BUG,BUG,True,"VERDICT: BUG   REASON: In `findWrapPos` the forward‑scan loop uses `pos <= text.length()` while still calling `text.charAt(pos)`, so when `pos` reaches the string length it attempts to read past the end and can throw a `StringIndexOutOfBoundsException`."
Cli,8,5,BUG,NO BUG,False,VERDICT: NO BUG   REASON: The excerpt only declares constants and configuration fields without any operational logic that could exhibit erroneous behavior.
Cli,9,2,BUG,BUG,True,"VERDICT: BUG   REASON: The `break` statement inside the non‑argument option handling prematurely exits the properties‑processing loop, skipping any remaining options instead of just skipping the current one."
Cli,9,3,BUG,BUG,True,"VERDICT: BUG REASON: The condition `if (stopAtNonOption || !getOptions().hasOption(t))` wrongly uses `||`, causing every option to be treated as a non‑option and terminating parsing whenever `stopAtNonOption` is true."
Cli,9,5,BUG,BUG,True,"VERDICT: BUG   REASON: setOptions stores a direct reference to the Options’ mutable required‑options list, which the parser later removes entries from, unintentionally mutating the Options object and breaking subsequent parses."
Closure,1,3,BUG,BUG,True,"VERDICT: BUG   REASON: The loop header `for (Iterator<=Var> it = scope.getVars(); it.hasNext(); )` uses invalid generic syntax (`Iterator<=Var>` instead of `Iterator<Var>`), causing a compilation error."
Closure,10,3,BUG,BUG,True,"VERDICT: BUG   REASON: The loop in `isLatin` uses `index <= len`, causing an out‑of‑bounds access to `s.charAt(len)` (and also fails on empty strings), so it throws `StringIndexOutOfBoundsException` instead of correctly checking all characters."
Closure,10,4,BUG,BUG,True,"VERDICT: BUG   REASON: In `isLatin`, the loop uses `index <= len`, causing `s.charAt(len)` to be called and throwing a `StringIndexOutOfBoundsException`; the condition should be `index < len`."
Closure,10,5,BUG,BUG,True,"VERDICT: BUG   REASON: The constant MAX_POSITIVE_INTEGER_NUMBER is defined as 2^53 instead of the correct JavaScript safe‑integer limit 2^53 − 1, leading to off‑by‑one errors when the code checks whether numeric literals fit within the safe integer range."
Closure,11,2,BUG,BUG,True,"VERDICT: BUG   REASON: The constant OVERRIDING_PROTOTYPE_WITH_NON_OBJECT is declared as a plain String instead of a DiagnosticType, which is inconsistent with the rest of the diagnostics and will cause incorrect handling (or compilation errors) when the code expects a DiagnosticType."
Closure,11,3,BUG,BUG,True,"VERDICT: BUG   REASON: The code incorrectly calculates the number of arguments with `int numArgs = call.getChildCount() + 1;` (should be `call.getChildCount() - 1`), leading to off‑by‑two argument count errors."
Closure,11,4,BUG,BUG,True,"VERDICT: BUG REASON: The argument count is computed as `call.getChildCount() + 1` instead of subtracting the callee (`- 1`), causing an off‑by‑two error and incorrect WRONG_ARGUMENT_COUNT warnings."
Closure,11,5,BUG,NO BUG,False,"VERDICT: NO BUG   REASON: The shown code correctly declares imports, constants, and diagnostic types without any syntactic or logical errors."
Closure,12,1,NO BUG,BUG,False,"VERDICT: BUG   REASON: The join operation incorrectly merges the `mayUseMap` with `putAll`, which overwrites existing entries and shares mutable sets instead of union‑ing the per‑variable use sets, causing loss of information and incorrect analysis."
Closure,12,2,BUG,BUG,True,"VERDICT: BUG   REASON: The join operation uses `putAll` to merge the `mayUseMap`s, which overwrites entries for the same variable instead of union‑ing their usage sets, contradicting the comment that the join should be a simple union and causing loss of reaching‑use information."
Closure,13,1,NO BUG,BUG,False,"VERDICT: BUG REASON: pop() decrements currentDepth without bounds checking, so a stray pop can make currentDepth negative and cause peek() to throw an IndexOutOfBoundsException."
Closure,13,2,BUG,BUG,True,"VERDICT: BUG   REASON: The for‑loop condition `changedScopeNodes == null || !changedScopeNodes.isEmpty()` causes the pass to never terminate once `getChangedScopeNodesForPass` returns null (no further changes), leading to an infinite loop."
Closure,13,4,BUG,BUG,True,VERDICT: BUG   REASON: The for‑loop declares `List<=Node>` which is syntactically invalid; it should be `List<Node>` causing a compile‑time error.
Closure,13,5,BUG,BUG,True,"VERDICT: BUG   REASON: The loop condition `while (changedScopeNodes == null || !changedScopeNodes.isEmpty())` uses `||` instead of `&&`, causing an infinite loop whenever `changedScopeNodes` is null."
Closure,14,3,BUG,BUG,True,"VERDICT: BUG   REASON: The for‑loop at line 168 uses malformed generic syntax (`DiGraphNode<=Node, Branch>`) which is invalid Java and will prevent the code from compiling."
Closure,14,5,BUG,BUG,True,"VERDICT: BUG   REASON: The comparator computes the order by subtracting two `int` positions, which can overflow and violate the `Comparator` contract, potentially causing incorrect ordering of CFG nodes."
Closure,15,1,NO BUG,BUG,False,"VERDICT: BUG   REASON: The code incorrectly references a non‑existent class name “GatherCandiates” (misspelled) instead of the intended “GatherCandidates”, leading to a compile‑time error."
Closure,15,3,BUG,BUG,True,"VERDICT: BUG   REASON: The SIDE_EFFECT_PREDICATE incorrectly flags every call as having side effects due to `if (n.isCall() || NodeUtil.functionCallHasSideEffects(n))`, making pure calls appear side‑effectful and preventing correct inlining."
Closure,15,5,BUG,NO BUG,False,"VERDICT: NO BUG REASON: The side‑effect predicate correctly handles null nodes, checks for calls and constructors, and safely recurses over child nodes without logical or runtime errors."
Closure,16,1,NO BUG,BUG,False,"VERDICT: BUG   REASON: Using typeReference.setString(typeName.replaceFirst(aliasName, aliasExpanded)) treats aliasName as a regular‑expression pattern, so identifiers containing regex metacharacters (e.g., ‘$’) are not correctly replaced."
Closure,16,2,BUG,BUG,True,"VERDICT: BUG REASON: In AliasedNode.applyAlias() the code clones the entire aliasDefinition node rather than its right‑hand side expression, inserting an invalid name node with its initializer and corrupting the AST."
Closure,16,3,BUG,BUG,True,"VERDICT: BUG   REASON: The alias-removal logic detaches the entire VAR parent whenever the parent is a VAR node (using `||`), which also removes other variables declared in the same statement instead of only the alias definition."
Closure,16,4,BUG,BUG,True,"VERDICT: BUG   REASON: The alias‑removal logic uses `||` instead of `&&` when checking if the parent is a `var` and has only one child, so it may detach the whole `var` statement even when it contains multiple declarations."
Closure,17,3,BUG,BUG,True,"VERDICT: BUG   REASON: The code computes the property name with `name.substring(ownerName.length() - 1)`, which is off‑by‑one and yields an incorrect string (e.g., “e.bar” instead of “bar”), causing overridden function lookup to fail."
Closure,17,4,BUG,BUG,True,"VERDICT: BUG   REASON: The property name is extracted with `name.substring(ownerName.length() - 1)`, which miscalculates the substring (should be `ownerName.length() + 1`), leading to an incorrect `propName` and preventing proper overridden‑function lookup."
Closure,18,2,BUG,BUG,True,"VERDICT: BUG   REASON: In the catch blocks for CircularDependencyException and MissingProvideException the code unconditionally returns null when hasErrors() is true, contradicting the comment that errors should be ignored in IDE mode; it fails to check the IDE‑mode flag (e.g., options.ideMode) before aborting."
Closure,18,3,BUG,BUG,True,"VERDICT: BUG REASON: The loop in toSourceArray() uses i <= numInputs, causing an out‑of‑bounds access when i equals numInputs."
Closure,18,4,BUG,BUG,True,"VERDICT: BUG   REASON: The loop in toSourceArray() iterates with `i <= numInputs`, causing an IndexOutOfBoundsException when accessing `inputs.get(i)` and `sources[i]` for i == numInputs."
Closure,19,3,BUG,BUG,True,"VERDICT: BUG REASON: The `caseEnumElementType` method uses `if (type != null || enumElementType.getPrimitiveType().equals(type))`, which should be an `&&` condition; as written it always returns the original EnumElementType whenever `type` is non‑null, preventing proper refinement of the primitive type after removing undefined."
Closure,19,4,BUG,BUG,True,"VERDICT: BUG   REASON: In `caseEnumElementType`, the condition uses `||` instead of `&&`, causing it to always return the original `EnumElementType` whenever the visited type is non‑null and never return the refined primitive type, thus failing to correctly restrict undefined types."
Closure,2,2,BUG,BUG,True,"VERDICT: BUG REASON: In `checkInterfaceConflictProperties` the code calls `implicitProto.getOwnPropertyNames()` without checking if `implicitProto` is null, so a proxy to a non‑existent object can cause a NullPointerException despite the comment indicating this case should be safe."
Closure,2,3,BUG,BUG,True,"VERDICT: BUG   REASON: The argument count is computed as `call.getChildCount() + 1` instead of subtracting the callee node, resulting in an off‑by‑two error when validating the number of arguments."
Closure,2,4,BUG,BUG,True,"VERDICT: BUG   REASON: The argument count is computed as `call.getChildCount() + 1`, which over‑counts arguments (it should subtract the callee node, e.g., `call.getChildCount() - 1`), leading to incorrect WRONG_ARGUMENT_COUNT warnings."
Closure,2,5,BUG,NO BUG,False,"VERDICT: NO BUG   REASON: The provided code segment only defines imports and constant diagnostics correctly, with no evident logical or compilation errors."
Closure,20,3,BUG,BUG,True,"VERDICT: BUG   REASON: The loop iterates with `i <= s.length()` and calls `s.charAt(i)`, causing a `StringIndexOutOfBoundsException` when `i` equals `s.length()`."
Closure,20,4,BUG,BUG,True,"VERDICT: BUG   REASON: The loop iterates with `i <= s.length()` and calls `s.charAt(i)`, causing an out‑of‑bounds access when `i` equals the string length."
Closure,20,5,BUG,BUG,True,"VERDICT: BUG   REASON: The `case Token.WHILE: case Token.DO:` block calls `tryMinimizeCondition` but does not return or break, causing fall‑through to later cases and potentially incorrect processing of while/do nodes."
Closure,21,3,BUG,BUG,True,"VERDICT: BUG   REASON: The code attempts to concatenate strings using the `-` operator on line 119 (`""The result of the '"" - Token.name...`), which is invalid and causes a compilation error."
Closure,21,4,BUG,BUG,True,"VERDICT: BUG   REASON: Line 136 uses the '-' operator instead of '+' for string concatenation, causing a compilation error."
Closure,22,3,BUG,BUG,True,"VERDICT: BUG   REASON: The diagnostic message construction uses `""-""` instead of `""+""` for string concatenation (`""The result of the '"" - Token.name(...).toLowerCase() + ""' operator …""`), which is a compile‑time error."
Closure,22,4,BUG,BUG,True,"VERDICT: BUG   REASON: The message construction uses `""The result of the '"" - Token.name(...).toLowerCase() + ...`, employing the `-` operator on strings, which is illegal and prevents the code from compiling."
Closure,23,2,BUG,BUG,True,"VERDICT: BUG   REASON: In tryFoldArrayAccess the loop stores the previous element in ‘elem’ (or null for index 0) and later uses it, causing an off‑by‑one error that mis‑selects or rejects the correct array element."
Closure,23,3,BUG,BUG,True,"VERDICT: BUG   REASON: The code assumes any identifier named ""Object"" refers to the built‑in Object and folds `left instanceof Object` to true without verifying that the name isn’t shadowed, which can change program semantics."
Closure,23,4,BUG,BUG,True,"VERDICT: BUG   REASON: The out‑of‑bounds check in tryFoldArrayAccess uses `i <= intIndex` and only tests `elem == null`, so when the index exceeds the number of elements the loop stops with `elem` pointing to the last element, causing an incorrect fold instead of returning undefined or an error."
Closure,24,1,NO BUG,BUG,False,"VERDICT: BUG REASON: The call `report(anonymousFnNode, GOOG_SCOPE_HAS_BAD_PARAMETERS);` on line 317 omits the required `NodeTraversal t` argument, violating the method’s signature and causing a compilation error."
Closure,24,2,BUG,BUG,True,"VERDICT: BUG   REASON: The `for` loop in `getSourceRegion` uses an incorrect `||` condition and calls `testNode.isScript()` without null‑checking, causing it to either skip needed iterations or throw a NullPointerException when climbing the AST."
Closure,24,3,BUG,BUG,True,"VERDICT: BUG REASON: The removal condition uses `||` instead of `&&`, so any alias defined inside a `var` statement causes the whole `var` declaration (including other variables) to be detached, potentially deleting unrelated code."
Closure,24,4,BUG,BUG,True,"VERDICT: BUG   REASON: The removal logic uses `if (aliasDefinition.getParent().isVar() || aliasDefinition.getParent().hasOneChild())` which detaches the entire VAR statement even when it contains multiple variable declarations, instead of only when the VAR has a single child (should be `&&`)."
Closure,25,4,BUG,BUG,True,"VERDICT: BUG   REASON: The enhanced for‑loop declaration on line 152 uses malformed generic syntax (`DiGraphEdge<=Node, Branch>`), which is a compile‑time error and prevents the code from compiling."
Closure,26,1,NO BUG,BUG,False,"VERDICT: BUG   REASON: The `toModuleName` methods rely on `File.separator` to strip “./” and replace path separators, but module filenames and `require` strings use forward slashes, so on Windows (or any case with forward‑slash paths) the leading “./” isn’t removed and “/” isn’t replaced, producing illegal JavaScript identifiers."
Closure,26,2,BUG,BUG,True,"VERDICT: BUG   REASON: Using `replaceAll` with `MODULE_NAME_SEPARATOR` set to ""$"" treats ""$"" as a regex group reference, causing an IllegalArgumentException at runtime when a filename contains a file separator."
Closure,26,3,BUG,BUG,True,"VERDICT: BUG   REASON: The constant `DEFAULT_FILENAME_PREFIX` incorrectly uses the `-` operator on string literals (`""."" - File.separator`), which is illegal in Java and causes a compilation error."
Closure,26,4,BUG,BUG,True,"VERDICT: BUG   REASON: The constant `DEFAULT_FILENAME_PREFIX` incorrectly uses the subtraction operator on strings (`""."" - File.separator`) instead of concatenation, which is invalid Java syntax and prevents the code from compiling."
Closure,26,5,BUG,BUG,True,"VERDICT: BUG   REASON: The overload of toModuleName creates java.net.URI objects directly from file-system paths containing the system’s file‑separator (e.g., “\” on Windows), which are illegal in URIs and cause URISyntaxException or incorrect resolution of relative module filenames."
Closure,27,1,NO BUG,BUG,False,"VERDICT: BUG REASON: The `doNode` method only checks that the body is a block and fails to validate that the condition is a proper expression, potentially creating malformed AST nodes."
Closure,28,2,BUG,BUG,True,"VERDICT: BUG   REASON: In addIdentifier the code calls add(ESTIMATED_IDENTIFIER), but CompiledSizeEstimator has no add(String) method (only add(Node) and append(String)), so this will not compile and fails to update the cost correctly."
Closure,28,3,BUG,BUG,True,"VERDICT: BUG   REASON: In `append(String str)`, it uses `str.charAt(str.length() + 1)`, which is out of range and will throw a `StringIndexOutOfBoundsException`."
Closure,28,4,BUG,BUG,True,"VERDICT: BUG   REASON: The `append` method incorrectly accesses `str.charAt(str.length() + 1)`, which is out of bounds and will cause a `StringIndexOutOfBoundsException`."
Closure,29,3,BUG,BUG,True,"VERDICT: BUG   REASON: The for‑loop uses the malformed generic type `Iterator<=Var>` instead of `Iterator<Var>`, causing a compilation error."
Closure,29,4,BUG,BUG,True,VERDICT: BUG   REASON: The iterator declaration in line 85 uses invalid generic syntax (“Iterator<=Var>”) which will not compile.
Closure,3,1,NO BUG,BUG,False,"VERDICT: BUG   REASON: The side‑effect detection in the `apply` method omits other side‑effecting constructs (e.g., increment/decrement and assignment nodes), so it may incorrectly treat unsafe definitions as side‑effect‑free and inline them."
Closure,3,3,BUG,BUG,True,"VERDICT: BUG   REASON: The side‑effect predicate incorrectly uses `if (n.isCall() || NodeUtil.functionCallHasSideEffects(n))`, causing all call nodes (including pure ones) to be treated as having side effects (and potentially invoking `functionCallHasSideEffects` on non‑call nodes), which misclassifies nodes and can prevent correct inlining."
Closure,3,4,BUG,BUG,True,"VERDICT: BUG   REASON: The side‑effect predicate uses `n.isCall() || NodeUtil.functionCallHasSideEffects(n)`, which marks every CALL node as having side effects (and may even invoke `functionCallHasSideEffects` on non‑call nodes), causing incorrect side‑effect detection and overly conservative inlining."
Closure,3,5,BUG,BUG,True,"VERDICT: BUG   REASON: The SIDE_EFFECT_PREDICATE only checks for calls, `new` and `delprop` nodes, overlooking other side‑effecting constructs like assignments and ++/-- operators, which can cause unsafe variable inlining."
Closure,30,3,BUG,BUG,True,"VERDICT: BUG   REASON: The code tries to instantiate a non‑existent class `GatherCandiates` (misspelled), which will cause a compilation error."
Closure,30,4,BUG,BUG,True,"VERDICT: BUG   REASON: The `SIDE_EFFECT_PREDICATE` incorrectly returns true for any call node due to the `n.isCall() || NodeUtil.functionCallHasSideEffects(n)` condition, making all function calls appear side‑effectful and preventing legitimate variable inlining."
Closure,31,1,NO BUG,BUG,False,"VERDICT: BUG   REASON: The `devMode` flag is never used, so the catch blocks always abort parsing with `if (hasErrors()) return null;` even though the comments say errors should be ignored in IDE mode, causing unintended early termination."
Closure,31,3,BUG,BUG,True,"VERDICT: BUG   REASON: The `toSourceArray()` method iterates with `i <= numInputs`, which accesses `inputs.get(numInputs)` and `sources[numInputs]` out of bounds, causing an IndexOutOfBoundsException."
Closure,31,4,BUG,BUG,True,"VERDICT: BUG   REASON: The `toSourceArray()` method iterates with `i <= numInputs` instead of `i < numInputs`, causing an out‑of‑bounds access on the `inputs` list and the `sources` array."
Closure,31,5,BUG,NO BUG,False,"VERDICT: NO BUG   REASON: The snippet only includes licensing, package and import declarations with no executable logic, so no bug can be identified."
Closure,32,3,BUG,BUG,True,"VERDICT: BUG REASON: The whitespace‑preservation loop iterates with “i <= numSpaces”, adding one more space than intended and causing an off‑by‑one error."
Closure,32,4,BUG,BUG,True,"VERDICT: BUG   REASON: In the toString method the ANNOTATION case returns `""@"" - stream.getString();`, using the subtraction operator on strings instead of concatenation, which is a compile‑time error."
Closure,32,5,BUG,NO BUG,False,"VERDICT: NO BUG   REASON: The provided code correctly defines the error-reporting helper class and its methods, and all fields and imports are used appropriately without any logical or compile‑time errors."
Closure,4,2,BUG,BUG,True,"VERDICT: BUG   REASON: finishPropertyContinuations() nulls out propertyContinuations even when the referenced type is null or unknown, discarding pending property continuations that need to be retained for later resolution."
Closure,4,3,BUG,BUG,True,"VERDICT: BUG   REASON: The loop in lookupViaProperties uses i <= componentNames.length, causing an out‑of‑bounds access to componentNames[i] on the last iteration."
Closure,4,4,BUG,BUG,True,"VERDICT: BUG   REASON: The loop in `lookupViaProperties` iterates with `i <= componentNames.length`, causing an out‑of‑bounds access to `componentNames[i]` when `i` equals the array length."
Closure,4,5,BUG,NO BUG,False,"VERDICT: NO BUG   REASON: The class properly validates inputs, initializes its state, and the shown defineProperty logic safely defers property definition for unresolved types without any evident logical error."
Closure,5,3,BUG,BUG,True,"VERDICT: BUG   REASON: The for‑loop declares the iterator as `Iterator<=Var>` which is invalid Java syntax (should be `Iterator<Var>`), causing the code not to compile."
Closure,5,4,BUG,BUG,True,VERDICT: BUG   REASON: The for‑loop declaration uses incorrect generic syntax (`Iterator<=Var>`) which will not compile; it should be `Iterator<Var>`.
Closure,6,3,BUG,BUG,True,"VERDICT: BUG   REASON: On line 734 the code uses the subtraction operator (`-`) to join strings (`objectType.toString() - ""."" + propName`) which is illegal in Java; it should use string concatenation (`+`)."
Closure,6,4,BUG,BUG,True,"VERDICT: BUG   REASON: The code mistakenly uses the `-` operator for string concatenation at line 742 (`objectType.toString() - ""."" + propName`), causing a compilation error; it should use `+` to concatenate the strings."
Closure,6,5,BUG,NO BUG,False,"VERDICT: NO BUG REASON: The shown code correctly defines constants, fields, and diagnostic messages without any evident logical or compilation errors."
Closure,7,2,BUG,BUG,True,"VERDICT: BUG REASON: In caseObjectType the branch for value.equals(""function"") returns null when resultEqualsValue is false, discarding all object types instead of only filtering out function subtypes, so non‑function objects are incorrectly removed."
Closure,7,3,BUG,BUG,True,"VERDICT: BUG REASON: In `caseEnumElementType`, the condition `if (type != null || enumElementType.getPrimitiveType().isEquivalentTo(type))` is inverted, causing the visitor to always return the original `EnumElementType` and never apply the intended undefined-type restriction."
Closure,7,4,BUG,BUG,True,"VERDICT: BUG   REASON: The `caseEnumElementType` method uses `type != null || enumElementType.getPrimitiveType().isEquivalentTo(type)`, which both incorrectly retains the enum element type when the primitive changes and can invoke `isEquivalentTo` on a null `type`, leading to wrong results or a NullPointerException."
Closure,7,5,BUG,BUG,True,"VERDICT: BUG   REASON: The `append` method only validates that the new link has no tail but fails to ensure that the current interpreter is itself the last link (and doesn’t check for a null argument), so appending to a non‑tail can overwrite an existing chainTail and corrupt the interpreter chain."
Closure,8,3,BUG,BUG,True,"VERDICT: BUG   REASON: The guard `if (!n.isVar() || !canBeRedeclared(...)) return;` incorrectly uses `||` instead of `&&`, causing every node to be skipped and preventing any collapses from being recorded."
Closure,8,4,BUG,BUG,True,"VERDICT: BUG   REASON: The condition `if (!n.isVar() || !canBeRedeclared(n, t.getScope())) return;` uses `||` instead of `&&`, causing every `VAR` node (for which `canBeRedeclared` is always false) to be skipped and thus no collapses are ever collected."
Closure,8,5,BUG,BUG,True,"VERDICT: BUG   REASON: The constructor’s precondition is inverted—it asserts that the AST is not normalized, but the pass requires a normalized AST, so the check should be `compiler.getLifeCycleStage().isNormalized()` (without the `!`)."
Closure,9,1,NO BUG,BUG,False,"VERDICT: BUG   REASON: Using `String.replaceAll` to replace `/` with `$` treats `$` as a regex group reference, causing an `IllegalArgumentException` for any filename containing a slash."
Closure,9,2,BUG,BUG,True,"VERDICT: BUG   REASON: `normalizeSourceName` never converts Windows backslashes to forward slashes despite the comment, so module names can contain “\” characters or cause URI parsing errors, leading to invalid rewritten code on Windows systems."
Closure,9,3,BUG,BUG,True,"VERDICT: BUG   REASON: The constant DEFAULT_FILENAME_PREFIX is defined with the invalid string subtraction operator (`""."" - MODULE_SLASH`), which won’t compile and should use string concatenation (`""."" + MODULE_SLASH`)."
Closure,9,4,BUG,BUG,True,"VERDICT: BUG   REASON: The line `public static final String DEFAULT_FILENAME_PREFIX = ""."" - MODULE_SLASH;` uses the subtraction operator on strings, which is illegal and should concatenate the strings (e.g., `""./""`)."
Lang,10,1,NO BUG,BUG,False,"VERDICT: BUG   REASON: The `escapeRegex` method fails to escape regex metacharacters that appear inside quoted literals (it breaks out of the switch after handling a quote, so characters like `[`, `]`, `(`, etc., are appended unescaped), resulting in malformed regular expressions and parsing failures."
Lang,11,1,NO BUG,BUG,False,"VERDICT: BUG   REASON: The surrogate‑handling code can cause the while loop to never terminate (e.g., when a low or high surrogate is chosen at the last index or the source array contains only surrogates) because it increments count without writing a character, leading to an infinite loop."
Lang,11,4,BUG,BUG,True,"VERDICT: BUG   REASON: In the default branch the code sets `end = 'z' - 1` (instead of the proper exclusive upper bound), which excludes characters like ‘y’ and ‘z’ from the generated string and contradicts the documented ASCII printable range."
Lang,12,4,BUG,BUG,True,"VERDICT: BUG   REASON: The default branch sets `end = 'z' - 1`, and later uses `gap = end - start` with `random.nextInt(gap) + start`, which unintentionally excludes the characters ‘y’ and ‘z’ (off‑by‑one error) despite the comment stating the range should include up to ‘z’."
Lang,13,5,BUG,NO BUG,False,"VERDICT: NO BUG REASON: The `clone` method correctly serializes and deserializes the object, manages resources in a finally block, and throws appropriate exceptions without any logical errors."
Lang,14,1,NO BUG,NO BUG,True,"VERDICT: NO BUG REASON: The null checks, type checks, and use of CharSequenceUtils.regionMatches with Math.max correctly return false for unequal lengths without causing errors, so the logic is sound."
Lang,15,2,BUG,BUG,True,"VERDICT: BUG   REASON: The check `if (cls.getTypeParameters().length > 0 || toClass.equals(cls))` prematurely returns for any generic class, preventing the recursive traversal needed to resolve type arguments and thus yields incorrect (often empty) mappings."
Lang,22,2,BUG,BUG,True,"VERDICT: BUG REASON: The `greatestCommonDivisor` method calls `Math.abs` on `Integer.MIN_VALUE`, which overflows to a negative value and triggers the early‑return clause, causing an incorrect GCD (e.g., for inputs like `Integer.MIN_VALUE` and `2`)."
Lang,22,5,BUG,BUG,True,"VERDICT: BUG   REASON: The static constant `TWO_QUARTERS` is created with `new Fraction(2, 4)`, but the `Fraction` constructor reduces fractions to lowest terms, so it actually represents 1/2, contradicting its documentation that it should represent 2/4."
Lang,23,1,NO BUG,NO BUG,True,"VERDICT: NO BUG   REASON: The constructors correctly initialize the superclass, locale, registry, and pattern without any logical errors or missing initializations in the shown code."
Lang,24,5,BUG,NO BUG,False,"VERDICT: NO BUG   REASON: The shown code merely defines immutable wrapper constants and simple, correctly‑implemented conversion utilities, with no logical or functional errors."
Lang,26,1,NO BUG,BUG,False,"VERDICT: BUG   REASON: The `format(Date, StringBuffer)` method creates a `GregorianCalendar` with only the time zone (omitting `mLocale`), so locale‑dependent fields are formatted using the default locale instead of the intended one."
Lang,26,3,BUG,BUG,True,"VERDICT: BUG   REASON: The code treats any year pattern with fewer than four characters as a two‑digit year, so patterns like `""yyy""` incorrectly produce a two‑digit year instead of the full year, deviating from the expected `SimpleDateFormat` behavior."
Lang,26,4,BUG,BUG,True,"VERDICT: BUG   REASON: The loop uses `i <= length`, which lets `parseToken` be called with an index equal to the pattern length and causes a `StringIndexOutOfBoundsException`."
Lang,27,1,NO BUG,BUG,False,"VERDICT: BUG   REASON: The method returns `null` for strings starting with ""--"" (e.g., ""--123"") instead of throwing a `NumberFormatException`, contradicting the Javadoc contract that only a `null` argument may produce a `null` result."
Lang,27,5,BUG,NO BUG,False,"VERDICT: NO BUG   REASON: The static wrapper constants are correctly instantiated and the `toInt` overload safely handles null and parsing failures, so the shown implementation behaves as documented without functional errors."
Lang,29,1,NO BUG,BUG,False,"VERDICT: BUG   REASON: isOSNameMatch only checks for a null osName but not for a null osNamePrefix, causing a NullPointerException if the prefix argument is null."
Lang,30,1,NO BUG,BUG,False,"VERDICT: BUG   REASON: In indexOfAny(CharSequence, char[]) a high‑surrogate match is accepted without checking that the following character in both the source and the search array is a low surrogate, causing false‑positive matches for invalid surrogate pairs."
Lang,34,2,BUG,BUG,True,"VERDICT: BUG REASON: The registry uses a `WeakHashMap` (keyed by objects and compared via `equals`) for cycle detection, so distinct objects that are equal are mistakenly considered already registered, causing false circular‑reference detection."
Lang,36,5,BUG,NO BUG,False,"VERDICT: NO BUG   REASON: The class only defines immutable numeric constants and provides straightforward conversion methods that correctly handle null inputs and parsing failures, without any logical errors."
Lang,38,3,BUG,BUG,True,"VERDICT: BUG   REASON: The for‑loop uses `i <= length`, so after processing the last token `i` becomes `length` and `parseToken` is invoked with an out‑of‑range index, causing a StringIndexOutOfBoundsException (off‑by‑one error)."
Lang,42,1,NO BUG,BUG,False,"VERDICT: BUG   REASON: The escape(Writer, String) method only increments the loop index for supplementary characters when no named entity is found, so if a supplementary code point has an entity name the low‑surrogate is processed again, leading to malformed escaping."
Lang,49,1,NO BUG,BUG,False,"VERDICT: BUG REASON: The `abs()` method negates the numerator without checking for `Integer.MIN_VALUE`, causing overflow and failing to produce a positive fraction as documented."
Lang,51,1,NO BUG,NO BUG,True,VERDICT: NO BUG REASON: The implementation correctly performs case‑insensitive checks
Lang,54,1,NO BUG,BUG,False,"VERDICT: BUG   REASON: The `localeLookupList(Locale locale)` method erroneously calls `localeLookupList(locale, locale)` instead of using a separate default locale (e.g., `Locale.getDefault()`), causing the fallback logic to be incorrect."
Lang,55,1,NO BUG,BUG,False,"VERDICT: BUG   REASON: The `split()` method fails to verify that the stopwatch is not already split, allowing multiple splits to overwrite the previous split time instead of raising an IllegalStateException as the contract requires."
Lang,56,5,BUG,NO BUG,False,"VERDICT: NO BUG   REASON: The excerpt only defines constants, static caches, and a final pattern field with no apparent logical or runtime errors."
Lang,58,2,BUG,NO BUG,False,VERDICT: NO BUG   REASON: The code only defines immutable wrapper constants and correctly delegates stringToInt to toInt without any logical error.
Lang,61,5,BUG,BUG,True,"VERDICT: BUG   REASON: The class declares a serialVersionUID and comments that it’s “required for serialization support,” yet it does not implement java.io.Serializable, so instances cannot actually be serialized."
Lang,8,3,BUG,BUG,True,"VERDICT: BUG   REASON: The loop uses `i <= length` causing `parseToken` to be invoked with an index equal to the pattern length, which can access `mPattern.charAt(length)` and throw an `IndexOutOfBoundsException`."
Lang,8,4,BUG,BUG,True,"VERDICT: BUG   REASON: The loop uses `i <= length` causing a call to `parseToken` with a start index equal to the pattern length, which can trigger an out‑of‑bounds access."
Math,1,2,BUG,BUG,True,"VERDICT: BUG   REASON: With epsilon = 0 the integer‑value shortcut `FastMath.abs(a0 - value) < epsilon` never fires, so an exact integer double causes `r0 - a0` to be zero, leading to an overflow/exception instead of returning the correct “value/1” fraction."
Math,16,3,BUG,NO BUG,False,"VERDICT: NO BUG   REASON: The exponent extraction uses proper bit‑wise operations and the table initialization/main logic are consistent with the intended behavior, showing no functional defect."
Math,16,4,BUG,NO BUG,False,"VERDICT: NO BUG   REASON: The exponent extraction correctly masks and shifts IEEE‑754 bits, and the surrounding initialization code follows proper static loading logic without functional errors."
Math,5,1,NO BUG,NO BUG,True,"VERDICT: NO BUG REASON: The complex division, reciprocal, and equality methods correctly handle NaN, infinities, zero, and scaling to avoid overflow without any logical errors."
Math,7,1,NO BUG,BUG,False,"VERDICT: BUG   REASON: The TreeSet comparator orders solely by event time, so distinct EventState instances with identical times compare as equal and one is dropped, causing simultaneous events to be missed."
Math,8,1,NO BUG,NO BUG,True,"VERDICT: NO BUG REASON: All methods correctly implement probability lookup, sample generation, and edge‑case handling without logical or runtime errors."
Mockito,1,1,NO BUG,BUG,False,"VERDICT: BUG   REASON: The varargs handling in `captureArgumentsFrom` miscalculates argument indexes—`invocation.getRawArguments()[position - indexOfVararg]` accesses the wrong element (or out‑of‑bounds) when multiple vararg matchers are present, leading to incorrect or failing captures."
Mockito,10,2,BUG,BUG,True,"VERDICT: BUG   REASON: The invocation matching is reversed – `container.getInvocationForStubbing().matches(stubbedInvocationMatcher.getInvocation())` should be `stubbedInvocationMatcher.getInvocation().matches(container.getInvocationForStubbing())`, otherwise previously recorded deep‑stub invocations are never found."
Mockito,15,1,NO BUG,NO BUG,True,"VERDICT: NO BUG REASON: The method correctly handles injection when there is exactly one candidate and otherwise returns an injecter that does nothing, matching its intended contract."
Mockito,17,5,BUG,BUG,True,"VERDICT: BUG   REASON: The `answerForDefault` field is never initialized (e.g., to `Answers.RETURNS_DEFAULTS`), so `getDefaultAnswer()` can return null and cause a NullPointerException during mock handling."
Mockito,19,2,BUG,NO BUG,False,"VERDICT: NO BUG REASON: The method properly handles the single‑mock case by attempting setter then field injection with appropriate exception handling, and returns a no‑op injector when no unique candidate is present."
Mockito,19,5,BUG,NO BUG,False,"VERDICT: NO BUG REASON: The code correctly distinguishes a single mock candidate for injection (using setter then field) and returns a no‑op injector for zero or multiple candidates, without any logical errors."
Mockito,22,1,NO BUG,BUG,False,"VERDICT: BUG   REASON: The array comparison only checks length and element equality, so two empty arrays of different component types are considered equal, which is incorrect."
Mockito,22,5,BUG,BUG,True,"VERDICT: BUG   REASON: The equality logic treats arrays of different component types (e.g., int[] vs Integer[]) as equal by only comparing lengths and element values, without checking that the arrays have the same runtime type."
Mockito,25,2,BUG,BUG,True,"VERDICT: BUG   REASON: The stub-matching loop uses `container.getInvocationForStubbing().matches(...)` instead of matching the current `invocation`, causing incorrect matching (and a possible NullPointerException) and preventing proper deep‑stub behavior."
Mockito,26,1,NO BUG,NO BUG,True,"VERDICT: NO BUG   REASON: The class correctly maps wrapper classes to primitive types and provides appropriate default values, with no logical errors in its methods."
Mockito,29,1,NO BUG,NO BUG,True,"VERDICT: NO BUG   REASON: The matcher correctly uses `==` for identity comparison and the description logic properly adds quoting only for strings or characters, with no logical errors."
Mockito,31,2,BUG,BUG,True,"VERDICT: BUG   REASON: ThrowingInterceptor keeps a full InvocationOnMock reference, which retains the original mock and its arguments and prevents them from being garbage‑collected, leading to a memory‑leak issue."
Mockito,35,1,NO BUG,NO BUG,True,VERDICT: NO BUG   REASON: All methods correctly register the appropriate matcher and return suitable dummy values without any logic or compilation errors.
Mockito,35,2,BUG,BUG,True,"VERDICT: BUG   REASON: The `eq(byte)` method returns `reportMatcher(...).returnZero()`, which yields an `int` and cannot be implicitly narrowed to `byte`, resulting in a compile‑time type mismatch."
Mockito,4,2,BUG,BUG,True,"VERDICT: BUG   REASON: The `tooManyActualInvocationsInOrder` and `tooLittleActualInvocationsInOrder` methods concatenate the prefix and message before passing to `join`, causing the newline separator to be omitted and producing malformed error messages."
Mockito,9,1,NO BUG,NO BUG,True,"VERDICT: NO BUG   REASON: The implementation correctly returns default answers for abstract methods via GloballyConfiguredAnswer and otherwise calls the real method, which aligns with the intended partial‑mock behavior."
Time,1,5,BUG,BUG,True,"VERDICT: BUG REASON: The `getInstance` method fails to validate that the `DurationFieldType` argument is non‑null, allowing a null type to be cached and later causing a NullPointerException when `iType` is accessed."
Time,10,1,NO BUG,BUG,False,"VERDICT: BUG   REASON: The `between` methods fail to validate the non‑null parameters (`field` and `zeroInstance`) as required by their contracts, leading to a NullPointerException rather than the documented IllegalArgumentException."
Time,10,5,BUG,BUG,True,"VERDICT: BUG   REASON: The static between methods do not check that their non‑null parameters (`field` in the first overload and `zeroInstance` in the second) are actually non‑null, contradicting the documented contract and causing a NullPointerException instead of an IllegalArgumentException."
Time,13,5,BUG,NO BUG,False,"VERDICT: NO BUG   REASON: The displayed portion only declares constants, fields, and a properly functioning constructor/initializer, showing no logical or syntactic errors."
Time,16,1,NO BUG,NO BUG,True,"VERDICT: NO BUG REASON: The code correctly validates inputs, manages parsing and chronology updates, and adheres to the documented behavior without any evident logical errors."
Time,16,5,BUG,BUG,True,"VERDICT: BUG REASON: The comment for the `iParser` field incorrectly states it is “used to output the datetime,” which misdescribes its purpose and is a documentation bug."
Time,17,1,NO BUG,NO BUG,True,VERDICT: NO BUG   REASON: The `isLocalDateTimeGap` and `adjustOffset`
Time,19,2,BUG,BUG,True,"VERDICT: BUG   REASON: The method `convertLocalToUTC(long instantLocal, boolean strict, long originalInstantUTC)` subtracts the offset from `instantLocal` without any overflow check, so it can silently overflow a `long` while the Javadoc promises an `ArithmeticException` on overflow."
Time,2,5,BUG,BUG,True,"VERDICT: BUG   REASON: The `getInstance` method fails to validate its `type` argument, so a null `DurationFieldType` can be cached and later cause a `NullPointerException` when `getName()` or other methods are invoked."
Time,20,5,BUG,NO BUG,False,"VERDICT: NO BUG   REASON: The `toFormatter()` method correctly obtains the built formatter, checks for printer/parser types, handles nulls safely, and throws only when both are absent, showing no logical flaw in this code segment."
Time,22,2,BUG,BUG,True,"VERDICT: BUG   REASON: The `BasePeriod(long)` constructor incorrectly calls `this(duration, null, null)`, which uses the standard period type and default chronology instead of the intended time‑only period type (and UTC), causing inaccurate period calculations (as indicated by bug 3264409)."
Time,23,2,BUG,NO BUG,False,"VERDICT: NO BUG   REASON: The methods correctly handle null providers, safely initialize and cache the conversion map, and implement offset parsing without logical errors or unsafe operations."
Time,23,5,BUG,NO BUG,False,VERDICT: NO BUG   REASON: The excerpt correctly declares fields and initializes the provider/name provider in the static block without any apparent logical or compile‑time errors.
Time,25,1,NO BUG,BUG,False,"VERDICT: BUG   REASON: The `convertLocalToUTC(long instantLocal, boolean strict, long originalInstantUTC)` method subtracts the original offset from `instantLocal` without checking for overflow, contradicting its documented contract and allowing incorrect results when the subtraction overflows a `long`."
Time,5,5,BUG,BUG,True,"VERDICT: BUG   REASON: The static factory methods create a `Period` with a nine‑element int array for `PeriodType.standard()`, which only defines eight fields, so the constructor will throw an IllegalArgumentException due to mismatched array length."
Time,8,1,NO BUG,NO BUG,True,"VERDICT: NO BUG REASON: The method correctly validates ranges, handles sign combinations as documented, and computes the offset without overflow or logical errors."
Time,8,5,BUG,NO BUG,False,VERDICT: NO BUG REASON: The provided excerpt compiles correctly and its static initialization properly sets up providers without introducing logical errors.
Time,9,1,NO BUG,NO BUG,True,"VERDICT: NO BUG   REASON: The getDefault method safely uses double‑checked locking with a volatile field, proper null checks and exception handling, and the static initializer correctly initializes providers without introducing logical errors."
Time,9,5,BUG,NO BUG,False,VERDICT: NO BUG   REASON: The shown portion only declares fields and correctly initializes static components without any logical or runtime errors.
Chart,23,5,BUG,NO BUG,False,"VERDICT: NO BUG   REASON: The shown portion of MinMaxCategoryRenderer follows standard JFreeChart patterns, with correctly declared fields and initialization, and exhibits no evident logical or compilation errors."
Chart,25,5,BUG,NO BUG,False,"VERDICT: NO BUG REASON: The constructor correctly initializes the error indicator paint and stroke, and there are no apparent logical or serialization errors in the provided code segment."
Cli,17,2,BUG,BUG,True,"VERDICT: BUG   REASON: In burstToken, when a non‑option character is encountered and stopAtNonOption is true, the method calls process(token.substring(i)) but does not break out of the loop, causing the remaining characters to be processed repeatedly and yielding duplicate or incorrect tokens."
Cli,26,1,NO BUG,NO BUG,True,"VERDICT: NO BUG   REASON: The methods correctly validate required fields, construct the Option, set its properties, and reliably reset the builder state without any logical errors."
Cli,30,5,BUG,BUG,True,"VERDICT: BUG   REASON: The method dereferences `options` (e.g., `options.getRequiredOptions()`) without a null‑check, so passing a null Options parameter will cause a NullPointerException instead of a clear IllegalArgumentException."
Cli,31,2,BUG,BUG,True,"VERDICT: BUG   REASON: The Javadoc for `appendOptionGroup` states the clause is wrapped in brackets if the group is required, but the implementation wraps it when the group is **not** required, contradicting the comment."
Cli,32,4,BUG,BUG,True,"VERDICT: BUG   REASON: The `printUsage` method subtracts 1 from the index of the first space and does not handle the case where no space exists, causing off‑by‑one and possibly negative indentation when wrapping the usage line."
Cli,33,4,BUG,BUG,True,"VERDICT: BUG   REASON: `printUsage` computes `argPos` as `cmdLineSyntax.indexOf(' ') - 1` without checking for `-1`, so if the usage string contains no space it yields a negative indentation value, causing incorrect wrapping or possible errors."
Cli,38,2,BUG,BUG,True,"VERDICT: BUG   REASON: isNegativeNumber returns true for any parseable double, not only for tokens that start with ‘-’, so numeric short options such as “-1” are incorrectly treated as arguments instead of options."
Cli,39,1,NO BUG,BUG,False,"VERDICT: BUG REASON: The overload `createValue(String, Object)` casts `obj` to `Class<?>` without validation, so passing any non‑Class object will cause a ClassCastException."
Cli,40,5,BUG,BUG,True,"VERDICT: BUG   REASON: Both `PatternOptionBuilder.FILE_VALUE` and `PatternOptionBuilder.EXISTING_FILE_VALUE` are defined as `java.io.File.class`, so the `if (clazz == PatternOptionBuilder.FILE_VALUE)` clause always matches first, preventing the `EXISTING_FILE_VALUE` branch (`openFile(str)`) from ever being executed."
Cli,7,1,NO BUG,NO BUG,True,"VERDICT: NO BUG   REASON: The shown code correctly handles the final `Option` variable (it is assigned in the `if` branch and will be assigned in the `else` branch not shown) and, while it uses a raw `Set`, this causes only a warning, not a functional error."
Cli,7,2,BUG,BUG,True,"VERDICT: BUG   REASON: The `options` field is declared as a raw `Set` and its elements are cast to `Option` without generics, leading to unchecked casts that can cause a `ClassCastException` at runtime."
Cli,7,5,BUG,BUG,True,"VERDICT: BUG   REASON: If no options have been added, `create()` still proceeds to build a group via `gbuilder.create()` instead of handling the empty case, leading to an invalid option or runtime error."
Cli,8,2,BUG,BUG,True,"VERDICT: BUG   REASON: The wrap‑position logic tests `pos <= width` instead of `pos <= startPos + width`, so newline/tab characters beyond the initial segment are ignored when `startPos` is non‑zero, leading to incorrect line wrapping."
Cli,9,1,NO BUG,BUG,False,"VERDICT: BUG REASON: The `break` statement at line 288 exits the properties‑processing loop when a non‑true value is found for a flag option, preventing later properties from being considered; it should use `continue` (or simply skip adding the option) instead of terminating the loop."
Closure,1,4,BUG,BUG,True,"VERDICT: BUG   REASON: The iterator declaration uses an invalid generic syntax `Iterator<=Var>` instead of the correct `Iterator<Var>`, which will cause a compilation error."
Closure,10,1,NO BUG,BUG,False,"VERDICT: BUG REASON: isAssignmentOp omits several compound assignment operators (such as ASSIGN_MUL, ASSIGN_DIV, ASSIGN_MOD, etc.), causing it to incorrectly return false for valid assignment nodes."
Closure,11,1,NO BUG,NO BUG,True,VERDICT: NO BUG   REASON: The shown portion only declares imports and diagnostic type constants correctly without any erroneous logic or malformed code.
Closure,12,3,BUG,BUG,True,"VERDICT: BUG   REASON: The for‑each loop declaration on line 161 uses an illegal generic syntax (`DiGraphEdge<=Node, Branch>`), causing a compilation error."
Closure,15,4,BUG,BUG,True,"VERDICT: BUG   REASON: The code misspells the inner class name as `GatherCandiates` when creating a `NodeTraversal`, which does not match the defined class (`GatherCandidates`), leading to a compile‑time error."
Closure,17,5,BUG,NO BUG,False,"VERDICT: NO BUG   REASON: The shown portion only contains imports, static constant definitions, and a simple string initialization, none of which exhibit incorrect logic or runtime errors."
Closure,18,1,NO BUG,NO BUG,True,"VERDICT: NO BUG   REASON: The method correctly initializes synthetic blocks, parses externs and source files, handles dependency management and error conditions, and assembles the combined AST without any logical or implementation errors."
Closure,25,5,BUG,NO BUG,False,"VERDICT: NO BUG   REASON: The constructor properly initializes the entry FlowScope, sets VOID types for untyped local `var`s, and constructs a valid bottom scope without any logical errors evident in the shown code."
Closure,30,2,BUG,BUG,True,"VERDICT: BUG   REASON: The inner callback `gatherCb` is defined but never invoked, so name reads inside CFG nodes are never examined and no candidates are added."
Closure,6,1,NO BUG,BUG,False,"VERDICT: BUG   REASON: In `expectCanAssignToPropertyOf`, `ownerType.isFunctionPrototypeType()` is invoked without first verifying that `ownerType` (the result of `getJSType(owner)`) is non‑null, which can cause a NullPointerException."
Closure,6,2,BUG,BUG,True,"VERDICT: BUG   REASON: `expectCanAssignTo` lacks the `!leftType.isNoType()` guard that `expectCanAssignToPropertyOf` uses, so assignments involving a NoType (e.g., typedefs) incorrectly trigger mismatch warnings."
Closure,7,1,NO BUG,BUG,False,VERDICT: BUG   REASON: The condition in `case
Codec,1,3,BUG,NO BUG,False,"VERDICT: NO BUG   REASON: The implementation correctly follows the Caverphone 2.0 steps, using appropriate regex patterns and ordering without any logical or regex errors."
Codec,10,2,BUG,BUG,True,"VERDICT: BUG REASON: The code incorrectly uses the start‑anchor regex ""^mb"" instead of an end‑anchor (e.g., ""mb$"") to handle the ""mb"" suffix, deviating from the Caverphone specification."
Codec,10,4,BUG,BUG,True,"VERDICT: BUG   REASON: The line `txt = txt.replaceAll(""^mb"", ""m2"");` incorrectly anchors the pattern at the start of the string, whereas the Caverphone specification requires replacing “mb” at the end of the word (should be `""mb$""`)."
Codec,11,1,NO BUG,NO BUG,True,"VERDICT: NO BUG REASON: The static printable‑character BitSet and the encodeQuotedPrintable method correctly handle printable ranges, escape characters, and unsigned byte conversion, so the shown code functions as intended."
Codec,11,2,BUG,BUG,True,"VERDICT: BUG   REASON: The Javadoc for `encodeQuotedPrintable` incorrectly states it returns the number of bytes written, yet the method is declared `void` and never returns a value."
Codec,11,3,BUG,BUG,True,"VERDICT: BUG   REASON: The printable‑character BitSet is built with `for (int i = 33; i < 60; i++)`, which excludes ASCII 60 (‘<’) that RFC 1521 defines as printable, so ‘<’ is incorrectly escaped."
Codec,11,4,BUG,BUG,True,"VERDICT: BUG   REASON: The static initializer builds PRINTABLE_CHARS with `for (int i = 33; i < 60; i++)` which omits ASCII 60 (‘<’), yet RFC 1521 defines ‘<’ as a printable character that must not be escaped."
Codec,12,3,BUG,BUG,True,"VERDICT: BUG   REASON: The conversion of a signed byte to an unsigned int uses `256 - b` instead of the correct `b & 0xFF` (or `b + 256`), producing values greater than 255 for negative bytes."
Codec,12,4,BUG,BUG,True,"VERDICT: BUG REASON: The `read()` method incorrectly converts a signed byte to an unsigned int using `256 - b`, producing values outside the 0‑255 range for negative bytes; it should mask with `0xFF` (e.g., `b & 0xFF`)."
Codec,14,1,NO BUG,BUG,False,"VERDICT: BUG   REASON: Multi‑line comment detection relies on `line.startsWith(""/*"")` and `line.endsWith(""*/"")` without trimming whitespace, so indented comment starts or closing markers followed by spaces aren't recognized, causing the parser to stay in comment mode and skip valid rule lines."
Codec,14,2,BUG,BUG,True,"VERDICT: BUG   REASON: The multi‑line comment logic never clears the `inExtendedComment` flag when a comment starts and ends on the same line (or ends with trailing whitespace), causing the parser to incorrectly skip the rest of the file."
Codec,15,3,BUG,BUG,True,"VERDICT: BUG   REASON: The map method calculates the array index as ch + 'A' instead of ch - 'A', causing invalid indices and exceptions for normal alphabetic characters."
Codec,15,4,BUG,BUG,True,"VERDICT: BUG REASON: getMappingCode accesses str.charAt(index + 1) without verifying that index + 1 is within the string length, leading to a potential StringIndexOutOfBoundsException."
Codec,16,2,BUG,BUG,True,"VERDICT: BUG   REASON: The HEX_DECODE_TABLE incorrectly includes a value 32 for the character ‘W’ (ASCII 0x57), which is outside the valid 0‑31 range for Base32‑Hex decoding and should be marked as invalid (‑1)."
Codec,16,3,BUG,BUG,True,"VERDICT: BUG   REASON: The decode loop uses `for (int i = 0; i <= inAvail; i++)` which reads `inAvail + 1` bytes, causing an off‑by‑one array access and potential `ArrayIndexOutOfBoundsException`."
Codec,16,4,BUG,BUG,True,"VERDICT: BUG   REASON: The for‑loop uses `i <= inAvail` causing it to read one byte past the input array length, leading to an out‑of‑bounds error."
Codec,16,5,BUG,BUG,True,"VERDICT: BUG   REASON: HEX_DECODE_TABLE incorrectly maps the character ‘W’ (ASCII 0x57) to the value 32 (outside the valid 0‑31 range) instead of –1, causing erroneous Base32‑hex decoding."
Chart,13,5,BUG,NO BUG,False,VERDICT: NO BUG   REASON: The `add` method correctly handles a null key as the center block and assigns non‑null keys to the appropriate edge blocks without logical errors.
Chart,22,5,BUG,BUG,True,"VERDICT: BUG   REASON: The overload `getObject(Comparable rowKey, Comparable columnKey)` only verifies the row index and forwards a possibly -1 column index to `getObject(int, int)`, which then accesses `columnKeyList.get(-1)` and throws an IndexOutOfBoundsException instead of returning null when the column key is absent."
Cli,10,4,BUG,BUG,True,"VERDICT: BUG   REASON: The condition `if (stopAtNonOption || !getOptions().hasOption(t))` makes the parser treat any token that starts with “-” as a non‑option when `stopAtNonOption` is true, causing it to never process valid options and incorrectly abort option parsing."
Cli,11,1,NO BUG,NO BUG,True,"VERDICT: NO BUG   REASON: The methods correctly handle optional/required option groups, format options, and print usage without logical errors or unsafe operations for valid Option definitions."
Cli,15,2,BUG,BUG,True,"VERDICT: BUG   REASON: The `getValues` method never augments the result with the default values as intended—it simply replaces the list instead of merging defaults, so default values are never returned."
Cli,2,5,BUG,BUG,True,"VERDICT: BUG   REASON: The code uses `token.startsWith(""--"")` to detect the special stop token, causing any double‑dash argument (e.g., long options) to be misinterpreted as a terminating token instead of checking for the exact `""--""` string."
Cli,25,5,BUG,NO BUG,False,VERDICT: NO BUG   REASON: The shown segment only declares constants and properly initialized public fields; there is no incorrect logic or implementation error evident in this code.
Cli,34,1,NO BUG,BUG,False,"VERDICT: BUG   REASON: The constructor `Option(String opt, String longOpt, boolean hasArg, String description)` never assigns the `description` parameter to the `description` field, leaving the description null and preventing it from being displayed or used."
Cli,36,5,BUG,BUG,True,"VERDICT: BUG   REASON: The methods getNames() and getOptions() return live views of the internal map, so external code can modify the OptionGroup’s internal state, violating encapsulation."
Cli,37,1,NO BUG,NO BUG,True,VERDICT
Cli,37,2,BUG,BUG,True,"VERDICT: BUG   REASON: isNegativeNumber() incorrectly returns true for any parsable number (including positive numbers), so isArgument() treats numeric tokens that start with ‘‑’ as arguments even when they correspond to defined short options, resulting in mis‑classification of valid options."
Cli,37,5,BUG,NO BUG,False,VERDICT: NO BUG   REASON: The shown initialization and overload handling correctly set up parser state and delegate to the main parse method without introducing logical errors.
Cli,4,5,BUG,NO BUG,False,VERDICT: NO BUG   REASON: The overloads correctly forward their parameters to the core parse method without any logical errors or missing checks in the shown code.
Cli,9,4,BUG,BUG,True,"VERDICT: BUG   REASON: The parser only clears values for help options (`options.helpOptions()`) instead of clearing all options, so option values can persist across multiple parse calls, contradicting the intended fix for CLI‑71."
Closure,1,1,NO BUG,BUG,False,"VERDICT: BUG   REASON: The removal loop assumes `lastArg.getString()` always yields a variable name, but for parameters with default values, destructuring, or other non‑simple patterns `getString()` returns an empty string, causing `fnScope.getVar` to return null and the argument to be mistakenly treated as unreferenced and removed."
Closure,1,2,BUG,BUG,True,"VERDICT: BUG   REASON: The loop that strips trailing arguments assumes each argument is a simple name and calls `fnScope.getVar(lastArg.getString())` without checking the node type, so it can incorrectly remove non‑name parameters (e.g., default values or destructuring patterns) or encounter a null Var, resulting in unsafe code transformations."
Closure,1,5,BUG,NO BUG,False,VERDICT: NO BUG   REASON: The snippet only defines correctly typed and initialized fields; there is no evident logical or compile‑time error in the shown code.
Closure,10,2,BUG,BUG,True,"VERDICT: BUG   REASON: isAssignmentOp mistakenly excludes several valid assignment token types (e.g., ASSIGN_MUL, ASSIGN_DIV, ASSIGN_MOD), causing those operators to not be identified as assignments."
Closure,14,4,BUG,BUG,True,"VERDICT: BUG   REASON: The for‑each loop declares an invalid generic type `DiGraphNode<=Node, Branch>` (the `<=` is syntactically incorrect), causing a compilation error."
Closure,15,2,BUG,BUG,True,"VERDICT: BUG   REASON: The code attempts to instantiate a class named `GatherCandiates`, which is misspelled (should be `GatherCandidates`); this typo will cause a compile‑time error."
Closure,17,1,NO BUG,NO BUG,True,"VERDICT: NO BUG REASON: The code correctly handles null checks and scope lookups without logical or runtime errors, and no functional defect is apparent."
Closure,22,5,BUG,BUG,True,"VERDICT: BUG   REASON: The `if (parent.getType() == Token.COMMA)` block is missing a closing brace, causing a syntax/logic error by incorrectly nesting the subsequent no‑op check inside the COMMA case."
Closure,25,3,BUG,BUG,True,"VERDICT: BUG   REASON: The enhanced for‑loop declares its iterator with an invalid generic syntax (`DiGraphEdge<=Node, Branch>`), which is a compile‑time error."
Closure,27,2,BUG,BUG,True,"VERDICT: BUG REASON: The `function` method directly calls `name.isName()` without first checking if `name` is null, causing a NullPointerException for anonymous functions that should be allowed."
Closure,27,5,BUG,BUG,True,"VERDICT: BUG   REASON: The `function` method unconditionally invokes `fnName.isName()` without checking for `null`, causing a NullPointerException when creating anonymous functions that have no name."
Closure,28,1,NO BUG,NO BUG,True,"VERDICT: NO BUG   REASON: The class correctly overrides the necessary CodeConsumer methods and uses the inherited add(String) correctly, with no compilation or logical errors evident."
Closure,28,5,BUG,BUG,True,"VERDICT: BUG   REASON: addIdentifier mistakenly calls add(PLACEHOLDER_IDENTIFIER) instead of appending the placeholder, but there is no add(String) method (only add(Node)), causing a compilation error or incorrect behavior."
Closure,30,1,NO BUG,BUG,False,"VERDICT: BUG   REASON: The inner `gatherCb` callback is created but never invoked, so no candidates are ever added to `candidates`, preventing any variable inlining from occurring."
Closure,4,1,NO BUG,BUG,False,"VERDICT: BUG   REASON: In resolveViaProperties the code incorrectly uses registry.getNativeFunctionType(JSTypeNative.NO_OBJECT_TYPE) to obtain the No‑Object type, which is not a native function type and can cause wrong type resolution or a runtime error."
Codec,1,4,BUG,BUG,True,"VERDICT: BUG   REASON: The use of `txt = txt.toLowerCase();` without an explicit `Locale` makes the transformation locale‑dependent (e.g., Turkish “I” → “ı”), breaking the deterministic English‑only Caverphone algorithm."
Codec,10,3,BUG,NO BUG,False,"VERDICT: NO BUG   REASON: The method correctly follows the Caverphone 2.0 steps—lower‑casing, stripping non‑letters, removing trailing e, applying the start‑string and replacement rules in the proper order—without any apparent logical or syntactic errors in the shown code."
Codec,12,2,BUG,BUG,True,"VERDICT: BUG REASON: The method fails to handle an underlying EOF (in.read() returning -1) before invoking baseNCodec.encode/decode, causing a negative length to be passed to the codec (or an infinite loop) and violating the InputStream contract."
Codec,15,1,NO BUG,BUG,False,"VERDICT: BUG   REASON: The duplicate‑removal check in getMappingCode uses `if (index > 1 && mappedChar != '0')`, so it never evaluates the second character (index 1), leading to incorrect Soundex codes when the first two letters map to the same digit."
Codec,15,2,BUG,BUG,True,VERDICT: BUG   REASON: The `encode(Object)` method does not handle a null argument; it throws an `EncoderException` instead of returning null as expected by the Encoder contract.
Codec,15,5,BUG,BUG,True,"VERDICT: BUG   REASON: The constructors that accept a custom mapping array or string do not validate that the mapping is non‑null and exactly 26 characters long, so an invalid mapping can cause NullPointerException or ArrayIndexOutOfBoundsException during encoding."
Codec,17,1,NO BUG,NO BUG,True,"VERDICT: NO BUG   REASON: The methods correctly decode byte arrays with null checks and proper exception handling, and no logical or runtime errors are evident."
Codec,17,2,BUG,BUG,True,"VERDICT: BUG   REASON: `newStringIso8859_1` fails to return `null` for a `null` byte array as documented, instead it directly constructs a `String` which throws `NullPointerException`."
Codec,17,3,BUG,BUG,True,"VERDICT: BUG REASON: The `newIllegalStateException` method erroneously uses `charsetName - "": ""` instead of string concatenation (`+`), resulting in a compilation error."
Codec,17,4,BUG,BUG,True,"VERDICT: BUG REASON: The `newIllegalStateException` method uses `charsetName - "": ""` instead of string concatenation, causing a compilation error."
Codec,17,5,BUG,NO BUG,False,"VERDICT: NO BUG REASON: The `equals` method correctly handles nulls, identity, and content comparison using `CharSequenceUtils.regionMatches`, and the byte conversion helpers safely return null for null inputs and use the provided `Charset` without causing errors."
Codec,18,1,NO BUG,NO BUG,True,"VERDICT: NO BUG   REASON: The methods correctly handle null inputs, use the provided Charset without error, and the `equals` implementation accurately compares two CharSequences using proper length checks and region matching."
Codec,18,2,BUG,NO BUG,False,"VERDICT: NO BUG   REASON: The methods correctly handle nulls, string-specific optimizations, and use CharSequenceUtils.regionMatches with appropriate length checks, and the byte‑buffer conversions are implemented safely."
Codec,18,3,BUG,BUG,True,"VERDICT: BUG   REASON: The `newIllegalStateException` method builds its message with `charsetName - "": "" + e`, using the `-` operator on strings, which is illegal in Java and causes a compilation error."
Codec,18,4,BUG,BUG,True,"VERDICT: BUG   REASON: The `newIllegalStateException` method incorrectly uses the `-` operator (`charsetName - "": ""`) for string concatenation, which is invalid in Java and will cause a compilation error."
Codec,2,3,BUG,BUG,True,VERDICT: BUG REASON: The encode method iterates with `for (int i = 0; i <= inAvail; i++)` causing an off‑by‑one error that reads past the end of the input array and can trigger an IndexOutOfBoundsException.
Codec,2,4,BUG,BUG,True,"VERDICT: BUG   REASON: The encode method iterates with `for (int i = 0; i <= inAvail; i++)`, which reads one byte past the supplied length and can cause an ArrayIndexOutOfBoundsException."
Codec,3,1,NO BUG,BUG,False,"VERDICT: BUG   REASON: In the “DG” handling block, `result.append(""TK"")` incorrectly appends the two‑character string to both primary and alternate codes, whereas it should use `result.append('T','K')` to add ‘T’ to the primary code and ‘K’ to the alternate code."
Codec,3,2,BUG,BUG,True,"VERDICT: BUG   REASON: The `handleH` method fails to increment `index` when the H does not meet the vowel condition, so it can return the same index and cause an infinite loop or incorrect phonetic encoding."
Codec,3,3,BUG,BUG,True,"VERDICT: BUG   REASON: The `isSilentStart` method loops with `i <= SILENT_START.length`, which accesses `SILENT_START` out of bounds and will throw an `ArrayIndexOutOfBoundsException`."
Codec,3,4,BUG,BUG,True,"VERDICT: BUG   REASON: The loop in `isSilentStart` iterates with `i <= SILENT_START.length`, which accesses `SILENT_START[i]` out of bounds when `i` equals the array length."
Codec,4,1,NO BUG,NO BUG,True,VERDICT: NO BUG   REASON: The class fields and constructor chaining are correctly defined and there is no functional error in the shown code.
Codec,4,2,BUG,BUG,True,"VERDICT: BUG   REASON: The no‑arg constructor’s Javadoc says it encodes with a line length of 0 (no chunking), yet it delegates to the constructor that uses CHUNK_SIZE and CHUNK_SEPARATOR, so"
Codec,4,3,BUG,BUG,True,"VERDICT: BUG   REASON: The encode loop uses `for (int i = 0; i <= inAvail; i++)`, causing it to read `inAvail + 1` bytes and potentially throw an `ArrayIndexOutOfBoundsException`."
Codec,4,4,BUG,BUG,True,"VERDICT: BUG   REASON: The encode method iterates with `for (int i = 0; i <= inAvail; i++)`, which processes one byte too many and can read past the end of the input array, causing an off‑by‑one error."
Codec,5,3,BUG,BUG,True,"VERDICT: BUG REASON: The encoding loop uses `for (int i = 0; i <= inAvail; i++)` which iterates one time too many, causing an off‑by‑one read beyond the provided input data and potential ArrayIndexOutOfBoundsException."
Codec,5,4,BUG,BUG,True,"VERDICT: BUG   REASON: The encode method’s loop uses `i <= inAvail` instead of `i < inAvail`, causing an off‑by‑one iteration that reads past the provided input data."
Codec,5,5,BUG,NO BUG,False,"VERDICT: NO BUG   REASON: The provided snippet only defines constants and imports, all of which are correctly specified and contain no logical errors."
Codec,6,2,BUG,BUG,True,"VERDICT: BUG   REASON: The read(byte[] b, int offset, int len) method can return 0 for a non‑zero len (when Base64.readResults returns 0) because it omits the required while‑loop, violating the InputStream contract."
Codec,6,3,BUG,BUG,True,"VERDICT: BUG   REASON: The `read()` method converts a signed byte to an int using `256 - singleByte[0]`, which produces out‑of‑range values (e.g., -1 → 257) instead of the correct unsigned conversion (`singleByte[0] & 0xFF`)."
Codec,6,4,BUG,BUG,True,"VERDICT: BUG   REASON: The `read()` method converts a negative `byte` to an unsigned int incorrectly with `256 - singleByte[0]` instead of `singleByte[0] + 256` (or `singleByte[0] & 0xFF`), producing values >255."
Codec,7,1,NO BUG,NO BUG,True,"VERDICT: NO BUG   REASON: The provided methods correctly implement Base64 validation, encoding, and decoding logic without functional errors; the code operates as intended."
Codec,7,2,BUG,BUG,True,"VERDICT: BUG   REASON: encodeBase64String incorrectly passes `true` to the encodeBase64 method, causing the output to be chunked with line breaks despite the method’s contract to return an unchunked Base64 string."
Codec,7,3,BUG,BUG,True,"VERDICT: BUG   REASON: The encode method’s loop iterates with `i <= inAvail` instead of `< inAvail`, causing it to read one byte past the supplied input length and potentially throw an ArrayIndexOutOfBoundsException."
Codec,7,4,BUG,BUG,True,"VERDICT: BUG   REASON: The encode loop uses `for (int i = 0; i <= inAvail; i++)`, processing one byte more than the specified `inAvail` and leading to out‑of‑bounds reads and incorrect encoding."
Codec,7,5,BUG,NO BUG,False,"VERDICT: NO BUG REASON: The snippet only defines constant tables and fields (encode tables, chunk size constants, and a CRLF separator) which correctly match the Base64 specification, and there is no faulty logic or incorrect values evident."
Codec,8,1,NO BUG,NO BUG,True,"VERDICT: NO BUG   REASON: The shown portion only declares correctly initialized constants (buffer sizes, chunk sizes, encode tables, and chunk separator) without any logical or implementation errors."
Codec,8,2,BUG,NO BUG,False,VERDICT: NO BUG   REASON: The provided constants and encode tables are correctly defined and contain no logical errors in the shown code.
Codec,8,3,BUG,BUG,True,"VERDICT: BUG   REASON: The encoding loop uses `for (int i = 0; i <= inAvail; i++)` which processes one byte too many, leading to out‑of‑bounds access and incorrect Base64 output."
Codec,8,4,BUG,BUG,True,"VERDICT: BUG   REASON: The encode method’s loop uses `for (int i = 0; i <= inAvail; i++)`, which iterates one time too many and reads beyond the supplied input, leading to out‑of‑bounds access or corrupted encoding."
Chart,26,2,BUG,NO BUG,False,"VERDICT: NO BUG REASON: The axis label positioning, hotspot calculation, axis line rendering, and cloning logic all follow the expected JFreeChart implementation without null dereferences or miscalculations."
Chart,5,5,BUG,NO BUG,False,"VERDICT: NO BUG   REASON: Based on the provided code, the class fields and constructor logic are correctly defined and there are no evident logical errors or incorrect implementations."
Chart,7,5,BUG,NO BUG,False,VERDICT: NO BUG   REASON: The provided snippet correctly initializes fields and delegates construction without any evident logical or runtime errors.
Cli,14,1,NO BUG,BUG,False,"VERDICT: BUG   REASON: The anonymous‑argument loop processes every argument that canProcess without breaking, so a single token can be consumed/handled multiple times (or not advanced), leading to incorrect parsing."
Cli,15,5,BUG,BUG,True,"VERDICT: BUG   REASON: addSwitch mutates the command line (adds the option) before checking for duplicate switches, so an IllegalStateException can leave the internal state inconsistent."
Cli,18,1,NO BUG,BUG,False,"VERDICT: BUG   REASON: The method treats the “--” token as a normal argument without setting `eatTheRest`, so the parser never stops option processing at the standard end‑of‑options marker."
Cli,20,1,NO BUG,BUG,False,"VERDICT: BUG   REASON: The code only calls `process(token)` (which sets `eatTheRest`) for the `--` token when `stopAtNonOption` is true, so when `stopAtNonOption` is false the end‑of‑options marker does not stop further option parsing, causing subsequent arguments to be incorrectly processed as options."
Cli,20,2,BUG,BUG,True,"VERDICT: BUG   REASON: The code adds a `""--""` token but never sets `eatTheRest` to true, so options that appear after the end‑of‑options marker are still processed rather than being treated as plain arguments."
Cli,30,1,NO BUG,BUG,False,"VERDICT: BUG   REASON: The parser checks for missing required arguments before applying default values from properties, causing a MissingArgumentException even when a default property would satisfy the required argument."
Cli,34,5,BUG,NO BUG,False,"VERDICT: NO BUG   REASON: The shown code only declares fields and delegates constructors with proper initialization, so no functional error is apparent."
Cli,36,2,BUG,BUG,True,"VERDICT: BUG   REASON: getNames() returns optionMap.keySet() directly, exposing the internal mutable map and letting external code modify the OptionGroup’s internal state."
Cli,39,5,BUG,BUG,True,"VERDICT: BUG   REASON: The handler treats PatternOptionBuilder.EXISTING_FILE_VALUE identically to FILE_VALUE by just calling createFile(str) without verifying that the file exists, violating the contract that an existing‑file type must be validated."
Cli,40,1,NO BUG,BUG,False,"VERDICT: BUG   REASON: Because PatternOptionBuilder.FILE_VALUE and PatternOptionBuilder.EXISTING_FILE_VALUE are both `File.class`, the first check (`FILE_VALUE`) always matches and the `EXISTING_FILE_VALUE` branch is never reached, preventing the intended existence‑check logic from being executed."
Cli,8,1,NO BUG,BUG,False,"VERDICT: BUG   REASON: In findWrapPos the code checks for a tab (`'\t'`) as a line‑break character instead of the intended carriage return (`'\r'`), contradicting the documentation and causing incorrect wrap‑position detection."
Closure,12,4,BUG,BUG,True,"VERDICT: BUG   REASON: `hasExceptionHandler` is stubbed to always return false, so nodes with exception edges are never treated as conditional, leading to incorrect variable‑use analysis."
Closure,19,1,NO BUG,NO BUG,True,"VERDICT: NO BUG REASON: The methods correctly retrieve and refine types for NAME and GETPROP nodes, handle null cases safely, and the visitor implementations return appropriate types without logical errors."
Closure,19,5,BUG,NO BUG,False,"VERDICT: NO BUG REASON: The append method correctly links the new interpreter as the next element and updates the firstLink reference, and the other methods safely delegate scope calculations without logical errors."
Closure,21,1,NO BUG,BUG,False,"VERDICT: BUG   REASON: The pass can add the root SCRIPT node to `problemNodes` and later call `n.getParent().replaceChild(...)` on it, causing a NullPointerException because the SCRIPT node has no parent."
Cli,17,5,BUG,BUG,True,"VERDICT: BUG   REASON: The code checks `token.startsWith(""--"")` before handling the exact `""--""` token, so the end‑of‑options marker is not treated specially and subsequent arguments are parsed incorrectly."
Cli,23,1,NO BUG,BUG,False,"VERDICT: BUG   REASON: In `findWrapPos` the code mistakenly checks for a tab character (`'\t'`) as a line‑break indicator instead of the intended carriage return (`'\r'`), contradicting the comment and causing incorrect text wrapping."
Cli,35,5,BUG,BUG,True,"VERDICT: BUG   REASON: The `requiredOptionList` field is declared as a raw `List<Object>` and is used to store both `String` keys and `OptionGroup` instances, which breaks type safety and leads to incorrect handling (or ClassCastException) when the list is later processed as a collection of required options."
Closure,23,1,NO BUG,BUG,False,"VERDICT: BUG   REASON: The `tryFoldObjectPropAccess` method treats `Token.GETTER_DEF` like a normal data property, folding a getter access to the getter function node, which is semantically incorrect for JavaScript property reads."
Closure,25,2,BUG,BUG,True,"VERDICT: BUG   REASON: In `traverseGetElem` the code calls `getJSType(...).restrictByNotNullOrUndefined()` without checking if `getJSType` returns null, which can cause a NullPointerException when the object expression’s type is unset."
Codec,14,5,BUG,BUG,True,"VERDICT: BUG   REASON: The parser’s multi‑line comment logic sets the “in comment” flag on a line that starts with `/*` before checking whether the same line also ends with `*/`, so a single‑line block comment never clears the flag and causes the rest of the file to be ignored."
Codec,18,5,BUG,BUG,True,"VERDICT: BUG REASON: The equals method incorrectly uses Math.max(cs1.length(), cs2.length()) in regionMatches without first ensuring the two CharSequences have equal lengths, which can cause an IndexOutOfBoundsException for strings of different lengths instead of returning false."
Codec,2,1,NO BUG,BUG,False,"VERDICT: BUG   REASON: The EOF handling unconditionally appends a line separator when `lineLength > 0` by checking `pos > 0` instead of `currentLinePos > 0`, causing an extraneous newline at the end of chunked Base64 output."
Codec,2,2,BUG,BUG,True,"VERDICT: BUG   REASON: The encoder unconditionally appends a line separator on EOF when lineLength > 0, resulting in an extra newline when the final encoded line already ends with a line break (i.e., when the output length is a multiple of the configured line length)."
Codec,3,5,BUG,NO BUG,False,VERDICT: NO BUG   REASON: The provided code correctly follows the Double Metaphone algorithm’s logic and contains no evident logical or syntactic errors in the shown implementation.
Codec,4,5,BUG,NO BUG,False,"VERDICT: NO BUG   REASON: The shown section only declares correctly initialized constant tables and fields, and contains no logical mistakes."
Codec,6,5,BUG,NO BUG,False,"VERDICT: NO BUG   REASON: The `read()` implementation correctly delegates to the bulk‑read method, handles zero‑length reads safely, and converts the signed byte to an unsigned int without logical errors."
Codec,8,5,BUG,NO BUG,False,"VERDICT: NO BUG   REASON: The shown code only declares correctly initialized constants and lookup tables that conform to the Base64 specification, with no logical errors evident."
Codec,9,1,NO BUG,BUG,False,"VERDICT: BUG REASON: The `isChunked` flag never enables chunking because both constructor branches create a `Base64` instance with a lineLength of 0, so the output is never broken into the intended 76‑character blocks."
Codec,9,2,BUG,BUG,True,"VERDICT: BUG   REASON: The code always calls getEncodeLength(binaryData, MIME_CHUNK_SIZE, CHUNK_SEPARATOR) ignoring the isChunked flag, so when chunking is disabled it overestimates the output size and can incorrectly throw an IllegalArgumentException."
Codec,9,3,BUG,BUG,True,"VERDICT: BUG   REASON: The encode loop uses `for (int i = 0; i <= inAvail; i++)`, iterating one extra time and reading past the supplied input array, leading to an out‑of‑bounds access."
Codec,9,4,BUG,BUG,True,"VERDICT: BUG   REASON: The encode loop uses `for (int i = 0; i <= inAvail; i++)`, iterating one time too many and reading past the supplied byte count, which can cause out-of-bounds access."
Chart,15,3,BUG,BUG,True,"VERDICT: BUG REASON: The pass loop uses `<= passesRequired` instead of `<`, causing an off‑by‑one extra iteration that can lead to out‑of‑range or duplicate drawing operations."
Collections,1,2,BUG,BUG,True,"VERDICT: BUG   REASON: The `setValue` method’s switch lacks `break` statements, causing fall‑through and overwriting all subsequent values instead of only the targeted entry."
Collections,1,3,BUG,BUG,True,"VERDICT: BUG   REASON: The `toString` method mistakenly uses the subtraction operator (`-`) instead of string concatenation (`+`), causing a compilation error."
Collections,1,4,BUG,BUG,True,"VERDICT: BUG REASON: The `toString()` method incorrectly uses the subtraction operator (`-`) to concatenate strings (`""Iterator["" - getKey() + ""="" + getValue() + ""]""`), which is not valid Java and will cause a compilation error."
Collections,10,1,NO BUG,NO BUG,True,VERDICT: NO BUG REASON: The constructors and factory methods correctly validate the collectionFactory argument and delegate to the superclass without any logical errors in the shown code.
Collections,10,2,BUG,NO BUG,False,"VERDICT: NO BUG   REASON: The shown code only performs necessary null checks and delegates construction correctly, with no logical or compilation errors evident in this snippet."
Collections,10,3,BUG,BUG,True,"VERDICT: BUG REASON: The `putAll` method uses `if (values == null && values.size() == 0)`, which will cause a NullPointerException when `values` is null because `&&` evaluates the second operand after the first evaluates to true; it should use `||` or separate null/empty checks."
Collections,10,4,BUG,BUG,True,"VERDICT: BUG REASON: The null/empty check `if (values == null && values.size() == 0)` uses `&&`, causing a NullPointerException when `values` is null."
Collections,11,1,NO BUG,NO BUG,True,"VERDICT: NO BUG   REASON: The equals, hashCode, and serialization handling are correctly implemented and conform to expected contracts."
Collections,11,2,BUG,BUG,True,"VERDICT: BUG   REASON: The class never recomputes the cached `hashCode` after deserialization (no `readObject`/`readResolve` method), so deserialized instances retain an invalid hash code despite the comment stating it should be recalculated."
Collections,11,3,BUG,BUG,True,"VERDICT: BUG REASON: The calculateHashCode method iterates with `i <= keys.length`, which accesses `keys[keys.length]` and throws an IndexOutOfBoundsException."
Collections,11,4,BUG,BUG,True,"VERDICT: BUG   REASON: The loop in `calculateHashCode` iterates with `i <= keys.length`, which accesses `keys[keys.length]` and throws an `ArrayIndexOutOfBoundsException`."
Chart,9,1,NO BUG,BUG,False,"VERDICT: BUG   REASON: The `equals` method omits a comparison of the series’ `timePeriodClass`, so two `TimeSeries` objects with different period classes can be incorrectly reported as equal."
Cli,18,5,BUG,BUG,True,"VERDICT: BUG   REASON: The parser checks `token.startsWith(""--"")` before handling the exact `""--""` token, so the end‑of‑options marker is never recognized and option parsing does not stop after `""--""`."
Collections,12,1,NO BUG,BUG,False,"VERDICT: BUG   REASON: clearProperty removes only the first occurrence of the key from keysAsListed, leaving stale entries that cause the property list to become inconsistent after the key is cleared."
Collections,12,2,BUG,BUG,True,"VERDICT: BUG   REASON: combine() inserts entries with super.put instead of the class’s overridden put, so the internal keysAsListed order list isn’t updated and merged keys are omitted from getKeys() and save()."
Collections,12,3,BUG,BUG,True,"VERDICT: BUG   REASON: The `escape` method iterates with `i <= buf.length()` and accesses `buf.charAt(i)`, which can exceed the buffer bounds and throw a `StringIndexOutOfBoundsException`."
Collections,12,4,BUG,BUG,True,"VERDICT: BUG   REASON: The `escape` method iterates with `i <= buf.length()` and calls `buf.charAt(i)`, which leads to an `IndexOutOfBoundsException` for empty strings or when `i` equals the buffer length."
Collections,12,5,BUG,NO BUG,False,"VERDICT: NO BUG   REASON: The provided snippet consists only of package, imports, and documentation comments without any executable code, so no bug can be identified."
Collections,13,1,NO BUG,BUG,False,"VERDICT: BUG   REASON: The `put` (and `remove`) method converts a null key to the literal string `""null""` with `String.valueOf(key)`, violating the Hashtable/Map contract that null keys are illegal and creating unintended entries."
Collections,13,2,BUG,BUG,True,"VERDICT: BUG   REASON: The `put` and `remove` methods use `getProperty` to retrieve the previous value, which only returns a `String`; therefore they return incorrect old values (or null) for non‑String entries, violating the expected `Map` contract."
Collections,13,3,BUG,BUG,True,"VERDICT: BUG   REASON: The `escape` method’s loop uses `i <= buf.length()` and then calls `buf.charAt(i)`, which attempts to access index `buf.length()` and throws a `StringIndexOutOfBoundsException`."
Collections,13,4,BUG,BUG,True,"VERDICT: BUG   REASON: The `escape` method iterates with `i <= buf.length()` and accesses `buf.charAt(i)`, which causes an `IndexOutOfBoundsException` when `i` equals the buffer length (or when the input string is empty)."
Collections,13,5,BUG,NO BUG,False,"VERDICT: NO BUG   REASON: The presented snippet only includes package declaration, imports, and documentation comments; it contains no executable logic that could harbor a bug."
Collections,14,1,NO BUG,NO BUG,True,"VERDICT: NO BUG   REASON: The code correctly converts keys to a case‑folded lower‑case string (handling null keys with the sentinel) and all constructors and serialization methods delegate properly to the superclass, so there is no functional error."
Collections,14,2,BUG,BUG,True,"VERDICT: BUG   REASON: `convertKey` calls `key.toString().toLowerCase()` without specifying a locale, making key normalization locale‑dependent and causing incorrect behavior (e.g., in Turkish locale)."
Collections,14,3,BUG,BUG,True,"VERDICT: BUG   REASON: The `convertKey` method iterates with `for (int i = chars.length + 1; i >= 0; i--)`, accessing `chars[i]` beyond the array bounds, which will throw an `ArrayIndexOutOfBoundsException` for any non‑null key."
Collections,14,5,BUG,BUG,True,"VERDICT: BUG   REASON: convertKey() lower‑cases keys using the default locale (e.g., `String.toLowerCase()`), making the map locale‑dependent and violating its “locale‑independent” contract (e.g., it fails for Turkish locales)."
Collections,15,1,NO BUG,BUG,False,"VERDICT: BUG   REASON: In `set(int index, Object object)`, the method always calls `set.remove(removed)` even when `removed` equals `object`, which removes the element from the backing set and leaves the list and set out of sync."
Collections,15,2,BUG,BUG,True,"VERDICT: BUG REASON: The `set` method does not add the new object to the internal set nor remove the replaced element from the set when the new object is not already present, leading to inconsistency between the list and its tracking set."
Collections,15,3,BUG,BUG,True,"VERDICT: BUG   REASON: The `set` method uses `if (pos != -1 || pos != index)` which is always true, leading to an attempt to remove the element at `pos` even when `pos` is `-1` (or equals `index`), causing an `IndexOutOfBoundsException` and incorrect duplicate‑removal logic."
Collections,15,4,BUG,BUG,True,"VERDICT: BUG   REASON: The check `if (pos == -1 && pos == index)` is incorrect (always false), so when `pos` is –1 the code attempts `super.remove(pos)` causing an IndexOutOfBoundsException and mishandles duplicate removal."
Collections,16,1,NO BUG,BUG,False,"VERDICT: BUG   REASON: In the set(int, Object) method the code adds the new element to the backing set then removes the old element, so when the new element equals the old one it unintentionally removes the element from the set, breaking the list‑set synchronization."
Collections,16,3,BUG,BUG,True,"VERDICT: BUG   REASON: The `set` method uses `if (pos != -1 || pos != index)` instead of `&&`, causing it to remove an element even when the object isn’t present elsewhere (or is at the same index), which can delete the wrong element or throw an IndexOutOfBoundsException."
Collections,16,4,BUG,BUG,True,"VERDICT: BUG   REASON: The condition `if (pos != -1 || pos != index)` is always true, so when the element isn’t already in the list it attempts `super.remove(-1)`, causing an IndexOutOfBoundsException."
Collections,16,5,BUG,BUG,True,"VERDICT: BUG   REASON: The subList implementation returns a SetUniqueList that shares the same internal Set, so operations on the sub‑list (e.g., clear()) incorrectly clear or corrupt the set for the whole list, breaking consistency."
Collections,17,1,NO BUG,BUG,False,"VERDICT: BUG   REASON: The public constructor allows iValue to be null, but evaluate() unconditionally calls iValue.equals(object), causing a NullPointerException for predicates created with a null value."
Collections,17,2,BUG,BUG,True,"VERDICT: BUG   REASON: The constructor accepts a null Equator without validation, leading to a NullPointerException in evaluate() when equator.equate(...) is invoked."
Closure,19,2,BUG,BUG,True,"VERDICT: BUG   REASON: In the Token.NAME branch, the method returns null when both the slot’s type and the node’s JSType are null instead of falling back to UNKNOWN_TYPE, so untyped variables are not considered refinable, unlike the GETPROP branch."
Collections,18,1,NO BUG,BUG,False,"VERDICT: BUG   REASON: In `add(int index, E object)` the element is added to the backing set before the list insertion, so an invalid index causes an exception after the set has been modified, leaving the set and order list out of sync."
Collections,18,2,BUG,BUG,True,"VERDICT: BUG REASON: The `removeAll` method iterates over the supplied collection while calling `remove` on the set itself, which causes a ConcurrentModificationException (e.g., when `coll` is the same set), leaving the operation incorrect."
Collections,18,3,BUG,BUG,True,"VERDICT: BUG   REASON: The `removeAll` method uses an illegal generic syntax `Iterator<=?> it = coll.iterator();`, which prevents the code from compiling."
Collections,18,4,BUG,BUG,True,"VERDICT: BUG REASON: The `removeAll` method has an invalid generic type declaration (`Iterator<=?> it = coll.iterator();`), which will not compile."
Collections,19,1,NO BUG,BUG,False,"VERDICT: BUG   REASON: The `clear()` method only clears the underlying list (`super.clear()`) and fails to clear the internal `set`, leaving stale entries that cause incorrect duplicate detection and state inconsistency after a clear operation."
Collections,19,2,BUG,BUG,True,"VERDICT: BUG   REASON: The `set(int index, E object)` method always removes the original element from the internal set, even when the new value equals the old one, causing the set and list to become inconsistent and allowing duplicates."
Collections,19,3,BUG,BUG,True,"VERDICT: BUG   REASON: The `retainAll` method contains a malformed generic declaration `Iterator<=E>` (should be `Iterator<E>`), causing a compile‑time error."
Collections,19,4,BUG,BUG,True,"VERDICT: BUG   REASON: The `set(int, E)` implementation always calls `set.remove(removed)`, which also executes when the new element equals the old one (i.e., `pos == index`), incorrectly removing the element from the internal set and desynchronizing the set from the list."
Collections,2,1,NO BUG,NO BUG,True,VERDICT: NO BUG   REASON: The shown code correctly initializes fields and the interpolation helper handles null inputs and prior‑variables initialization without any apparent logic or runtime errors.
Collections,2,2,BUG,NO BUG,False,"VERDICT: NO BUG   REASON: The shown fields and methods are correctly implemented with proper null handling and initialization, containing no logical or runtime errors."
Collections,2,3,BUG,BUG,True,"VERDICT: BUG   REASON: The `escape` method iterates with `i <= buf.length()` and calls `buf.charAt(i)`, which can access past the end of the buffer and throw an `IndexOutOfBoundsException`."
Collections,2,4,BUG,BUG,True,"VERDICT: BUG   REASON: The `escape` method loops with `i <= buf.length()`, causing `buf.charAt(i)` to be called when `i` equals the buffer length, which throws a `StringIndexOutOfBoundsException`."
Closure,22,1,NO BUG,BUG,False,"VERDICT: BUG   REASON: The `protectSideEffects` method wraps string literals (including directive statements like `""use strict""`) in a `JSCOMPILER_PRESERVE` call, destroying the directive’s semantics."
Closure,23,5,BUG,NO BUG,False,"VERDICT: NO BUG   REASON: The code correctly validates child nodes before use and the switch‑case returns prevent fall‑through, showing no evident logical error in the shown portion."
Collections,20,3,BUG,BUG,True,"VERDICT: BUG   REASON: The `checkInterval` method builds the exception message with `""Invalid index:"" - index`, using subtraction instead of string concatenation, which is invalid Java and prevents the code from compiling."
Collections,20,4,BUG,BUG,True,"VERDICT: BUG   REASON: The `checkInterval` method incorrectly uses the `-` operator to concatenate a string and an integer (`""Invalid index:"" - index`), which causes a compilation error."
Collections,21,2,BUG,NO BUG,False,"VERDICT: NO BUG   REASON: The factory method correctly validates the input, handles empty and non‑empty lists, removes duplicates by copying to a temporary list, clearing the original, and re‑adding only unique elements, with no logical error in the shown code."
Collections,21,3,BUG,BUG,True,"VERDICT: BUG REASON: The `retainAll` method contains a syntax error – it declares the iterator as `Iterator<=E>` instead of the correct `Iterator<E>`, which prevents the code from compiling."
Collections,21,4,BUG,BUG,True,VERDICT: BUG   REASON: In the retainAll method the iterator is declared as `Iterator<=E>` which is invalid Java syntax and will cause a compilation error.
Collections,22,1,NO BUG,BUG,False,"VERDICT: BUG   REASON: The Javadoc for `nextKey` incorrectly states it returns null “if no match or at start,” while the implementation correctly returns null only when the key is not found or is the last element, so the comment misdescribes the method’s behavior."
Collections,22,2,BUG,BUG,True,"VERDICT: BUG   REASON: The `putAll(int index, …)` method decides to increment the insertion index based on `old == null`, but `put` returns null both for a newly added key and for an existing key whose previous value was null, causing incorrect ordering when an existing key with a null value is processed."
Collections,22,3,BUG,BUG,True,"VERDICT: BUG   REASON: The for‑each loop in the overridden putAll method has an invalid generic declaration (`Map.Entry<=? extends K, ? extends V>`), causing a compilation error."
Collections,22,4,BUG,BUG,True,"VERDICT: BUG   REASON: The `putAll(Map)` method has an invalid generic declaration (`Map.Entry<=? extends K, ? extends V>`) which causes a compilation error."
Closure,30,5,BUG,NO BUG,False,"VERDICT: NO BUG   REASON: The static predicate correctly handles null nodes, detects side‑effectful calls and constructors, and safely recurses over child nodes without infinite loops or null‑pointer risks, and the surrounding class fields are appropriately scoped for per‑function analysis."
Collections,23,1,NO BUG,BUG,False,"VERDICT: BUG   REASON: entrySet() returns a plain unmodifiable Set that still contains mutable Map.Entry objects, allowing modifications via entry.setValue() to affect the underlying trie, violating the unmodifiable contract."
Collections,23,2,BUG,BUG,True,"VERDICT: BUG REASON: `entrySet()` only wraps the delegate’s set with `Collections.unmodifiableSet`, so the returned `Map.Entry` objects can still invoke `setValue()` and modify the underlying trie, violating the unmodifiable guarantee."
Collections,23,5,BUG,BUG,True,"VERDICT: BUG   REASON: The entrySet() method wraps the backing set with Collections.unmodifiableSet but does not wrap the Map.Entry objects, allowing callers to modify the underlying trie via entry.setValue(...), thus breaking immutability."
Closure,32,2,BUG,BUG,True,"VERDICT: BUG   REASON: In the default case of the switch, the token is never advanced (no `token = next()`), so the loop repeats indefinitely processing the same token."
Collections,24,1,NO BUG,BUG,False,"VERDICT: BUG   REASON: The factory method `unmodifiableBoundedCollection(BoundedCollection<? extends E> coll)` does not validate that `coll` is non‑null, violating its Javadoc contract and causing a NullPointerException instead of the documented IllegalArgumentException."
Collections,24,2,BUG,BUG,True,"VERDICT: BUG   REASON: The first factory method `unmodifiableBoundedCollection(BoundedCollection<? extends E> coll)` does not check for a null argument despite its Javadoc specifying an `IllegalArgumentException` for null, violating the documented contract."
Collections,24,3,BUG,BUG,True,"VERDICT: BUG   REASON: The `unmodifiableBoundedCollection(BoundedCollection<? extends E> coll)` factory method does not check for a null argument, contradicting its @throws IllegalArgumentException contract and leading to a NullPointerException when a null collection is passed."
Collections,24,5,BUG,BUG,True,"VERDICT: BUG   REASON: The factory method `unmodifiableBoundedCollection(final BoundedCollection<? extends E> coll)` does not validate that `coll` is non‑null, violating its Javadoc contract and causing a NullPointerException instead of the documented IllegalArgumentException."
Collections,25,1,NO BUG,NO BUG,True,"VERDICT: NO BUG   REASON: The methods correctly delegate to the appropriate IteratorChain or CollatingIterator constructors and handle null comparators as intended, so there is no functional defect in the code."
Collections,25,2,BUG,BUG,True,"VERDICT: BUG   REASON: The Javadoc for the second iterator in `collatedIterator` mistakenly describes it as “the first iterators to use” instead of “the second iterator,” indicating a copy‑paste documentation bug."
Collections,25,3,BUG,BUG,True,"VERDICT: BUG   REASON: The reflective lookup uses `obj.getClass().getMethod(""iterator"", (Class[]) null)`, which throws a NullPointerException (caught and ignored), so objects with an `iterator()` method but not implementing `Iterable` are not handled correctly."
Collections,25,4,BUG,BUG,True,"VERDICT: BUG   REASON: The reflection call `obj.getClass().getMethod(""iterator"", (Class[]) null)` passes a null array for parameter types, which throws a NullPointerException (caught and ignored), preventing detection of iterator() methods via reflection."
Collections,25,5,BUG,NO BUG,False,"VERDICT: NO BUG REASON: The static constants are correctly assigned to the corresponding empty iterator singletons, matching their declared types without any logical error."
Collections,26,1,NO BUG,NO BUG,True,"VERDICT: NO BUG   REASON: The equals, hashCode, toString, calculateHashCode, and readResolve methods correctly handle the keys array and maintain a consistent cached hash code without logical errors."
Collections,26,2,BUG,NO BUG,False,"VERDICT: NO BUG   REASON: The equals, hashCode, toString, calculateHashCode, and readResolve methods correctly implement the intended behavior without logical or contract violations."
Collections,26,3,BUG,BUG,True,"VERDICT: BUG   REASON: The `toString` method uses the subtraction operator (`-`) between strings (`""MultiKey""` and `Arrays.toString(keys)`), which is illegal in Java and should use string concatenation (`+`)."
Collections,26,4,BUG,BUG,True,"VERDICT: BUG   REASON: The `toString()` method uses the subtraction operator (`-`) between a string and `Arrays.toString(keys)`, which is a compile‑time type error; it should concatenate using `+`."
Codec,1,2,BUG,BUG,True,"VERDICT: BUG   REASON: The code applies an undocumented “^trough” → “trou2f” transformation, which is not part of the Caverphone 2.0 algorithm and causes incorrect encodings for inputs beginning with “trough”."
Codec,1,5,BUG,BUG,True,"VERDICT: BUG   REASON: The use of `input.toLowerCase()` without specifying a deterministic locale makes the transformation locale‑dependent (e.g., Turkish “I” → “ı”), violating the algorithm’s requirement for consistent ASCII lowercasing."
Collections,27,3,BUG,BUG,True,"VERDICT: BUG   REASON: The `containsValue` method’s for‑each loop uses malformed generic syntax (`Map.Entry<=K, Object>`) which prevents the code from compiling."
Collections,27,4,BUG,BUG,True,"VERDICT: BUG   REASON: The for‑each loop uses an invalid generic declaration (`Map.Entry<=K, Object>`) and mismatched types for the entry set, causing a compilation error."
Codec,10,5,BUG,BUG,True,"VERDICT: BUG   REASON: The code uses `working.replaceAll(""^mb"", ""m2"");` which applies the rule only to words starting with “mb” instead of the Caverphone 2.0 specification that requires replacing “mb” at the **end** of the word (should be `mb$`)."
Codec,11,5,BUG,NO BUG,False,VERDICT: NO BUG REASON: The static initialization of printable characters and the encodeQuotedPrintable method correctly follow RFC 1521 specifications and contain no functional errors.
Collections,28,1,NO BUG,BUG,False,"VERDICT: BUG   REASON: The `clear()` method incorrectly iterates over the entire trie (`AbstractPatriciaTrie.this.entrySet()`) while using `keySet()` of the prefix view, leading to unnecessary traversal and potential `ConcurrentModificationException` when the underlying map is modified during iteration."
Collections,28,3,BUG,BUG,True,"VERDICT: BUG   REASON: The for‑loop incorrectly declares the iterator as `Iterator<=V>` instead of the valid generic form `Iterator<V>`, which will cause a compilation failure."
Collections,28,4,BUG,BUG,True,"VERDICT: BUG   REASON: The `Values.remove` method contains an invalid generic type declaration (`Iterator<=V>` instead of `Iterator<V>`), which will not compile."
Collections,28,5,BUG,BUG,True,"VERDICT: BUG REASON: The `clear()` method resets `root.right` to `null` instead of restoring the sentinel link to `root`, violating the trie’s invariant and leading to NullPointerExceptions on later operations."
Collections,3,1,NO BUG,NO BUG,True,"VERDICT: NO BUG REASON: Each method correctly validates inputs, delegates to the appropriate utility/decorator classes, and handles exceptions as specified, so the implementation follows its contract without functional errors."
Collections,3,2,BUG,BUG,True,"VERDICT: BUG   REASON: The `removeAll` method incorrectly delegates to `ListUtils.retainAll`, returning the intersection of the collections instead of the elements not present in `remove`, thereby violating its documented behavior."
Collections,3,3,BUG,BUG,True,"VERDICT: BUG   REASON: The `union` method adds each element one time too many because the loop condition uses `i <= m` instead of `i < m`, causing an off‑by‑one error in the result."
Collections,3,4,BUG,BUG,True,"VERDICT: BUG   REASON: The `union` method uses `for(int i=0, m=...; i<=m; i++)` which adds `m+1` copies of each element instead of `m`, resulting in an off‑by‑one error."
Collections,3,5,BUG,NO BUG,False,"VERDICT: NO BUG   REASON: The `union` implementation correctly computes element frequencies using cardinality maps and adds each element the maximum number of times, adhering to its contract without logical errors."
Collections,4,2,BUG,BUG,True,"VERDICT: BUG   REASON: In `put`, after creating a new collection for a missing key the code erroneously sets `result = false`, so the method returns null despite the map being changed, violating its documented contract."
Collections,4,3,BUG,BUG,True,"VERDICT: BUG   REASON: The `putAll` method checks `if (values == null && values.size() == 0)`, which dereferences `values` when it is null and should use an OR (or separate null check) to avoid a NullPointerException."
Collections,4,4,BUG,BUG,True,"VERDICT: BUG   REASON: The line `if (values == null && values.size() == 0)` dereferences `values` after a null check, causing a NullPointerException when `values` is null (it should use `||` or check emptiness after confirming non‑null)."
Collections,5,1,NO BUG,BUG,False,"VERDICT: BUG   REASON: The `set(int, Object)` method fails to update the backing Set when the new value is not already in the list, leaving the Set out of sync with the List."
Collections,5,2,BUG,BUG,True,"VERDICT: BUG   REASON: The `addAll(int index, Collection coll)` method never uses or updates the supplied `index`, always appending elements to the end and thus violating the List contract for indexed bulk insertion."
Collections,5,3,BUG,BUG,True,"VERDICT: BUG   REASON: The condition `if (pos == -1 && pos == index)` can never be true, so when the element isn’t already in the list (`pos == -1`) the code proceeds to `super.remove(pos)` with `pos = -1`, causing an IndexOutOfBoundsException; it should use `||` (or a different logic) to skip removal when no duplicate exists."
Collections,5,4,BUG,BUG,True,"VERDICT: BUG   REASON: The `set` method’s condition `if (pos == -1 && pos == index)` can never be true, so the code always executes the duplicate‑removal branch, which may call `super.remove(-1)` and never updates the internal set with the new element, breaking the List contract (similarly, `addAll(int, Collection)` ignores the index parameter)."
Collections,6,2,BUG,BUG,True,"VERDICT: BUG   REASON: The `remove` method returns the wrong value when removing entries that are not the last stored (e.g., removing a null key at position 1 or 2 or a non‑null key at position 1 or 2) because it mistakenly returns the value of the shifted entry (`value3`/`value2`) instead of the value associated with the removed key."
Collections,6,3,BUG,BUG,True,"VERDICT: BUG   REASON: The toString method incorrectly uses the `-` operator (`""Iterator["" - getKey()`) instead of string concatenation `+`, which will not compile."
Collections,6,4,BUG,BUG,True,"VERDICT: BUG   REASON: The `toString()` method incorrectly uses the subtraction operator (`-`) to combine strings (`""Iterator["" - getKey() ...`), which is invalid Java syntax and causes a compilation error."
Codec,9,2,BUG,BUG,True,"VERDICT: BUG   REASON: The `encodeBase64(..., isChunked, ...)` method always computes the output length using `MIME_CHUNK_SIZE` regardless of the `isChunked` flag, leading to an over‑estimated length and possible IllegalArgumentException for non‑chunked encodings."
Codec,9,3,BUG,BUG,True,"VERDICT: BUG   REASON: The encode loop iterates with `i <= inAvail` instead of `< inAvail`, causing it to read one byte beyond the provided input length and potentially produce an ArrayIndexOutOfBoundsException or incorrect output."
Codec,9,4,BUG,BUG,True,"VERDICT: BUG   REASON: The encode method loops with `for (int i = 0; i <= inAvail; i++)`, causing an off‑by‑one error that reads one byte past the supplied input length and can lead to an IndexOutOfBoundsException."
Codec,9,5,BUG,NO BUG,False,"VERDICT: NO BUG   REASON: The shown portion only defines constants and lookup tables correctly (e.g., proper Base64 alphabets, chunk size constants, and a valid CRLF byte separator), with no logical errors evident."
Collections,7,1,NO BUG,BUG,False,"VERDICT: BUG   REASON: The absolute‑path detection (`value.startsWith(fileSeparator)`) only checks for a leading file separator, so on Windows paths like “C:\…” are mis‑treated as relative and resolved incorrectly."
Collections,7,2,BUG,BUG,True,"VERDICT: BUG   REASON: The absolute‑path check only tests `value.startsWith(fileSeparator)`, so Windows paths like “C:\…” are misidentified as relative and the included file is not loaded correctly."
Collections,7,3,BUG,BUG,True,"VERDICT: BUG   REASON: The `escape` method iterates with `i <= buf.length()` and calls `buf.charAt(i)`, which can access past the end of the buffer (e.g., for an empty string), causing a `StringIndexOutOfBoundsException`."
Collections,7,4,BUG,BUG,True,"VERDICT: BUG   REASON: The `escape` method iterates with `i <= buf.length()` and calls `buf.charAt(i)`, which accesses an index equal to the buffer length causing a `StringIndexOutOfBoundsException` (e.g., for an empty or any non‑empty string)."
Collections,1,2,BUG,BUG,True,"VERDICT: BUG   REASON: The `setValue` method’s switch lacks break statements, causing fall‑through and unintentionally overwriting values for multiple keys instead of only the current entry."
Collections,1,3,BUG,BUG,True,"VERDICT: BUG   REASON: The `toString()` method incorrectly uses the `-` operator for string concatenation (`""Iterator["" - getKey() ...`), which is a compile‑time error; it should use `+`."
Collections,1,4,BUG,BUG,True,"VERDICT: BUG   REASON: The `setValue` method’s switch lacks `break` statements, causing fall‑through that overwrites all map values instead of only the selected entry."
Collections,8,1,NO BUG,NO BUG,True,"VERDICT: NO BUG   REASON: The constructors, size/isEmpty logic, and custom serialization correctly maintain the buffer invariant and handle indexing without errors."
Collections,8,2,BUG,NO BUG,False,"VERDICT: NO BUG   REASON: The shown methods correctly enforce null‑checking, maintain the invariant buffer length > size, and serialize/deserialize the buffer without logical errors."
Collections,8,3,BUG,BUG,True,"VERDICT: BUG   REASON: In `readObject`, the loop uses `i <= size` and reads `size + 1` objects, but only `size` objects were written, causing an extra read and a serialization error."
Collections,8,4,BUG,BUG,True,"VERDICT: BUG REASON: The `readObject` method reads `size+1` objects (`for (int i = 0; i <= size; i++)`) while `writeObject` only writes `size` objects, causing an off‑by‑one error during deserialization."
Collections,10,1,NO BUG,NO BUG,True,"VERDICT: NO BUG   REASON: The shown constructors and static factory methods correctly initialize the map and collection factory, perform necessary null checks, and contain no evident logical errors."
Collections,10,2,BUG,NO BUG,False,"VERDICT: NO BUG   REASON: Within the shown excerpt the constructor validates the factory, delegates to the superclass correctly, and no logical errors or missing assignments are evident."
Collections,10,3,BUG,BUG,True,"VERDICT: BUG   REASON: In `putAll`, the condition `if (values == null && values.size() == 0)` dereferences `values` when it is null, causing a NullPointerException; it should use `||` (or separate null check) instead of `&&`."
Collections,10,4,BUG,BUG,True,"VERDICT: BUG   REASON: The null check in `putAll` uses `if (values == null && values.size() == 0)`, which dereferences `values` when it is null and can throw a NullPointerException; it should use `||` (or separate checks) to correctly handle a null or empty collection."
Collections,10,5,BUG,BUG,True,"VERDICT: BUG   REASON: `containsValue` returns false immediately when the argument is null, so it never detects a null element that may be stored in the underlying value collections."
Collections,11,1,NO BUG,NO BUG,True,"VERDICT: NO BUG REASON: The equals method correctly handles self‑comparison, type checking, and uses Arrays.equals to compare key arrays, while hashCode simply returns the pre‑computed value, making the implementations consistent and error‑free."
Collections,11,2,BUG,BUG,True,"VERDICT: BUG   REASON: The Javadoc promises a hash‑code recalculation after deserialization, but no readObject (or similar) method is implemented, so the cached hashCode can become stale after serialization."
Collections,11,3,BUG,BUG,True,"VERDICT: BUG   REASON: The loop in `calculateHashCode` uses `i <= keys.length`, which iterates one element past the end of the array and will throw an `ArrayIndexOutOfBoundsException`."
Collections,11,4,BUG,BUG,True,"VERDICT: BUG   REASON: The for‑loop in `calculateHashCode` uses `i <= keys.length`, causing an off‑by‑one error that will throw an `ArrayIndexOutOfBoundsException`."
Collections,9,1,NO BUG,BUG,False,"VERDICT: BUG   REASON: combine() inserts entries with super.put but does not update keysAsListed, so keys added by the combine are missing from getKeys() (and related methods), breaking the class’s key‑tracking logic."
Collections,9,2,BUG,BUG,True,"VERDICT: BUG   REASON: In `clearProperty` only the first matching entry is removed from `keysAsListed` (the loop breaks after one removal), so duplicate keys remain in the list and become out‑of‑sync with the underlying map."
Collections,9,3,BUG,BUG,True,"VERDICT: BUG   REASON: The `escape` method uses `for (int i = 0; i <= buf.length(); i++)` and accesses `buf.charAt(i)`, which throws an IndexOutOfBoundsException when `i` reaches `buf.length()` (e.g., for an empty string)."
Collections,9,4,BUG,BUG,True,"VERDICT: BUG   REASON: The `escape` method uses `for (int i = 0; i <= buf.length(); i++)` and then calls `buf.charAt(i)`, which throws a `StringIndexOutOfBoundsException` when `i` equals `buf.length()`. The loop should use `i < buf.length()`."
Collections,9,5,BUG,NO BUG,False,"VERDICT: NO BUG   REASON: The excerpt consists solely of comments, package/import declarations, and class documentation, containing no executable code where a bug could exist."
Compress,1,1,NO BUG,BUG,False,"VERDICT: BUG   REASON: The CRC is calculated using `b[pos]` instead of `b[off + pos]`, so the method ignores the specified offset and computes an incorrect checksum."
Compress,1,2,BUG,BUG,True,"VERDICT: BUG   REASON: In the write method the CRC is updated using `b[pos]` instead of `b[off + pos]`, so bytes written from a non‑zero offset are not accounted for correctly, resulting in an incorrect checksum."
Compress,1,3,BUG,BUG,True,"VERDICT: BUG   REASON: The CRC update loop uses `for (int pos = 0; pos <= len; pos++)` and reads from `b[pos]` without applying the `off` offset, causing an off‑by‑one array access (and wrong checksum) when writing data."
Compress,1,4,BUG,BUG,True,"VERDICT: BUG   REASON: The CRC update loop iterates `pos <= len` and indexes `b[pos]` without applying the `off` offset, causing an off‑by‑one out‑of‑bounds access and incorrect checksum calculation."
Collections,12,1,NO BUG,BUG,False,"VERDICT: BUG   REASON: The `save` method declares `throws IOException` yet uses a `PrintWriter` that swallows I/O errors and never checks `checkError()`, so any write failure will not be reported as an exception."
Collections,12,2,BUG,BUG,True,"VERDICT: BUG   REASON: The `combine` method copies entries into the underlying Hashtable but never updates the `keysAsListed` list, so combined keys are omitted from ordered key iterators like `getKeys()`."
Collections,12,3,BUG,BUG,True,"VERDICT: BUG   REASON: The `escape` method iterates with `i <= buf.length()` and calls `buf.charAt(i)`, which throws an `IndexOutOfBoundsException` when `i` equals `buf.length()` (including the empty‑string case)."
Collections,12,4,BUG,BUG,True,"VERDICT: BUG   REASON: The `escape` method iterates with `i <= buf.length()` and then accesses `buf.charAt(i)`, which can cause a `StringIndexOutOfBoundsException` when `i` reaches the buffer’s length."
Collections,12,5,BUG,BUG,True,"VERDICT: BUG   REASON: The `getList` implementation tokenizes the property value using `StringTokenizer` on commas **before** processing escape sequences, so escaped commas (e.g., `\\,`) are split incorrectly, resulting in malformed list elements."
Collections,13,1,NO BUG,BUG,False,"VERDICT: BUG   REASON: The overridden put (and remove) methods use String.valueOf(key), turning a null key into the literal string ""null"" instead of throwing a NullPointerException, which breaks the Map/Hashtable contract and leads to inconsistent key handling."
Collections,13,2,BUG,BUG,True,"VERDICT: BUG   REASON: The overridden `put` method returns the previous value using `getProperty`, which only yields a `String` (or null) and thus does not return the actual stored object, violating the Map contract for entries whose values are non‑String."
Collections,13,3,BUG,BUG,True,"VERDICT: BUG   REASON: The `escape` method iterates with `i <= buf.length()` and calls `buf.charAt(i)`, which overruns the buffer and throws a StringIndexOutOfBoundsException (e.g., for an empty string)."
Collections,13,4,BUG,BUG,True,"VERDICT: BUG   REASON: The `escape` method iterates with `i <= buf.length()` and calls `buf.charAt(i)`, which can access past the end of the buffer (e.g., on an empty or fully escaped string), leading to an `IndexOutOfBoundsException`."
Collections,13,5,BUG,BUG,True,"VERDICT: BUG   REASON: The list‑parsing logic tokenizes values with `StringTokenizer` on ‘,’ before handling escape sequences, so commas escaped as “\\,” are still treated as delimiters and tokens are split incorrectly."
Collections,14,1,NO BUG,BUG,False,"VERDICT: BUG   REASON: The `convertKey` method lower‑cases keys by iterating over a `char[]` and applying `Character.toLowerCase(Character.toUpperCase(chars[i]))`, which does not correctly handle Unicode characters outside the BMP (surrogate pairs) and can produce wrong case‑folded strings, causing incorrect key mapping in the map."
Collections,14,2,BUG,BUG,True,"VERDICT: BUG   REASON: The `convertKey` method lower‑cases keys using `String.toLowerCase()` without a fixed `Locale`, making the map’s case‑insensitivity locale‑dependent and causing incorrect key handling in locales such as Turkish."
Collections,14,3,BUG,BUG,True,"VERDICT: BUG REASON: The `convertKey` method’s loop iterates from `chars.length + 1` down to 0, which accesses indices beyond the array bounds and will throw an `ArrayIndexOutOfBoundsException`."
Collections,14,5,BUG,BUG,True,"VERDICT: BUG   REASON: The `convertKey` method lower‑cases keys with `String.toLowerCase()` (no explicit Locale), making the map locale‑dependent and contradicting its documentation that case conversion should be locale‑independent."
Compress,10,3,BUG,BUG,True,"VERDICT: BUG   REASON: The `for` loop in `startsWithLocalFileHeader` uses `i <= start.length`, which indexes past the end of the `start` array and causes an `ArrayIndexOutOfBoundsException`."
Compress,10,4,BUG,BUG,True,"VERDICT: BUG   REASON: In `startsWithLocalFileHeader()` the loop uses `i <= start.length`, causing an out‑of‑bounds access to `start[i]` when `i` equals `start.length`."
Compress,10,5,BUG,NO BUG,False,VERDICT: NO BUG   REASON: The shown portion contains only straightforward field declarations and a simple inner class with no logical errors or incorrect implementations.
Collections,15,1,NO BUG,BUG,False,"VERDICT: BUG   REASON: The `set(int, Object)` method removes the old element from the internal set even when the new value is equal, causing the set to become out of sync with the list (and also shifts the inserted element when a duplicate exists)."
Collections,15,2,BUG,BUG,True,"VERDICT: BUG REASON: The `set(int, Object)` method does not update the internal `set` when the new element is not already present (pos == -1), so the old element isn’t removed and the new element isn’t added, leaving the set out of sync with the list."
Collections,15,3,BUG,BUG,True,"VERDICT: BUG   REASON: The condition `if (pos != -1 || pos != index)` in the `set` method is always true, causing an erroneous removal (including at index -1) and breaking the list’s state."
Collections,15,4,BUG,BUG,True,"VERDICT: BUG   REASON: The `set` method uses an impossible condition (`pos == -1 && pos == index`), so when the element is new (`pos == -1`) it incorrectly calls `super.remove(-1)`, causing an IndexOutOfBoundsException (and also never adds the new element to the internal set)."
Collections,16,2,BUG,BUG,True,"VERDICT: BUG REASON: The `add` method in `SetListListIterator` inserts the element into the underlying list but fails to add it to the internal `set`, leaving the set out of sync with the list."
Collections,16,3,BUG,BUG,True,"VERDICT: BUG   REASON: The condition `if (pos != -1 || pos != index)` is always true, so `super.remove(pos)` is called even when `pos` is -1 (or equal to `index`), causing an out‑of‑bounds removal and breaking the uniqueness logic."
Collections,16,4,BUG,BUG,True,"VERDICT: BUG   REASON: The set() method uses `if (pos != -1 || pos != index)` which is always true, causing `super.remove(pos)` to be called even when `pos` is -1, resulting in an IndexOutOfBoundsException."
Collections,17,1,NO BUG,BUG,False,"VERDICT: BUG   REASON: evaluate() calls iValue.equals(object) without null‑checking iValue, so a predicate constructed (or deserialized) with a null value will cause a NullPointerException."
Collections,17,2,BUG,BUG,True,"VERDICT: BUG   REASON: The equalPredicate(T, Equator<T>) factory (and the corresponding constructor) do not validate that the supplied Equator is non‑null, so passing a null Equator leads to a NullPointerException when evaluate() invokes equator.equate."
Collections,17,5,BUG,BUG,True,"VERDICT: BUG   REASON: The static factory `equalPredicate(T object, Equator<T> equator)` does not check for a null `Equator`, so passing a null equator leads to a NullPointerException when `evaluate` calls `cmpEquator.equate(...)`."
Compress,12,3,BUG,BUG,True,"VERDICT: BUG   REASON: The for‑each loop in applyPaxHeadersToCurrentEntry uses an invalid generic syntax (`Entry<=String, String>`) which prevents the code from compiling."
Compress,12,4,BUG,BUG,True,"VERDICT: BUG   REASON: The for‑loop in `applyPaxHeadersToCurrentEntry` uses an invalid generic declaration (`Entry<=String, String>`) which will not compile."
Compress,12,5,BUG,NO BUG,False,"VERDICT: NO BUG   REASON: The `available()` implementation correctly caps the remaining entry size at `Integer.MAX_VALUE` and safely casts the difference to an int, with no logical error in the presented code."
Compress,13,1,NO BUG,BUG,False,"VERDICT: BUG   REASON: The setName method incorrectly checks for the presence of a forward slash (`name.indexOf(""/"") == -1`) before replacing backslashes, so names containing both slash types retain backslashes and can produce invalid ZIP entry names."
Compress,13,2,BUG,BUG,True,"VERDICT: BUG   REASON: `isDirectory()` directly calls `getName().endsWith(""/"")` without a null‑check, so if the entry’s name is null it throws a NullPointerException."
Compress,13,3,BUG,BUG,True,"VERDICT: BUG   REASON: The for‑loop in setExtraFields uses `i <= fields.length` instead of `i < fields.length`, which can cause an ArrayIndexOutOfBoundsException."
Compress,13,4,BUG,BUG,True,"VERDICT: BUG   REASON: The loop in `setExtraFields` uses `i <= fields.length`, causing an out‑of‑bounds array access when `i` equals `fields.length`."
Collections,18,1,NO BUG,BUG,False,"VERDICT: BUG   REASON: In `add(int index, E object)` the element is first added to the backing set (`collection.add`) before the index is validated by `setOrder.add(index, object)`, so an invalid index causes an exception after the element has been added to the set, corrupting the set‑order consistency."
Collections,18,2,BUG,BUG,True,"VERDICT: BUG   REASON: removeAll iterates over the passed‑in collection while calling remove on the set itself, so if the argument is the same set (or a view backed by it) a ConcurrentModificationException occurs."
Collections,18,3,BUG,BUG,True,VERDICT: BUG REASON: The `removeAll` method has an invalid generic iterator declaration (`Iterator<=?> it`) causing a compilation error.
Collections,18,4,BUG,BUG,True,"VERDICT: BUG   REASON: The `removeAll` method declares the iterator with invalid syntax `Iterator<=?> it = coll.iterator();`, which will not compile."
Compress,14,2,BUG,BUG,True,"VERDICT: BUG   REASON: The method fails to treat a leading NUL byte as a zero value as promised in the comment, causing an IllegalArgumentException for fields that start with NUL instead of returning 0."
Compress,14,3,BUG,BUG,True,"VERDICT: BUG   REASON: The loop condition `for ( ; start <= end; start++)` incorrectly includes the trailing space/NUL that was stripped from the buffer, causing an off‑by‑one error and valid octal fields to throw an IllegalArgumentException."
Compress,14,4,BUG,BUG,True,"VERDICT: BUG   REASON: The loop that checks for all‑NUL bytes uses `i <= end` while `end` is defined as `offset + length`, causing an out‑of‑bounds array access."
Compress,14,5,BUG,BUG,True,"VERDICT: BUG   REASON: The method returns 0 only when the whole field is NUL, but the documentation says it should also return 0 for a leading NUL, so inputs with a leading NUL (but not all NUL) cause an IllegalArgumentException instead of the intended zero."
Collections,19,1,NO BUG,BUG,False,"VERDICT: BUG   REASON: `retainAll` removes elements from the list using the iterator but never updates the backing set, leaving stale entries in the set and breaking uniqueness checks."
Collections,19,2,BUG,BUG,True,"VERDICT: BUG REASON: In `set(int index, E object)`, when the new object is equal to the element already at that index, the method still calls `set.remove(removed)`, which removes the element from the internal set and desynchronizes it from the list."
Collections,19,3,BUG,BUG,True,"VERDICT: BUG   REASON: The `set(int, E)` method fails to update the backing set when the new element is equal (but not identical) to the element being replaced at the same index, causing the set to become inconsistent with the list."
Collections,19,4,BUG,BUG,True,"VERDICT: BUG   REASON: In the `set(int, E)` method the backing set is updated by adding the new element before removing the old one, which incorrectly removes the element when the new and old values are equal, causing the set to become out‑of‑sync with the list."
Collections,2,1,NO BUG,NO BUG,True,"VERDICT: NO BUG   REASON: The presented fragment correctly checks for null, initializes priorVariables on the first call, and performs no erroneous operations, so no bug is evident in these lines."
Collections,2,2,BUG,NO BUG,False,VERDICT: NO BUG   REASON: The shown portion only defines fields and correctly initializes the interpolation helper without any evident logical or runtime errors.
Collections,2,3,BUG,BUG,True,"VERDICT: BUG   REASON: The `escape` method iterates with `i <= buf.length()` and calls `buf.charAt(i)`, which accesses an index equal to the buffer length and throws a `StringIndexOutOfBoundsException` (e.g., for empty strings or the last character)."
Collections,2,4,BUG,BUG,True,"VERDICT: BUG   REASON: The `escape` method iterates with `i <= buf.length()` and calls `buf.charAt(i)`, which can access an index equal to the buffer length and cause a `StringIndexOutOfBoundsException`."
Collections,2,5,BUG,BUG,True,"VERDICT: BUG   REASON: The line‑parsing logic treats every backslash at the end of a line as a continuation marker without checking if it is escaped, so values that legitimately end with an escaped backslash (e.g., “C:\\”) are incorrectly merged with the following line."
Compress,15,2,BUG,BUG,True,"VERDICT: BUG   REASON: The `equals` method calls `gpb.equals(other.gpb)` without checking if `gpb` (or `other.gpb`) can be null, which can cause a NullPointerException when a `ZipArchiveEntry` has a null `gpb`."
Compress,15,3,BUG,BUG,True,"VERDICT: BUG   REASON: In `getExtraFields(boolean includeUnparseable)`, the condition `if (includeUnparseable || unparseableExtra != null)` adds the unparseable extra field even when `includeUnparseable` is false, violating the method’s contract."
Compress,15,4,BUG,BUG,True,"VERDICT: BUG   REASON: In `getExtraFields(boolean includeUnparseable)`, the condition `if (includeUnparseable || unparseableExtra != null)` incorrectly adds the unparseable extra field even when `includeUnparseable` is false, violating the method’s contract."
Collections,20,3,BUG,BUG,True,"VERDICT: BUG   REASON: In `checkInterval` the error message uses `""Invalid index:"" - index` which tries to subtract an int from a String instead of concatenating, leading to a compilation error."
Collections,20,4,BUG,BUG,True,"VERDICT: BUG   REASON: The `checkInterval` method builds the exception message with `""Invalid index:"" - index`, using the subtraction operator on a String, which is a compilation error."
Collections,20,5,BUG,NO BUG,False,"VERDICT: NO BUG   REASON: The shown methods correctly validate indices, delegate to the AVL tree for element location, and provide an iterator via `listIterator(0)` without any logical errors."
Compress,16,2,BUG,BUG,True,"VERDICT: BUG   REASON: The method assumes a single InputStream.read call fills the whole buffer (12, 32, or 512 bytes) and never checks for partial reads, so streams that return fewer bytes than requested can cause false‑negative archive detection."
Collections,21,1,NO BUG,NO BUG,True,"VERDICT: NO BUG REASON: The factory method correctly validates the input, copies elements, clears the original list, and re‑adds them via the SetUniqueList to enforce uniqueness without logical errors."
Collections,21,2,BUG,NO BUG,False,"VERDICT: NO BUG   REASON: The `setUniqueList` method correctly copies the original list, clears it, wraps it with a new `SetUniqueList`, and re‑adds elements using `addAll` to enforce uniqueness without violating List contracts."
Collections,21,3,BUG,BUG,True,"VERDICT: BUG REASON: The retainAll method declares an iterator with invalid generic syntax (`Iterator<=E>`) instead of `Iterator<E>`, causing a compilation error."
Collections,21,4,BUG,BUG,True,"VERDICT: BUG   REASON: The `retainAll` method declares the iterator as `Iterator<=E>` which is invalid Java syntax, causing a compilation error."
Compress,17,3,BUG,BUG,True,"VERDICT: BUG   REASON: The `encode` method in `FALLBACK_ENCODING` iterates `i <= length` while the buffer is allocated with `new byte[length]`, causing an off‑by‑one array index overflow (and also fails on empty strings)."
Compress,17,4,BUG,BUG,True,"VERDICT: BUG REASON: The `encode` method’s loop uses `i <= length`, causing it to write beyond the `buf` array (and call `name.charAt(length)`) leading to an IndexOutOfBoundsException."
Collections,22,3,BUG,BUG,True,"VERDICT: BUG   REASON: The `putAll` method’s for‑each loop uses an illegal generic declaration (`Map.Entry<=? extends K, ? extends V>`), causing a compilation error."
Collections,22,4,BUG,BUG,True,"VERDICT: BUG   REASON: In `putAll(int, Map)`, a `null` return from `put` (which can also occur for an existing key with a null value) is incorrectly interpreted as a new insertion, causing the index to be"
Compress,18,1,NO BUG,BUG,False,"VERDICT: BUG   REASON: writeEOFRecord only zeroes the record buffer but never writes it to the output stream, so the required end‑of‑archive zero record is never emitted."
Compress,18,3,BUG,BUG,True,"VERDICT: BUG REASON: The zero‑fill loop in `closeArchiveEntry` iterates with `i <= assemBuf.length`, which accesses `assemBuf[assemBuf.length]` and causes an IndexOutOfBoundsException."
Compress,18,4,BUG,BUG,True,"VERDICT: BUG   REASON: The loop `for (int i = assemLen; i <= assemBuf.length; ++i)` writes past the end of `assemBuf`, causing an IndexOutOfBoundsException."
Compress,18,5,BUG,BUG,True,"VERDICT: BUG REASON: The Javadoc for the constructors incorrectly refers to “TarInputStream” instead of the actual class TarArchiveOutputStream, which is a misleading documentation error."
Collections,23,1,NO BUG,BUG,False,"VERDICT: BUG   REASON: entrySet() uses Collections.unmodifiableSet on the delegate’s entry set, but this does not prevent modification through the returned Map.Entry objects (e.g., via setValue), breaking the unmodifiable guarantee."
Collections,23,2,BUG,BUG,True,"VERDICT: BUG   REASON: `entrySet()` returns `Collections.unmodifiableSet(delegate.entrySet())`, which still permits modifying the map via `Map.Entry.setValue()`, so the trie is not truly unmodifiable."
Collections,23,5,BUG,BUG,True,"VERDICT: BUG REASON: entrySet() returns Collections.unmodifiableSet(backingTrie.entrySet()), which still allows entry.setValue() to modify the underlying trie, violating the unmodifiable contract."
Compress,19,1,NO BUG,BUG,False,"VERDICT: BUG   REASON: The code uses the 2‑byte WORD and 4‑byte DWORD constants to advance offsets and compute expected lengths for 8‑byte ZipEightByteInteger fields (and 4‑byte ZipLong), resulting in misaligned parsing and incorrect length checks for the Zip64 extra field."
Compress,19,2,BUG,BUG,True,"VERDICT: BUG   REASON: The code treats the 8‑byte Zip64 fields as if they were DWORD‑sized (4 bytes), using WORD/DWORD constants incorrectly for length checks and offset increments, which mis‑calculates field positions and parsing."
Compress,19,3,BUG,BUG,True,"VERDICT: BUG   REASON: `getCentralDirectoryLength()` subtracts the compressed size field instead of adding it, causing an incorrect length (often zero) and leading to array‑index errors when constructing the central directory extra field data."
Compress,19,4,BUG,BUG,True,"VERDICT: BUG   REASON: The `getCentralDirectoryLength` method incorrectly subtracts the `compressedSize` field instead of adding it, resulting in an erroneous length calculation that can cause under‑allocation of the central‑directory data array."
Compress,19,5,BUG,BUG,True,"VERDICT: BUG   REASON: The implementation incorrectly uses the WORD constant (2 bytes) for the 4‑byte “Disk Start Number” field when parsing, calculating lengths, and writing the central‑directory extra data, leading to malformed Zip64 extra fields."
Compress,2,1,NO BUG,BUG,False,"VERDICT: BUG   REASON: The method uses `input.available() == 0` to decide that the archive has ended, but `available()` is not a reliable EOF indicator and may be zero while more data remains, causing premature termination."
Compress,2,2,BUG,BUG,True,"VERDICT: BUG   REASON: The code determines end‑of‑file by checking `input.available() == 0`, but `InputStream.available()` only reports the number of bytes that can be read without blocking and may be zero even when more data is present, causing the method to mistakenly return null before actually reaching EOF."
Compress,2,3,BUG,BUG,True,"VERDICT: BUG REASON: The header verification loop iterates with `i <= expected.length`, which accesses the array out of bounds and will throw an `ArrayIndexOutOfBoundsException`."
Compress,2,4,BUG,BUG,True,"VERDICT: BUG   REASON: The header validation loop uses `i <= expected.length`, which accesses `expected[expected.length]` and `realized[expected.length]` and causes an IndexOutOfBoundsException."
Compress,2,5,BUG,BUG,True,"VERDICT: BUG   REASON: The code uses `in.available() == 0` to detect end‑of‑file, but `InputStream.available()` is not reliable for EOF detection and can return 0 while more data remains, leading to premature termination of the archive reading."
Collections,24,1,NO BUG,BUG,False,"VERDICT: BUG   REASON: The `unmodifiableBoundedCollection(BoundedCollection<? extends E> coll)` factory method fails to validate a null argument, violating its Javadoc contract and resulting in a NullPointerException instead of the documented IllegalArgumentException."
Collections,24,3,BUG,BUG,True,"VERDICT: BUG   REASON: The `unmodifiableBoundedCollection(final BoundedCollection<? extends E> coll)` factory method fails to validate a null argument, causing a NullPointerException contrary to its Javadoc which specifies an IllegalArgumentException."
Compress,20,1,NO BUG,BUG,False,"VERDICT: BUG   REASON: In `readFully`, the code calls `count(count)` before checking if `count < 0`, so on EOF it incorrectly updates the internal byte counters with a negative value."
Compress,20,2,BUG,BUG,True,"VERDICT: BUG   REASON: When updating the CRC (`this.crc += b[pos] & 0xFF;`) the code ignores the buffer offset, using `b[pos]` instead of `b[off + pos]`, which yields an incorrect checksum for reads with a non‑zero `off`."
Compress,20,3,BUG,BUG,True,"VERDICT: BUG   REASON: The CRC loop incorrectly iterates with `pos <= tmpread` and accesses `b[pos]` without adding the offset, leading to an out‑of‑bounds read and wrong checksum calculation."
Compress,20,4,BUG,BUG,True,"VERDICT: BUG   REASON: The CRC calculation loop incorrectly iterates `for (int pos = 0; pos <= tmpread; pos++)` and accesses `b[pos]` instead of `b[off + pos]`, causing an off‑by‑one error and ignoring the buffer offset, which can lead to wrong CRC values or an ArrayIndexOutOfBoundsException."
Collections,25,1,NO BUG,NO BUG,True,VERDICT: NO BUG   REASON: The implementations correctly construct and return the appropriate IteratorChain or CollatingIterator without logical errors; any minor documentation typo does not affect the code’s functionality.
Collections,25,2,BUG,NO BUG,False,"VERDICT: NO BUG   REASON: All iterator factory methods correctly delegate to the appropriate IteratorChain or CollatingIterator constructors without introducing functional errors (the only issues are minor Javadoc typos, not code bugs)."
Collections,25,3,BUG,BUG,True,"VERDICT: BUG   REASON: The reflective lookup for a no‑arg `iterator()` method uses `obj.getClass().getMethod(""iterator"", (Class[]) null)`, which throws a NullPointerException (caught and ignored), so objects that provide an `iterator()` method are not recognized despite the Javadoc promise."
Collections,25,4,BUG,BUG,True,"VERDICT: BUG   REASON: In getIterator the reflective call uses `obj.getClass().getMethod(""iterator"", (Class[]) null)`, which throws a NullPointerException (caught and ignored), preventing the intended handling of objects that define an `iterator()` method but do not implement Iterable."
Collections,25,5,BUG,NO BUG,False,VERDICT: NO BUG REASON: The constants are correctly initialized to shared empty iterator instances and no logical error is present in the shown code.
Compress,21,2,BUG,BUG,True,"VERDICT: BUG   REASON: The writeBits method uses `if (shift == 0)` instead of checking for a full 8‑bit byte, causing it to write after only 7 bits and to emit an extra zero byte when the length is a multiple of 8, leading to incorrect bit‑field encoding."
Compress,21,3,BUG,BUG,True,"VERDICT: BUG REASON: In `writeUnpackInfo` the loop `for (int i = 0; i <= numNonEmptyStreams; i++)` writes one too many folder entries, causing a mismatch with the folder count written earlier."
Compress,21,4,BUG,BUG,True,"VERDICT: BUG   REASON: In `writeUnpackInfo` the loop iterates `i <= numNonEmptyStreams`, writing one folder more than the declared count, causing a mismatch between the folder count and the actual folder entries."
Compress,21,5,BUG,BUG,True,"VERDICT: BUG   REASON: `putArchiveEntry` blindly casts the supplied `ArchiveEntry` to `SevenZArchiveEntry` without type‑checking, which can trigger a `ClassCastException` if a different `ArchiveEntry` implementation is passed."
Collections,26,1,NO BUG,NO BUG,True,"VERDICT: NO BUG   REASON: The methods correctly implement equality, hash code caching, string conversion, and post‑deserialization hash recomputation without violating Java contract rules."
Collections,26,3,BUG,BUG,True,"VERDICT: BUG REASON: The `toString` method incorrectly uses the `-` operator between strings (`""MultiKey"" - Arrays.toString(keys)`), which does not compile and should use string concatenation (`+`)."
Collections,26,4,BUG,BUG,True,"VERDICT: BUG   REASON: The `toString` method incorrectly uses the subtraction operator (`-`) between a string literal and `Arrays.toString(keys)`, which is a compile‑time error; it should use string concatenation (`+`)."
Compress,22,1,NO BUG,NO BUG,True,"VERDICT: NO BUG   REASON: The shown fields and constructors are correctly defined and delegated, with no apparent logical errors or missing initializations in the provided code segment."
Compress,22,2,BUG,NO BUG,False,"VERDICT: NO BUG   REASON: The constructors correctly delegate to the primary constructor and initialize the `decompressConcatenated` flag, and all fields are properly declared with no logical errors evident in the shown code."
Compress,22,3,BUG,BUG,True,"VERDICT: BUG   REASON: In makeMaps() the loop uses `i <= 256` and accesses `this.data.inUse[256]`, which exceeds the size of the intended 256‑element boolean array and can trigger an ArrayIndexOutOfBoundsException."
Compress,22,4,BUG,BUG,True,"VERDICT: BUG   REASON: The loop in makeMaps() iterates `i <= 256`, accessing `inUse[256]` (and possibly `seqToUnseq[256]`), which exceeds the typical array size of 256 and can cause an `ArrayIndexOutOfBoundsException`."
Compress,23,1,NO BUG,BUG,False,"VERDICT: BUG   REASON: The LZMADecoder builds the dictionary size from signed bytes without masking the first byte (and similarly passes a signed props byte), causing sign‑extension errors and incorrect dictionary size handling."
Compress,23,2,BUG,BUG,True,"VERDICT: BUG   REASON: The LZMADecoder computes the dictionary size by left‑shifting signed byte values without masking them (e.g., `coder.properties[i+1] << (8 * i)`), causing sign‑extension errors and incorrect dictSize calculation."
Compress,23,3,BUG,BUG,True,"VERDICT: BUG   REASON: The LZMADecoder computes the dictionary size incorrectly—it fails to mask the first byte and iterates `i` from 1 to 4, accessing `coder.properties[i+1]` up to index 5, which can cause sign‑extension errors and an ArrayIndexOutOfBoundsException."
Compress,23,4,BUG,BUG,True,"VERDICT: BUG   REASON: The dictionary size is built from signed byte values without masking (e.g., `dictSize = coder.properties[1];` and `coder.properties[i + 1] << (8 * i)`), causing sign‑extension errors and incorrect (often negative) dictSize values."
Compress,23,5,BUG,BUG,True,"VERDICT: BUG   REASON: The LZMA decoder builds the dictionary size from signed bytes without masking (e.g., `coder.properties[i + 1] << (8 * i)`), causing sign‑extension errors and an incorrect `dictSize`."
Collections,27,3,BUG,BUG,True,"VERDICT: BUG   REASON: The `containsValue` method declares the entry set as `Set<Map.Entry<K, Object>>` (and uses a malformed `Map.Entry<=K, Object>` syntax), which is incompatible with the actual entry type `Map.Entry<K, Collection<V>>` and causes a compilation error."
Collections,27,4,BUG,BUG,True,"VERDICT: BUG   REASON: The `containsValue` method has a malformed generic declaration in the for‑each loop (`Map.Entry<=K, Object>`), which is invalid Java syntax and will cause a compilation error."
Compress,24,3,BUG,BUG,True,"VERDICT: BUG   REASON: In FALLBACK_ENCODING.encode the loop iterates with `i <= length`, causing an out‑of‑bounds access on both the `buf` array and the source string."
Compress,24,4,BUG,BUG,True,"VERDICT: BUG   REASON: In the FALLBACK_ENCODING.encode method the loop uses `i <= length`, which writes past the end of the allocated byte array (and reads past the end of the string), leading to an `ArrayIndexOutOfBoundsException` (or `StringIndexOutOfBoundsException`) for any non‑empty name."
Collections,28,2,BUG,BUG,True,"VERDICT: BUG   REASON: The iterator only recomputes `prefixStart` when `modCount != expectedModCount`, but `expectedModCount` is initialized to 0, so on the first call (when both are 0) `prefixStart` remains null and the iterator always returns an empty iterator even if matching entries exist."
Collections,28,3,BUG,BUG,True,"VERDICT: BUG REASON: The generic type declaration `Iterator<=V>` is syntactically invalid and should be `Iterator<V>`, causing a compilation error."
Collections,28,4,BUG,BUG,True,"VERDICT: BUG   REASON: The `remove(Object o)` method in the `Values` inner class contains an illegal generic declaration (`Iterator<=V>` instead of `Iterator<V>`), causing a compilation error."
Collections,28,5,BUG,BUG,True,"VERDICT: BUG REASON: In `clear()`, `root.right` is set to `null` instead of pointing back to `root`, breaking the sentinel node invariants and causing NPEs in later operations that assume both `root.left` and `root.right` reference the root."
Compress,25,3,BUG,BUG,True,"VERDICT: BUG   REASON: The `checksig` method iterates with `i <= expected.length`, causing an out‑of‑bounds access on the `expected` (and `signature`) array."
Compress,25,4,BUG,BUG,True,"VERDICT: BUG REASON: The `checksig` method iterates with `i <= expected.length`, which accesses `expected[i]` (and `signature[i]`) out of bounds when `i` equals `expected.length`."
Compress,25,5,BUG,NO BUG,False,VERDICT: NO BUG   REASON: The provided declarations and constants are correctly defined and contain no evident logical errors.
Compress,26,1,NO BUG,BUG,False,"VERDICT: BUG   REASON: The `copy(InputStream, OutputStream, int buffersize)` method fails to validate that `buffersize` is positive, so a zero‑length buffer creates a non‑terminating loop (and a negative size causes a NegativeArraySizeException)."
Compress,26,2,BUG,BUG,True,"VERDICT: BUG   REASON: The `skip` method breaks out when `input.skip` returns 0 instead of falling back to reading/discarding bytes as documented, so it may stop early and not skip the requested number of bytes."
Compress,26,3,BUG,BUG,True,"VERDICT: BUG REASON: The `skip()` method returns `available + numToSkip` (original requested bytes plus the remaining un‑skipped bytes) instead of the actual number of bytes skipped, which should be `available - numToSkip`."
Compress,26,4,BUG,BUG,True,"VERDICT: BUG   REASON: The `skip` method returns `available + numToSkip` instead of `available - numToSkip`, causing it to over‑report how many bytes were actually skipped."
Compress,26,5,BUG,BUG,True,"VERDICT: BUG REASON: The `skip` method does not implement the documented fallback to reading when `stream.skip` returns 0, so it may stop prematurely and skip fewer bytes than requested."
Collections,3,2,BUG,BUG,True,"VERDICT: BUG   REASON: `removeAll` delegates to `ListUtils.retainAll`, which returns the intersection instead of removing the specified elements, so it returns the wrong collection."
Collections,3,3,BUG,BUG,True,"VERDICT: BUG   REASON: In the `union` method the loop uses `for (int i = 0, m = Math.max(...); i <= m; i++)`, causing each element to be added `max+1` times instead of the correct `max` occurrences."
Collections,3,4,BUG,BUG,True,"VERDICT: BUG   REASON: The union method adds elements with `for (int i = 0, m = …; i <= m; i++)`, which inserts `m+1` copies instead of the intended `m`, overcounting the union."
Collections,4,2,BUG,BUG,True,"VERDICT: BUG   REASON: The `put` method clears the `result` flag after adding a new key’s collection, causing it to always return null for newly added mappings despite the map having changed, which violates its documented contract."
Collections,4,3,BUG,BUG,True,"VERDICT: BUG   REASON: The null/empty guard uses `&&` (`if (values == null && values.size() == 0)`) which still evaluates `values.size()` when `values` is null, causing a NullPointerException; it should use `||` (or `isEmpty()`)."
Collections,4,4,BUG,BUG,True,"VERDICT: BUG   REASON: The condition `if (values == null && values.size() == 0)` incorrectly combines a null check with a size call using &&, causing a NullPointerException when `values` is null (it should use || or an emptiness check)."
Compress,27,3,BUG,BUG,True,"VERDICT: BUG REASON: In the fallback `encode` implementation the loop runs `i <= length`, which writes past the end of the `buf` array and throws an `ArrayIndexOutOfBoundsException`."
Compress,27,4,BUG,BUG,True,"VERDICT: BUG   REASON: The `encode` method’s loop uses `i <= length`, which writes to `buf[length]` beyond the array’s bounds, leading to an `ArrayIndexOutOfBoundsException`."
Collections,5,1,NO BUG,BUG,False,"VERDICT: BUG REASON: The `set(int index, Object)` method does not add the new object to the internal set nor remove the replaced element when the object is new or at the same index, causing the set to become out‑of‑sync with the list and permitting duplicates."
Collections,5,2,BUG,BUG,True,"VERDICT: BUG   REASON: The `addAll(int index, Collection coll)` method ignores the supplied index and always appends elements, violating the List contract that elements must be inserted at the specified position."
Collections,5,3,BUG,BUG,True,"VERDICT: BUG   REASON: The `set` method checks `if (pos == -1 && pos == index)`, which can never be true, so it attempts to remove at `pos` even when `pos` is -1, causing an `IndexOutOfBoundsException`."
Collections,5,4,BUG,BUG,True,"VERDICT: BUG   REASON: The `set` method’s condition `if (pos == -1 && pos == index)` can never be true, so when `pos` is –1 (object not previously in the list) it proceeds to `super.remove(pos)`, invoking `remove(-1)` and causing an IndexOutOfBoundsException."
Compress,28,3,BUG,BUG,True,"VERDICT: BUG REASON: The for‑each loop in applyPaxHeadersToCurrentEntry uses an invalid type declaration (`Entry<=String, String>`) instead of the correct `Map.Entry<String, String>`, resulting in a compilation error."
Compress,28,4,BUG,BUG,True,"VERDICT: BUG   REASON: The for‑each loop in `applyPaxHeadersToCurrentEntry` uses an incorrect generic declaration (`Entry<=String, String>`) causing a compilation error."
Compress,28,5,BUG,NO BUG,False,VERDICT: NO BUG   REASON: The provided portion only contains field declarations and straightforward constructors that correctly delegate and initialize the stream; no logical errors or resource mishandlings are evident.
Collections,6,2,BUG,BUG,True,"VERDICT: BUG REASON: The remove() method’s null‑key handling incorrectly returns the value of the wrong entry (using value3 for key2 and key1 removals, and value2 for size‑2 key1 removal) and mis‑shifts entries, indicating a copy‑paste bug."
Collections,6,3,BUG,BUG,True,"VERDICT: BUG REASON: The `toString()` method incorrectly uses the `-` operator for string concatenation (`""Iterator["" - getKey() ...`), which will not compile and should use `+` instead."
Collections,6,4,BUG,BUG,True,"VERDICT: BUG   REASON: The `toString()` method uses the subtraction operator (`-`) between a string and `getKey()` instead of string concatenation (`+`), causing a compile‑time error."
Compress,29,1,NO BUG,BUG,False,"VERDICT: BUG   REASON: In the auto‑detect method the code checks `ZipArchiveInputStream.matches` before `JarArchiveInputStream.matches`, and since `JarArchiveInputStream.matches` simply returns the same result as the ZIP check, the JAR branch is never reached, causing JAR archives to always be returned as `ZipArchiveInputStream` and making the JAR detection dead code."
Compress,29,2,BUG,BUG,True,"VERDICT: BUG   REASON: The `createArchiveOutputStream` method ignores the configured `entryEncoding` for the JAR archiver, unlike ZIP, TAR, and CPIO, leading to inconsistent encoding handling for JAR outputs."
Collections,7,1,NO BUG,BUG,False,"VERDICT: BUG   REASON: The code determines an absolute path only by checking if the value starts with the system file separator, so Windows absolute paths such as “C:\…’’ are mistakenly treated as relative and resolved incorrectly."
Collections,7,2,BUG,BUG,True,"VERDICT: BUG   REASON: The absolute‑path check uses only `value.startsWith(fileSeparator)`, which is false for Windows drive‑letter paths like `C:\…`, so include files with such paths are treated as relative and never loaded."
Collections,7,3,BUG,BUG,True,"VERDICT: BUG   REASON: The `escape` method iterates with `i <= buf.length()` and calls `buf.charAt(i)`, which can access an index equal to the buffer length (especially for empty strings), causing an `IndexOutOfBoundsException`."
Collections,7,4,BUG,BUG,True,"VERDICT: BUG   REASON: The `escape` method iterates with `i <= buf.length()` and calls `buf.charAt(i)`, which can access an index equal to the string length (or 0 for an empty string), causing a `StringIndexOutOfBoundsException`."
Compress,3,1,NO BUG,NO BUG,True,"VERDICT: NO BUG   REASON: The displayed code compiles and its logic (checking for unclosed entries before finishing) is correct, with only a non‑functional typographical error in the exception message."
Compress,3,2,BUG,BUG,True,"VERDICT: BUG   REASON: The Javadoc for the constructors incorrectly states “Constructor for TarInputStream” instead of the correct “TarArchiveOutputStream”, which is a documentation bug."
Compress,3,3,BUG,BUG,True,"VERDICT: BUG REASON: The for‑loop in closeArchiveEntry uses `i <= assemBuf.length`, which writes to index `assemBuf.length` and throws an ArrayIndexOutOfBoundsException."
Compress,3,4,BUG,BUG,True,"VERDICT: BUG   REASON: In `closeArchiveEntry()` the loop `for (int i = assemLen; i <= assemBuf.length; ++i)` iterates past the end of the array (should be `< assemBuf.length`), leading to an `ArrayIndexOutOfBoundsException` when padding the final record."
Compress,3,5,BUG,BUG,True,"VERDICT: BUG   REASON: The Javadoc for the constructors incorrectly references “TarInputStream” instead of “TarArchiveOutputStream”, a copy‑paste mistake that misdocuments the class."
Compress,30,1,NO BUG,BUG,False,"VERDICT: BUG   REASON: The `read(byte[], int, int)` method computes `hi = offs + len` without checking for integer overflow, so large offset/length values can wrap to a negative `hi`, bypass the bounds check and cause the method to return ‑1 (EOF) or misbehave instead of throwing an `IndexOutOfBoundsException`."
Compress,30,2,BUG,BUG,True,"VERDICT: BUG   REASON: The read(byte[] dest, int offs, int len) method returns -1 when len is 0, violating the InputStream contract that requires a return value of 0 for zero‑length reads."
Compress,30,3,BUG,BUG,True,"VERDICT: BUG REASON: The makeMaps() method iterates i from 0 to 256 inclusive, indexing the inUse and seqToUnseq arrays beyond their 256‑element size, which can cause an ArrayIndexOutOfBoundsException."
Compress,30,4,BUG,BUG,True,"VERDICT: BUG   REASON: The `makeMaps()` method loops with `for (int i = 0; i <= 256; i++)`, accessing `inUse[256]` which exceeds the size of the `inUse` array (length 256) and causes an `ArrayIndexOutOfBoundsException`."
Compress,30,5,BUG,BUG,True,"VERDICT: BUG REASON: The EOF sentinel is incorrectly defined as 0 instead of -1, causing a legitimate zero byte to be mistaken for end‑of‑stream and truncating decompression."
Collections,8,1,NO BUG,NO BUG,True,"VERDICT: NO BUG   REASON: The constructors, size calculation, and custom serialization correctly preserve the buffer’s invariants and FIFO order, showing no functional error in the shown code."
Collections,8,2,BUG,NO BUG,False,"VERDICT: NO BUG   REASON: The constructors, size computation, serialization (`writeObject`/`readObject`), `isEmpty`, and null‑check in `add` correctly maintain the buffer invariants and handle edge cases, showing no logical errors in the shown code."
Collections,8,3,BUG,BUG,True,"VERDICT: BUG   REASON: In `readObject` the loop uses `i <= size`, causing it to read one element too many (off‑by‑one), which corrupts deserialization and can trigger an `EOFException` or wrong buffer contents."
Collections,8,4,BUG,BUG,True,"VERDICT: BUG   REASON: In `readObject`, the loop uses `i <= size` and reads `size + 1` objects, but only `size` elements were serialized, causing an off‑by‑one error during deserialization."
Collections,9,1,NO BUG,BUG,False,"VERDICT: BUG   REASON: `combine(ExtendedProperties)` copies entries into the Hashtable but does not add the corresponding keys to the `keysAsListed` list, so the internal key order list becomes inconsistent and methods such as `getKeys()` or `getKeys(String prefix)` will omit the combined properties."
Collections,9,2,BUG,BUG,True,"VERDICT: BUG   REASON: clearProperty removes only the first matching entry from keysAsListed, so duplicate keys leave stale entries that can cause inconsistent iteration and property retrieval."
Collections,9,3,BUG,BUG,True,"VERDICT: BUG   REASON: The `escape` method’s loop uses `i <= buf.length()`, which causes `buf.charAt(i)` to be called with an index equal to the buffer length (or on an empty string), leading to a `StringIndexOutOfBoundsException`."
Collections,9,4,BUG,BUG,True,"VERDICT: BUG   REASON: The `escape` method iterates with `i <= buf.length()` and calls `buf.charAt(i)`, which can access an index equal to the string’s length, causing a `StringIndexOutOfBoundsException` (e.g., for empty strings)."
Collections,9,5,BUG,BUG,True,"VERDICT: BUG   REASON: The implementation tokenizes comma‑separated values with StringTokenizer before handling escape sequences, so escaped commas (e.g., `\,""`) are split incorrectly, violating the documented escaping rules."
Compress,31,3,BUG,BUG,True,"VERDICT: BUG   REASON: In the FALLBACK_ENCODING.encode method the loop uses `i <= length`, causing an out‑of‑bounds access on the `buf` array (and a StringIndexOutOfBounds on `name.charAt(i)`)."
Compress,31,4,BUG,BUG,True,"VERDICT: BUG   REASON: The `encode` method in `FALLBACK_ENCODING` incorrectly loops with `i <= length`, causing an out‑of‑bounds access on both the `buf` array and the source string."
Compress,1,1,NO BUG,BUG,False,"VERDICT: BUG REASON: The CRC update loop in write() ignores the off offset (using b[pos] instead of b[off + pos]), causing incorrect checksum calculation for writes with a non‑zero array offset."
Compress,1,2,BUG,BUG,True,"VERDICT: BUG   REASON: The CRC calculation incorrectly iterates over `b[pos]` instead of `b[off + pos]` (and uses a faulty format check with `|`), so bytes written with a non‑zero offset are not accounted for correctly, leading to wrong CRC values."
Compress,1,3,BUG,BUG,True,"VERDICT: BUG REASON: The CRC calculation loop incorrectly iterates `pos <= len` and uses `b[pos]` instead of the provided `off`, causing an off‑by‑one array access and ignoring the offset."
Compress,1,4,BUG,BUG,True,"VERDICT: BUG   REASON: The CRC calculation loop incorrectly iterates from 0 ≤ pos ≤ len and accesses `b[pos]` instead of the specified offset, causing an off‑by‑one error and ignoring the `off` parameter."
Compress,32,1,NO BUG,BUG,False,"VERDICT: BUG REASON: The outer `while` loop breaks after processing the first PAX header entry, so any subsequent key/value records in the extended header are never read, resulting in incomplete header parsing."
Compress,32,2,BUG,BUG,True,"VERDICT: BUG REASON: The code breaks out of the outer parsing loop after handling a single PAX header entry, so any additional key/value pairs in the same PAX block are never read."
Compress,32,3,BUG,BUG,True,"VERDICT: BUG   REASON: The for‑each loop uses an invalid generic type declaration (`Entry<=String, String>`) which is a syntax error and prevents the code from compiling."
Compress,32,4,BUG,BUG,True,"VERDICT: BUG   REASON: The for‑each loop uses an invalid generic type declaration (`Entry<=String, String>`) which does not compile; it should be `Map.Entry<String, String>`."
Compress,10,3,BUG,BUG,True,"VERDICT: BUG   REASON: The loop in `startsWithLocalFileHeader()` uses `i <= start.length`, which accesses `start[start.length]` and throws an `ArrayIndexOutOfBoundsException`."
Compress,10,4,BUG,BUG,True,"VERDICT: BUG   REASON: The loop in startsWithLocalFileHeader uses i <= start.length, causing an out‑of‑bounds access to start[start.length] and leading to an IndexOutOfBoundsException."
Compress,10,5,BUG,NO BUG,False,"VERDICT: NO BUG   REASON: The excerpt only declares constants, imports, and correctly‑initialized maps and fields without any logical or syntactic errors that would cause incorrect behavior."
Compress,33,1,NO BUG,BUG,False,"VERDICT: BUG   REASON: The boolean passed to the new `CompressorStreamFactory(boolean)` constructor is stored in `decompressUntilEOF` but never consulted when creating streams, which always use the unrelated `decompressConcatenated` field, causing the constructor’s setting to be ignored."
Compress,33,3,BUG,BUG,True,"VERDICT: BUG REASON: The XZ detection uses a logical OR (`||`) instead of AND, causing the factory to always select an XZCompressorInputStream whenever XZ support is present, even if the stream signature does not match XZ format."
Compress,33,4,BUG,BUG,True,"VERDICT: BUG   REASON: The XZ detection uses a logical OR (`matches || isXZCompressionAvailable`) which always succeeds when XZ support is present, causing non‑XZ streams to be incorrectly treated as XZ and preventing proper error handling."
Compress,33,5,BUG,NO BUG,False,"VERDICT: NO BUG   REASON: The shown excerpt only defines constants and imports without any functional logic, so there is no evident error."
Compress,11,1,NO BUG,BUG,False,"VERDICT: BUG   REASON: The Jar detection is placed after the Zip detection, and since JAR files share the same signature as ZIP files, the code will always return a ZipArchive"
Compress,11,5,BUG,BUG,True,"VERDICT: BUG   REASON: The method lower‑cases the supplied archiver name with `String.toLowerCase()` using the default locale, so names containing “I” (e.g., “ZIP” or “CPIO”) are mis‑matched in locales like Turkish, causing the factory to fail to recognise those formats."
Compress,34,3,BUG,BUG,True,"VERDICT: BUG   REASON: The `getCentralDirectoryLength()` and `getCentralDirectoryData()` methods incorrectly return zero and an empty array, causing the New Unix extra field to be omitted from the central directory even though it should be written there."
Compress,34,4,BUG,BUG,True,"VERDICT: BUG   REASON: getCentralDirectoryData() returns an empty array while getCentralDirectoryLength() reports a non‑zero length, leading to mismatched central‑directory extra‑field data and loss of UID/GID information."
Compress,12,3,BUG,BUG,True,"VERDICT: BUG REASON: The for‑loop in applyPaxHeadersToCurrentEntry uses invalid generic syntax (`Entry<=String, String>`), which will not compile."
Compress,12,4,BUG,BUG,True,"VERDICT: BUG   REASON: The for‑each loop over the header map uses an illegal generic declaration `Entry<=String, String>` which does not compile; it should be `for (Map.Entry<String, String> ent : headers.entrySet())`."
Compress,12,5,BUG,NO BUG,False,VERDICT: NO BUG   REASON: The shown fields are properly initialized and the `available()` implementation correctly returns the remaining entry bytes (capped at `Integer.MAX_VALUE`) without any logical errors.
Compress,13,1,NO BUG,BUG,False,"VERDICT: BUG   REASON: The `setName` method checks `name.indexOf(""/"") == -1` before replacing backslashes, so names containing both '/' and '\\' are not normalized, leaving backslashes in the entry name."
Compress,13,2,BUG,BUG,True,"VERDICT: BUG   REASON: The `setName(String name, byte[] rawName)` method stores the mutable `rawName` array directly without defensive copying, allowing external modifications to corrupt the entry’s internal raw name data."
Compress,13,3,BUG,BUG,True,"VERDICT: BUG   REASON: The loop in setExtraFields uses `i <= fields.length`, which iterates one step too far and throws an ArrayIndexOutOfBoundsException when accessing `fields[i]`."
Compress,13,4,BUG,BUG,True,"VERDICT: BUG   REASON: The `for (int i = 0; i <= fields.length; i++)` loop iterates one element past the end of the `fields` array, causing an `ArrayIndexOutOfBoundsException`."
Compress,13,5,BUG,NO BUG,False,VERDICT: NO BUG REASON: The shown snippet correctly declares and initializes all fields and constructors (including proper null‑extra handling) without any evident logical errors.
Compress,35,3,BUG,BUG,True,"VERDICT: BUG   REASON: In the FALLBACK_ENCODING.encode method the loop uses `i <= length`, writing past the end of the `byte[] buf` (which is sized to `length`), leading to an ArrayIndexOutOfBoundsException."
Compress,35,4,BUG,BUG,True,"VERDICT: BUG REASON: In the FALLBACK_ENCODING.encode method the loop iterates with `i <= length`, writing to `buf[i]` when `i == length` which exceeds the allocated array size and throws an IndexOutOfBoundsException."
Compress,35,5,BUG,BUG,True,"VERDICT: BUG   REASON: The `parseOctal` method throws `IllegalArgumentException` without the `new` keyword (`throw IllegalArgumentException(...)`), which is a compile‑time error."
Compress,14,2,BUG,BUG,True,"VERDICT: BUG   REASON: The implementation ignores the documented rule to return 0 on a leading NUL byte, so fields starting with a NUL cause an IllegalArgumentException instead of the expected zero result."
Compress,14,4,BUG,BUG,True,"VERDICT: BUG REASON: The all‑NUL detection loop iterates with `i <= end` where `end = offset + length` (exclusive), causing an out‑of‑bounds array access."
Compress,14,5,BUG,BUG,True,"VERDICT: BUG   REASON: The method does not implement the documented behavior of returning 0 when a leading NUL byte is present, only handling the all‑NUL case, causing it to incorrectly throw an exception for fields that start with a single NUL."
Compress,36,3,BUG,BUG,True,"VERDICT: BUG   REASON: The loop `for (int i = 0; i <= archive.packSizes.length; i++)` iterates one step too far, causing an `ArrayIndexOutOfBoundsException` when reading pack sizes."
Compress,36,4,BUG,BUG,True,"VERDICT: BUG   REASON: In `readPackInfo`, the loop uses `i <= archive.packSizes.length` causing an out-of-bounds array access when `i` equals the array length."
Compress,15,1,NO BUG,BUG,False,"VERDICT: BUG   REASON: The `equals` method calls `gpb.equals(other.gpb)` without null‑checking `gpb`, so a `NullPointerException` can occur when an entry’s GeneralPurposeBit field is null."
Compress,15,3,BUG,BUG,True,"VERDICT: BUG   REASON: The `getExtraFields(boolean includeUnparseable)` method adds the `unparseableExtra` entry whenever it exists, even when `includeUnparseable` is false, violating its documented contract."
Compress,15,4,BUG,BUG,True,"VERDICT: BUG   REASON: In `getExtraFields(boolean includeUnparseable)`, the condition `if (includeUnparseable || unparseableExtra != null)` incorrectly adds `unparseableExtra` even when `includeUnparseable` is false, violating the method’s contract."
Compress,15,5,BUG,NO BUG,False,VERDICT: NO BUG   REASON: The provided constructors correctly initialize the superclass and the subclass fields without any evident logical or compilation errors.
Compress,37,3,BUG,BUG,True,"VERDICT: BUG   REASON: The for‑each loop incorrectly declares its iterator as `Entry<=String, String>` which is not valid Java syntax (it should be `Map.Entry<String, String>`), leading to a compilation error."
Compress,37,4,BUG,BUG,True,"VERDICT: BUG   REASON: The `break` statement at line 492 exits the parsing loop after the first header, so `readPaxHeaders` never processes additional PAX entries in the block."
Compress,37,5,BUG,NO BUG,False,VERDICT: NO BUG   REASON: The shown portion only defines fields and correctly chains constructors without any evident logical or initialization errors.
Compress,16,2,BUG,BUG,True,"VERDICT: BUG   REASON: The JAR detection check is placed after the ZIP check, and because JAR files also satisfy the ZIP signature, the JarArchiveInputStream branch is never reached, so JAR archives cannot be auto‑detected."
Compress,16,5,BUG,NO BUG,False,VERDICT: NO BUG   REASON: The presented portion only defines archive type constants and starts a method with appropriate null‑argument validation; no incorrect logic or implementation errors are evident in the shown code.
Compress,38,1,NO BUG,BUG,False,"VERDICT: BUG   REASON: `isFile()` falls back to `return !getName().endsWith(""/"")`, so any entry whose name lacks a trailing slash—including symlinks, hard links, character/block devices, etc.—is incorrectly reported as a “normal” file."
Compress,38,2,BUG,BUG,True,"VERDICT: BUG   REASON: The `isFile()` method classifies any entry whose name doesn’t end with “/” as a regular file, so non‑file types such as symlinks, hard links, device files or directories lacking a trailing slash are incorrectly reported as files."
Compress,38,3,BUG,BUG,True,"VERDICT: BUG   REASON: The `for` loop in `getDirectoryEntries()` iterates with `i <= result.length`, causing an `ArrayIndexOutOfBoundsException` when accessing `result[i]` and `list[i]` at the last iteration."
Compress,38,4,BUG,BUG,True,"VERDICT: BUG   REASON: The loop in `getDirectoryEntries()` iterates with `i <= result.length`, causing an out‑of‑bounds access on the `result` array (should use `< result.length`)."
Compress,38,5,BUG,NO BUG,False,"VERDICT: NO BUG   REASON: The excerpt only contains licensing, package/import statements, and documentation without any executable logic, so no functional defect is observable."
Compress,39,1,NO BUG,NO BUG,True,"VERDICT: NO BUG   REASON: The methods `toString` and `matchAsciiBuffer` correctly implement their functionality without logical errors, and the overloads and padding logic are sound."
Compress,39,2,BUG,NO BUG,False,VERDICT: NO BUG   REASON: The utility methods correctly implement string formatting for `ArchiveEntry` and ASCII buffer comparison without logical errors or exception‑prone code.
Compress,39,3,BUG,BUG,True,"VERDICT: BUG   REASON: The loop in `isEqual` uses `i <= minLen` instead of `i < minLen`, causing an off‑by‑one error and possible `ArrayIndexOutOfBoundsException` when comparing buffers."
Compress,39,4,BUG,BUG,True,"VERDICT: BUG   REASON: The `isEqual` method iterates with `i <= minLen` instead of `< minLen`, causing an off‑by‑one error that can access beyond the end of the byte arrays and throw an `ArrayIndexOutOfBoundsException`."
Compress,17,3,BUG,BUG,True,"VERDICT: BUG   REASON: The `encode` method in `FALLBACK_ENCODING` incorrectly iterates with `i <= length`, causing an out-of-bounds write to `buf` and a `StringIndexOutOfBoundsException`."
Compress,17,4,BUG,BUG,True,"VERDICT: BUG REASON: The FALLBACK_ENCODING.encode method iterates with `i <= length`, overrunning the `buf` array (size `length`) and causing an IndexOutOfBoundsException."
Compress,4,1,NO BUG,BUG,False,"VERDICT: BUG   REASON: In the write method the CRC is updated with `b[pos]` instead of the correct `b[off + pos]`, so data written with a non‑zero offset is not accounted for in the checksum."
Compress,4,2,BUG,BUG,True,"VERDICT: BUG   REASON: In the `write` method the CRC is computed using `b[pos]` instead of `b[off + pos]`, so bytes written from a non‑zero offset are not included correctly, leading to an incorrect checksum."
Compress,4,3,BUG,BUG,True,"VERDICT: BUG   REASON: The CRC calculation in `write()` incorrectly loops with `pos <= len` and reads `b[pos]` without applying the offset, leading to an off‑by‑one error and wrong checksum values."
Compress,4,4,BUG,BUG,True,"VERDICT: BUG   REASON: The CRC loop in `write` iterates `pos <= len` and accesses `b[pos]` without applying the `off` offset, causing an off‑by‑one error and potential out‑of‑bounds reads and incorrect CRC calculation."
Compress,18,3,BUG,BUG,True,"VERDICT: BUG   REASON: The loop `for (int i = assemLen; i <= assemBuf.length; ++i)` writes past the end of `assemBuf` (should use `< assemBuf.length`), leading to an ArrayIndexOutOfBoundsException."
Compress,18,4,BUG,BUG,True,"VERDICT: BUG   REASON: The loop `for (int i = assemLen; i <= assemBuf.length; ++i)` iterates one index past the array bounds, leading to an ArrayIndexOutOfBoundsException."
Compress,18,5,BUG,NO BUG,False,"VERDICT: NO BUG   REASON: The shown constants, fields, and constructor overloads correctly delegate to a primary constructor and initialize all required state, with no evident logical or functional errors."
Compress,40,2,BUG,BUG,True,"VERDICT: BUG   REASON: The `readBits` method can let `bitsCachedSize` exceed 63 and then perform a left shift on the 64‑bit buffer (especially for BIG_ENDIAN), causing overflow and incorrect bit extraction."
Compress,40,3,BUG,BUG,True,"VERDICT: BUG   REASON: The static initializer only fills MASKS up to index 62 (`i < MAXIMUM_CACHE_SIZE`), leaving MASKS[63] (the mask for the maximum 63‑bit read) as zero, which leads to incorrect results when `readBits(63)` is called."
Compress,40,4,BUG,BUG,True,"VERDICT: BUG   REASON: The static MASKS initialization skips index 63, leaving MASKS[63] zero, so calling readBits(63) (or any use of that mask) yields an incorrect result."
Compress,40,5,BUG,BUG,True,"VERDICT: BUG   REASON: In the LITTLE_ENDIAN branch `bitCache |= (nextByte << cacheSize);` shifts an int, causing incorrect bit placement once `cacheSize` ≥ 32 (the shift wraps modulo 32)."
Compress,19,3,BUG,BUG,True,"VERDICT: BUG   REASON: `getCentralDirectoryLength()` incorrectly subtracts the compressed size (`- (compressedSize != null ? DWORD : 0)`) instead of adding it, leading to an incorrect (often zero) length for the central‑directory extra field and causing data truncation or runtime errors."
Compress,19,4,BUG,BUG,True,"VERDICT: BUG REASON: The getCentralDirectoryLength method subtracts the compressedSize field size instead of adding it, resulting in an incorrect length for the ZIP64 extra field."
Compress,2,1,NO BUG,BUG,False,"VERDICT: BUG   REASON: The code uses `input.available() == 0` to decide that the archive has ended, but `InputStream.available()` is not a reliable EOF indicator and can cause premature termination of entry reading on many stream types."
Compress,2,2,BUG,BUG,True,"VERDICT: BUG   REASON: The code uses `input.available() == 0` to decide that the archive has ended, but `available()` only reports the number of bytes that can be read without blocking and may return 0 even when more data is available, causing premature termination of the stream."
Compress,2,3,BUG,BUG,True,"VERDICT: BUG   REASON: The header validation loop uses `for (int i = 0; i <= expected.length; i++)`, which accesses `expected[expected.length]` and `realized[expected.length]` and throws an `ArrayIndexOutOfBoundsException`; it should iterate with `i < expected.length`."
Compress,2,4,BUG,BUG,True,"VERDICT: BUG   REASON: The header validation loop uses `i <= expected.length` instead of `< expected.length`, which attempts to access the arrays past their last element and throws an `ArrayIndexOutOfBoundsException`."
Compress,2,5,BUG,BUG,True,"VERDICT: BUG   REASON: The method uses `in.available() == 0` to decide that the archive has ended, but `available()` only gives an estimate and may be zero while more data remains, leading to premature EOF detection."
Compress,41,3,BUG,BUG,True,"VERDICT: BUG REASON: The `checksig` method iterates with `i <= expected.length`, which accesses `expected[expected.length]` (and the same index in `signature`), causing an ArrayIndexOutOfBoundsException."
Compress,41,4,BUG,BUG,True,"VERDICT: BUG   REASON: The `checksig` method incorrectly iterates with `i <= expected.length`, causing an out‑of‑bounds array access when `i` equals `expected.length`."
Compress,41,5,BUG,NO BUG,False,VERDICT: NO BUG   REASON: The shown portion only declares fields and comments and does not contain any flawed logic or incorrect operations.
Compress,42,1,NO BUG,NO BUG,True,"VERDICT: NO BUG   REASON: The interface correctly defines all Unix stat constants using valid octal literals that fit within the `int` range, so there is no coding error."
Compress,42,2,BUG,NO BUG,False,"VERDICT: NO BUG REASON: All constants are correctly defined as octal literals matching Unix stat values, and the interface contains no logical errors."
Compress,42,5,BUG,NO BUG,False,"VERDICT: NO BUG   REASON: The interface correctly defines all Unix stat constants using proper octal literals that match standard POSIX values, so there is no functional error in the code."
Compress,20,1,NO BUG,BUG,False,"VERDICT: BUG   REASON: The CRC loop uses `b[pos]` instead of `b[off + pos]`, so the checksum is computed on the wrong bytes whenever the read offset is non‑zero."
Compress,20,2,BUG,BUG,True,"VERDICT: BUG REASON: The CRC is updated using `b[pos]` instead of `b[off + pos]`, so when `read(byte[], int, int)` is called with a non‑zero offset the checksum is calculated on the wrong bytes."
Compress,20,3,BUG,BUG,True,"VERDICT: BUG   REASON: The CRC loop incorrectly iterates from 0 to <= tmpread and ignores the offset, causing an off‑by‑one access (and possible ArrayIndexOutOfBoundsException) when updating the checksum."
Compress,20,4,BUG,BUG,True,"VERDICT: BUG   REASON: The CRC calculation iterates with `pos <= tmpread` and reads from `b[pos]` without applying the offset, causing an out‑of‑bounds access and incorrect CRC."
Closure,12,5,BUG,BUG,True,"VERDICT: BUG   REASON: The copy‑constructor incorrectly uses `HashMultimap.create(other.mayUseMap)`, but Guava’s `HashMultimap.create` has no overload that accepts a `Multimap`, leading to a compilation error (or improper copying)."
Closure,13,3,BUG,BUG,True,"VERDICT: BUG   REASON: The `shouldRetraverse` method’s condition `node.getParent() != null || node.isFunction() || node.isScript()` makes it true for any non‑root node, causing re‑traversal and premature disabling of child‑scope traversal on ordinary nodes instead of only on function or script scopes."
Closure,5,5,BUG,BUG,True,"VERDICT: BUG   REASON: afterExitScope iterates over the scope’s variable iterator while splitObject mutates the same scope (removing the original var and adding new ones), which can corrupt the iterator and cause a ConcurrentModificationException."
Collections,27,2,BUG,BUG,True,"VERDICT: BUG   REASON: The `clear()` method of the values view calls `MultiValueMap.this.clear()`, which empties the entire map instead of just clearing the collection for the specific key."
Chart,26,1,NO BUG,NO BUG,True,"VERDICT: NO BUG   REASON: The code correctly handles label rotation and positioning for each edge, updates the cursor and hotspot appropriately, and the clone method resets listeners as intended."
Cli,19,5,BUG,BUG,True,"VERDICT: BUG   REASON: The parser treats any token starting with ""--"" as the end‑of‑options marker (setting consumeRemaining), but it should only do this for the exact “--” token, causing subsequent options to be ignored."
Closure,24,5,BUG,NO BUG,False,"VERDICT: NO BUG   REASON: The code correctly traverses the AST to collect alias information, applies alias replacements only when no errors are found, and safely removes alias definitions without violating the AST structure."
Closure,31,2,BUG,BUG,True,"VERDICT: BUG REASON: The input‑processing loop never adds normal (non‑extern, non‑no‑compile) AST nodes to `jsRoot`, so regular source files are omitted from the parsed program."
Codec,1,1,NO BUG,BUG,False,"VERDICT: BUG   REASON: The implementation erroneously adds a “^trough” replacement (line 72) which is not part of the Caverphone 2.0 specification, causing incorrect encoding for words starting with “trough”."
Codec,12,1,NO BUG,BUG,False,"VERDICT: BUG   REASON: The read method fails to detect an end‑of‑stream (-1) from the underlying InputStream, passes that -1 to the codec’s encode/decode methods and loops indefinitely, causing incorrect behavior at EOF."
Codec,16,1,NO BUG,BUG,False,"VERDICT: BUG   REASON: The DECODE_TABLE and HEX_DECODE_TABLE only map uppercase characters, missing lower‑case mappings, so the decoder fails to recognize valid lower‑case Base32 input."
Codec,6,1,NO BUG,BUG,False,"VERDICT: BUG   REASON: When the underlying stream returns –1 (EOF), the code still calls base64.encode/decode with that negative length, which triggers an IllegalArgumentException instead of correctly handling end‑of‑stream."
Collections,27,1,NO BUG,BUG,False,"VERDICT: BUG   REASON: ValuesIterator.remove() only removes the element from the underlying collection and possibly deletes the key, but it never updates the MultiValueMap’s totalSize field, causing size() and related counts to become incorrect after removals."
Collections,7,5,BUG,BUG,True,"VERDICT: BUG   REASON: When processing an “include” directive the class overwrites its internal file reference with the included file and never restores it, causing later relative include paths to be resolved against the wrong base directory."
Compress,1,5,BUG,BUG,True,"VERDICT: BUG   REASON: The `ensureOpen()` method only checks `isClosed` and ignores the `isFinished` flag, allowing writes after `finish()` has been called and potentially corrupting the CPIO archive."
Compress,10,1,NO BUG,BUG,False,"VERDICT: BUG   REASON: BoundedInputStream.read(byte[], off, len) returns -1 or a dummy byte when len is zero, violating the InputStream contract that a zero‑length read must return 0."
Compress,11,2,BUG,BUG,True,"VERDICT: BUG   REASON: The auto‑detection checks ZipArchiveInputStream.matches before JarArchiveInputStream.matches, and JarArchiveInputStream.matches simply delegates to the ZIP check, so a JAR file is always classified as a ZIP and JarArchiveInputStream is never returned."
Closure,25,1,NO BUG,BUG,False,"VERDICT: BUG   REASON: In traverseGetElem, getJSType(n.getFirstChild()) may return null, but the code calls .restrictByNotNullOrUndefined() on it without a null check, risking a NullPointerException."
Codec,10,1,NO BUG,NO BUG,True,VERDICT: NO BUG REASON: The implementation correctly follows the Caverphone 2.0 algorithm steps and uses appropriate regex replacements without logical errors.
Codec,12,5,BUG,BUG,True,"VERDICT: BUG   REASON: The bounds validation uses `offset + len > target.length`, which can overflow the integer sum and fail to detect invalid parameters, potentially leading to an out‑of‑bounds array access."
Codec,2,5,BUG,NO BUG,False,"VERDICT: NO BUG REASON: The provided constants, lookup tables, and comments correctly implement the Base64 specifications without evident errors."
Collections,15,5,BUG,NO BUG,False,"VERDICT: NO BUG   REASON: The shown implementation correctly validates inputs, clears the original list, rebuilds it via `addAll` to enforce uniqueness, and returns an unmodifiable set view without logical errors."
Collections,4,1,NO BUG,BUG,False,"VERDICT: BUG   REASON: removeMapping uses getCollection(key) which creates a new empty collection for a missing key, so the null check never fires and the method unintentionally adds an empty entry to the map."
Compress,14,1,NO BUG,BUG,False,"VERDICT: BUG   REASON: The code only trims at most two trailing NUL or space characters, so numeric fields padded with more than two NULs/spaces are parsed as containing invalid characters and cause an exception."
Compress,17,2,BUG,BUG,True,"VERDICT: BUG   REASON: The code determines whether a binary field is negative by testing `buffer[offset] == (byte)0xFF` instead of checking the sign bit (e.g., `(buffer[offset] & 0x40) != 0`), so negative numbers other than –1 are parsed incorrectly."
Compress,20,5,BUG,BUG,True,"VERDICT: BUG   REASON: The Javadoc example uses the wrong class name (`CPIOArchiveInputStream` instead of `CpioArchiveInputStream`) and reads from an undefined variable (`cpIn` instead of the defined `cpioIn`), which would cause compilation errors."
Compress,28,1,NO BUG,BUG,False,"VERDICT: BUG   REASON: In tryToConsumeSecondEOFRecord the code pushes back the read record **and** resets the stream when marks are supported, which duplicates the data and corrupts the read position—it should either reset or push back, not both."
Compress,29,5,BUG,NO BUG,False,VERDICT: NO BUG   REASON: The provided excerpt only declares constants and imports and does not contain any erroneous logic or implementation flaws.
Compress,32,5,BUG,NO BUG,False,"VERDICT: NO BUG REASON: The shown code only declares fields and correctly chains constructors without any improper logic, resource handling, or uninitialized final fields, so no bug is apparent in this excerpt."
Compress,34,2,BUG,BUG,True,"VERDICT: BUG   REASON: getUID() and getGID() directly call ZipUtil.bigToLong(uid/gid) without null‑checking, so after construction (or after reset()) they can throw a NullPointerException."
Compress,40,1,NO BUG,BUG,False,"VERDICT: BUG   REASON: The loop condition `bitsCachedSize < 57` lets `bitsCachedSize` reach 56 and then adds another byte, causing a left‑shift that overflows a 64‑bit long (or a shift‑by‑64 in little‑endian), so reads requiring more than 56 bits lose cached bits and return incorrect values."
Compress,41,1,NO BUG,BUG,False,"VERDICT: BUG   REASON: The method incorrectly reads a “versionMadeBy” value from the local file header (which only contains the version needed to extract) and uses it to set the entry’s platform, resulting in an inaccurate platform assignment."
Compress,44,1,NO BUG,BUG,False,"VERDICT: BUG   REASON: The class does not override close(), so invoking close() on the ChecksumCalculatingInputStream never closes the underlying InputStream, leading to a resource leak."
Compress,44,2,BUG,BUG,True,"VERDICT: BUG REASON: The `skip` method ignores the requested skip length and only reads a single byte, failing to consume and checksum the intended number of bytes and thus not adhering to the InputStream contract."
Compress,44,5,BUG,BUG,True,"VERDICT: BUG REASON: The skip(long n) method reads and hashes only a single byte regardless of n, so it fails to skip (and checksum) the requested number of bytes."
Compress,45,2,BUG,BUG,True,"VERDICT: BUG REASON: In `formatLongOctalOrBinaryBytes` the code unconditionally calls `formatBigIntegerBinary` after optionally calling `formatLongBinary`, so for lengths < 9 both binary formatters run and overwrite each other, corrupting the output."
Compress,46,2,BUG,NO BUG,False,"VERDICT: NO BUG   REASON: The snippet only defines constants, fields, and documentation correctly; there is no erroneous logic or implementation flaw visible in the shown code."
Compress,5,2,BUG,NO BUG,False,"VERDICT: NO BUG   REASON: The snippet correctly initializes its fields, uses a properly sized PushbackInputStream, and safely reads the local file header without any evident logical or resource‑management errors."
Compress,6,1,NO BUG,BUG,False,"VERDICT: BUG REASON: The clone() method does not return the cloned ZipArchiveEntry object, so it lacks a required return statement and will not compile."
Compress,6,2,BUG,BUG,True,"VERDICT: BUG   REASON: The copy‑constructor `ZipArchiveEntry(ZipArchiveEntry entry)` fails to copy the `platform` field, so a cloned entry loses its original platform information."
Compress,6,5,BUG,BUG,True,"VERDICT: BUG   REASON: The constructor `ZipArchiveEntry(String entryName)` never initializes the private `name` field (e.g., via `setName(entryName)`), so `getName()` will return null for entries created with this constructor."
Compress,8,1,NO BUG,BUG,False,"VERDICT: BUG   REASON: parseOctal only removes up to two trailing NUL/space bytes, so tar fields padded with additional NULs (common after the terminating NUL) cause the loop to encounter non‑digit NULs and throw an IllegalArgumentException instead of correctly parsing the number."
Compress,8,2,BUG,BUG,True,"VERDICT: BUG   REASON: The call to `exceptionMessage` passes `start` (the initial offset) instead of the current loop index, causing the error message to always report offset 0 rather than the actual position of the invalid byte."
Compress,8,5,BUG,BUG,True,"VERDICT: BUG   REASON: The `exceptionMessage` helper is called with `begin` (the start offset) instead of the current parsing position, so the reported offset is always zero and does not indicate the correct location of the invalid byte."
Compress,9,1,NO BUG,NO BUG,True,"VERDICT: NO BUG   REASON: The logic for finishing the archive, handling unclosed entries, and closing resources is correctly implemented and does not contain a functional error."
Compress,9,2,BUG,NO BUG,False,"VERDICT: NO BUG   REASON: The logic for finishing and closing the TAR archive correctly handles state checks, writes the required EOF records, flushes the buffer, and updates the `finished` and `closed` flags without any functional error."
Compress,9,3,BUG,BUG,True,"VERDICT: BUG   REASON: The zero‑padding loop in `closeArchiveEntry` uses `i <= assemBuf.length`, causing an out‑of‑bounds write to `assemBuf` (the loop should stop at `< assemBuf.length`)."
Csv,1,1,NO BUG,BUG,False,"VERDICT: BUG   REASON: The newline check uses `i > 0` instead of `i > offset`, so when `offset` ≠ 0 it inspects the wrong previous character (an element outside the read slice), leading to incorrect line‑counting."
Csv,1,2,BUG,BUG,True,"VERDICT: BUG   REASON: The line‑terminator check uses `i > 0` instead of `i > offset`, so when `read(char[], offset, length)` is called with a non‑zero offset it examines the wrong previous character and can miscount lines."
Csv,1,5,BUG,BUG,True,"VERDICT: BUG   REASON: In read(char[] cbuf, int off, int len) the code uses `i > 0` to decide whether a previous character exists, so when `off` is non‑zero it incorrectly accesses `cbuf[i‑1]` (or misdetects CR‑LF), leading to wrong line‑counting."
Csv,10,1,NO BUG,BUG,False,VERDICT: BUG   REASON
Csv,10,2,BUG,NO BUG,False,"VERDICT: NO BUG   REASON: The printer correctly manages delimiter insertion, null handling, quoting/escaping selection, and writes the specified character range to the Appendable without any logical error in the shown code."
Csv,11,1,NO BUG,BUG,False,"VERDICT: BUG   REASON: When `ignoreEmptyHeaders` is true, the code still adds empty header entries to `hdrMap` (unconditionally calling `hdrMap.put(...)`), so empty headers are not ignored as intended."
Csv,11,2,BUG,BUG,True,"VERDICT: BUG   REASON: The `initializeHeader` method treats header strings without checking for null and always adds empty headers to the map, violating the `ignoreEmptyHeaders` setting and causing possible NullPointerExceptions or overwritten entries for duplicate empty headers."
Csv,11,5,BUG,NO BUG,False,"VERDICT: NO BUG   REASON: The provided snippet only contains package declaration, imports, and comments without any executable logic that could exhibit a bug."
Csv,12,1,NO BUG,NO BUG,True,"VERDICT: NO BUG REASON: The static CSV format definitions and the isLineBreak method correctly follow the intended specifications, with no logical errors or misuse of parameters."
Csv,12,2,BUG,BUG,True,"VERDICT: BUG   REASON: The `EXCEL` format omits the documented `withAllowMissingColumnNames(true)` setting, so its actual behavior contradicts the comment describing it."
Csv,12,3,BUG,BUG,True,"VERDICT: BUG   REASON: In `hashCode()` the delimiter is combined with `result` using subtraction (`prime * result - delimiter`) instead of the conventional addition, which is a typographical error that yields an incorrect hash code implementation."
Csv,12,5,BUG,NO BUG,False,"VERDICT: NO BUG   REASON: The excerpt only contains package declaration, imports, and documentation comments without any executable logic that could exhibit a defect."
Csv,13,2,BUG,NO BUG,False,"VERDICT: NO BUG   REASON: All static format definitions and helper methods correctly use existing constructors and overloads, and there are no logical or compilation issues in the presented code."
Csv,15,1,NO BUG,NO BUG,True,"VERDICT: NO BUG   REASON: The excerpt consists solely of package declaration, imports, and Javadoc comments, containing no executable logic that could harbor a bug."
Csv,15,2,BUG,NO BUG,False,"VERDICT: NO BUG   REASON: The displayed portion only includes package declaration, imports, and comments, none of which contain executable logic that could be buggy."
Csv,15,3,BUG,BUG,True,VERDICT: BUG REASON: The for loop in `printRecord` uses `i <= values.length` causing an out-of-bounds access when `i` equals `values.length`.
Csv,16,1,NO BUG,BUG,False,"VERDICT: BUG REASON: The Javadoc for the parse(URL, Charset, CSVFormat) method incorrectly states “url… Must be null,” contradicting the code’s non‑"
Csv,16,2,BUG,BUG,True,"VERDICT: BUG   REASON: The parse(URL, Charset, CSVFormat) method opens an InputStreamReader but does not close it if the CSVParser constructor throws, causing a potential resource leak."
Csv,16,5,BUG,NO BUG,False,"VERDICT: NO BUG   REASON: The provided excerpt contains only licensing, package, imports, and documentation without any executable logic, so no defect can be identified from the shown code."
Csv,2,1,NO BUG,NO BUG,True,"VERDICT: NO BUG   REASON: The methods correctly implement the documented behavior—handling null mappings, index bounds, and consistency checks—without any logical errors in the shown code."
Csv,2,2,BUG,BUG,True,"VERDICT: BUG   REASON: get(String) fails to check record consistency, so with an inconsistent record it can throw an ArrayIndexOutOfBoundsException rather than the documented IllegalArgumentException."
Csv,2,5,BUG,BUG,True,"VERDICT: BUG   REASON: The constructor stores the supplied `String[] vals` directly in `recordValues` instead of copying it, so external modifications to the original array can alter the CSVRecord’s internal state, breaking its intended immutability."
Csv,3,1,NO BUG,BUG,False,"VERDICT: BUG   REASON: The variable `commmentStart` is misspelled (extra “m”), so the constructor initializes a non‑existent field and breaks the intended `commentStart` handling."
Csv,3,2,BUG,BUG,True,"VERDICT: BUG   REASON: The constructor initializes a non‑existent field `commmentStart` (misspelled) instead of `commentStart`, causing a compile‑time error."
Csv,3,5,BUG,BUG,True,VERDICT: BUG   REASON: `readEscape()` returns the next character for all cases (including unrecognized escapes) rather than returning `END_OF_STREAM` for invalid escape sequences as the method’s contract specifies.
Csv,4,1,NO BUG,BUG,False,"VERDICT: BUG REASON: The addRecordValue method matches fields to the configured nullString using equalsIgnoreCase, causing values that differ only in case to be incorrectly treated as null."
Csv,4,2,BUG,BUG,True,"VERDICT: BUG   REASON: getHeaderMap() constructs a new LinkedHashMap with this.headerMap without a null check, causing a NullPointerException when the CSV format does not define a header."
Csv,4,5,BUG,NO BUG,False,"VERDICT: NO BUG   REASON: The displayed portion consists solely of package declaration, imports, and documentation without any executable logic, so no defect can be identified."
Csv,5,1,NO BUG,NO BUG,True,"VERDICT: NO BUG   REASON: The comment printing, newline handling, and record‑printing logic correctly manage line breaks, delimiters, and type checks without logical errors in the shown code."
Csv,5,3,BUG,BUG,True,"VERDICT: BUG REASON: The for‑loop uses `i <= comment.length()` causing `comment.charAt(i)` to be called with `i` equal to the string length, which throws a `StringIndexOutOfBoundsException`."
Csv,6,1,NO BUG,BUG,False,"VERDICT: BUG   REASON: putIn (and thus toMap) unconditionally iterates over mapping without a null‑check, so calling toMap on a record with no header mapping throws a NullPointerException instead of returning an empty map as documented."
Csv,6,2,BUG,BUG,True,"VERDICT: BUG   REASON: putIn unconditionally iterates over mapping, so toMap (which calls putIn) throws a NullPointerException for records without headers, violating the Javadoc that says it should return an empty map."
Csv,6,5,BUG,NO BUG,False,"VERDICT: NO BUG   REASON: The presented methods correctly check for a missing header mapping, validate the name lookup, and safely retrieve values without any logical or runtime errors."
Csv,7,1,NO BUG,NO BUG,True,"VERDICT: NO BUG   REASON: The displayed excerpt only contains package declarations, imports, and documentation without any executable logic that could introduce a defect."
Csv,7,2,BUG,NO BUG,False,"VERDICT: NO BUG   REASON: The excerpt only includes package declaration, imports, and Javadoc/comments without any executable logic, so no bug can be identified in this portion."
Csv,7,3,BUG,BUG,True,VERDICT: BUG   REASON: The loop `for (int i = 0; i <= header.length; i++)` uses `<=` causing an off‑by‑one error and an `ArrayIndexOutOfBoundsException` when `i` equals `header.length`.
Csv,8,1,NO BUG,BUG,False,"VERDICT: BUG   REASON: The equals implementation omits comparison of several important fields (ignoreSurroundingSpaces, ignoreEmptyLines, recordSeparator, and skipHeaderRecord), so two different CSVFormat instances can be considered equal, violating the equality contract."
Csv,8,2,BUG,BUG,True,"VERDICT: BUG REASON: equals() does not compare the recordSeparator and skipHeaderRecord fields, so two CSVFormat instances with different separators or header‑skip settings can be wrongly considered equal, violating the equals/hashCode contract."
Csv,8,5,BUG,NO BUG,False,"VERDICT: NO BUG   REASON: The shown fragment only contains package, imports, and Javadoc without any executable logic, so no defect can be identified in the provided code."
Csv,9,1,NO BUG,BUG,False,"VERDICT: BUG   REASON: The isSet() method calls intValue() on mapping.get(name) without checking for a null entry, so a header mapped to null (e.g., duplicate or missing columns) will trigger a NullPointerException."
Csv,9,2,BUG,BUG,True,"VERDICT: BUG   REASON: `putIn` iterates over `mapping` without null‑check, causing a NullPointerException when `toMap()` is invoked on a record that has no header mapping."
Csv,9,5,BUG,BUG,True,"VERDICT: BUG   REASON: The iterator’s `next()` method (implemented later in the class) returns `values[i++]` without checking bounds, so calling `next()` after `hasNext()` returns false throws an `ArrayIndexOutOfBoundsException` instead of the required `NoSuchElementException`, violating the `Iterator` contract."
JacksonCore,1,1,NO BUG,NO BUG,True,"VERDICT: NO BUG   REASON: The logic correctly trims the input, handles optional leading signs, checks for non‑digit characters to fallback to double parsing, and safely returns the default value when parsing fails."
JacksonCore,1,3,BUG,BUG,True,"VERDICT: BUG REASON: The `inLongRange(char[],int,int,boolean)` method iterates with `i <= cmpLen` instead of `i < cmpLen`, causing an out‑of‑bounds access to `cmpStr.charAt(i)` when the digit length equals the comparison string length."
JacksonCore,10,1,NO BUG,BUG,False,"VERDICT: BUG   REASON: The condition `(1 + _count >> 7)` is evaluated as `((1 + _count) >> 7)` due to operator precedence, not as `1 + (_count >> 7)`, causing an incorrect spill‑count threshold and potentially missing required rehashes."
JacksonCore,10,2,BUG,BUG,True,"VERDICT: BUG   REASON: The expression `(1 + _count >> 7)` is parsed as `1 + (_count >> 7)` due to operator precedence, instead of the intended `((1 + _count) >> 7)`, leading to an incorrect rehash threshold calculation."
JacksonCore,10,5,BUG,NO BUG,False,VERDICT: NO BUG   REASON: The excerpt only defines constants and fields (with correct types and access modifiers) and contains no operational logic that could manifest an error; there are no evident bugs in the shown code.
JacksonCore,11,2,BUG,BUG,True,"VERDICT: BUG   REASON: The tertiary bucket scan uses `int end = offset2 + bucketSize;` instead of scaling by the slot size (e.g., `offset2 + bucketSize * 4`), so it only checks the first slot of the bucket and can miss empty slots, causing incorrect placement or premature spill‑over."
JacksonCore,11,5,BUG,NO BUG,False,"VERDICT: NO BUG   REASON: The displayed portion only declares constants and fields correctly without any logical or syntactic errors, and no bug can be identified from the provided code snippet."
JacksonCore,12,1,NO BUG,BUG,False,"VERDICT: BUG REASON: The parser only creates a new child array or object context when not in an object (`if (!inObject)`), so container values inside object fields never push a new context, leading to incorrect parsing state for nested structures."
JacksonCore,13,1,NO BUG,NO BUG,True,"VERDICT: NO BUG   REASON: The code correctly initializes and updates configuration fields (character escapes, root value separator, and quoting behavior) and the overridden methods properly maintain these settings without logical or syntactic errors."
JacksonCore,14,1,NO BUG,BUG,False,"VERDICT: BUG   REASON: If the internal buffer field (e.g., _writeEncodingBuffer) is null, calling the corresponding release method causes `_verifyRelease` to dereference a null `src` array, throwing a NullPointerException instead of a controlled error."
JacksonCore,14,2,BUG,BUG,True,"VERDICT: BUG REASON: The _verifyRelease methods dereference src.length without checking for null, causing a NullPointerException (e.g., on a double‑release) instead of the intended IllegalArgumentException."
JacksonCore,14,5,BUG,NO BUG,False,VERDICT: NO BUG   REASON: The shown code only defines fields and simple straightforward setters/constructors without any logical errors or incorrect operations.
JacksonCore,15,1,NO BUG,BUG,False,"VERDICT: BUG   REASON: The array‑handling branch in nextToken() unconditionally returns delegate.getCurrentToken() without verifying it is the expected END_ARRAY token, which can re‑emit the wrong token and cause duplicate or infinite‑loop token emission."
JacksonCore,15,2,BUG,BUG,True,"VERDICT: BUG   REASON: In nextToken() the loop breaks when exiting an object context without returning the pending END_OBJECT token, causing the closing token to be skipped."
JacksonCore,15,5,BUG,BUG,True,"VERDICT: BUG   REASON: The constructor never assigns the `includePath` and `allowMultipleMatches` arguments to the `_includePath` and `_allowMultipleMatches` fields, so those flags are always false regardless of the values passed in."
JacksonCore,17,1,NO BUG,BUG,False,"VERDICT: BUG   REASON: In `writeRaw(String,…)` the check `if (len > 0)` (always true) is used to trim a split high‑surrogate, causing the method to drop a trailing high surrogate even on the final segment and lose characters for long strings ending with a high surrogate."
JacksonCore,18,1,NO BUG,NO BUG,True,"VERDICT: NO BUG   REASON: The shown snippet correctly declares constants, config fields, and the constructor logic (feature handling, duplicate detector setup, and context initialization) without any evident logical or syntactic errors."
JacksonCore,18,2,BUG,NO BUG,False,"VERDICT: NO BUG   REASON: The shown code only defines constants, fields, and a constructor that correctly initializes the generator's configuration and context; there are no logical errors or incorrect operations in this snippet."
JacksonCore,18,3,BUG,BUG,True,"VERDICT: BUG   REASON: The `_decodeSurrogate` method incorrectly subtracts the shifted high surrogate (`0x10000 - ((surr1 - SURR1_FIRST) << 10) + ...`) instead of adding it, producing wrong Unicode code points for surrogate pairs."
JacksonCore,20,1,NO BUG,NO BUG,True,VERDICT: NO BUG   REASON: The methods correctly implement their intended behavior—handling null and byte[] in `writeEmbeddedObject` and throwing appropriate `JsonGenerationException`s for unsupported native ID operations—without any logical or compile‑time errors.
JacksonCore,20,2,BUG,NO BUG,False,"VERDICT: NO BUG   REASON: All abstract method signatures and default implementations correctly follow the API contract and throw appropriate exceptions, with no compilation or logical errors evident in the shown code."
JacksonCore,20,3,BUG,NO BUG,False,"VERDICT: NO BUG REASON: The methods correctly implement feature configuration logic without logical errors, and the default implementations for format features are consistent with the intended design."
JacksonCore,21,1,NO BUG,BUG,False,"VERDICT: BUG   REASON: In `nextToken()`, when the buffered context reaches the head context for an object, the loop breaks without returning the pending `END_OBJECT` token, and the method proceeds to call `delegate.nextToken()`, thereby skipping the closing token and corrupting the parsing stream."
JacksonCore,21,2,BUG,BUG,True,"VERDICT: BUG   REASON: In `nextToken()`, when the head context is an object the code breaks out of the buffered‑context loop without returning the delegate’s current token, causing the END_OBJECT (and possibly other) token to be skipped."
JacksonCore,21,5,BUG,BUG,True,"VERDICT: BUG   REASON: The constructor fails to assign the `includePath` and `allowMultipleMatches` parameters to the `_includePath` and `_allowMultipleMatches` fields, so those configuration flags are never applied."
JacksonCore,22,1,NO BUG,BUG,False,VERDICT: BUG   REASON: The combined case for ID_END_ARRAY and ID_END_OBJECT incorrectly always calls `filterFinishArray()` instead of calling `filterFinishObject()` for END_OBJECT tokens.
JacksonCore,22,2,BUG,BUG,True,"VERDICT: BUG REASON: In the combined case handling ID_END_ARRAY and ID_END_OBJECT, the code always invokes `f.filterFinishArray()` instead of calling the appropriate `filterFinishObject()` for object endings, leading to incorrect filter finalization."
JacksonCore,22,5,BUG,BUG,True,"VERDICT: BUG   REASON: The constructor does not assign the `includePath` and `allowMultipleMatches` parameters to the `_includePath` and `_allowMultipleMatches` fields, leaving them always false and breaking intended filtering behavior."
JacksonCore,23,1,NO BUG,NO BUG,True,"VERDICT: NO BUG   REASON: The shown methods correctly manage configuration changes (copying when needed, updating fields appropriately) and contain no logical or null‑reference errors."
JacksonCore,23,2,BUG,BUG,True,"VERDICT: BUG   REASON: `withSeparators` mutates the current `DefaultPrettyPrinter` (and fails to copy it) while other “with” methods return a new instance, breaking the expected immutable‑factory behavior and causing unintended shared‑state side effects."
JacksonCore,23,3,BUG,BUG,True,"VERDICT: BUG   REASON: The `withSeparators` method incorrectly uses the `-` operator to combine strings (`"" "" - separators.getObjectFieldValueSeparator() + "" ""`), which is invalid Java syntax and prevents proper creation of the separator string."
JacksonCore,25,2,BUG,BUG,True,"VERDICT: BUG REASON: In `_handleOddName2`, the check `if (i <= maxCode)` uses `<=` with `maxCode = codes.length`, which can index the `codes` array out of bounds for a character whose code point equals the array length (should be `< maxCode`)."
JacksonCore,25,5,BUG,BUG,True,"VERDICT: BUG   REASON: The parser indexes the 256‑element `_icLatin1` table with a full `char` value instead of masking to 0–255, which can trigger an `ArrayIndexOutOfBoundsException` when processing Unicode characters outside the Latin‑1 range."
JacksonCore,3,1,NO BUG,BUG,False,"VERDICT: BUG   REASON: In `releaseBuffered`, the comment promises to advance the pointer to the end of the buffer, but the method never updates `_inputPtr`, causing the parser to think unconsumed bytes remain and potentially reprocess the same data."
JacksonCore,3,2,BUG,NO BUG,False,"VERDICT: NO BUG   REASON: The code correctly writes the remaining buffered bytes without altering parser state, so functionality is sound despite a misleading comment."
JacksonCore,4,2,BUG,BUG,True,"VERDICT: BUG   REASON: The `expandCurrentSegment()` method’s growth logic mishandles the case when the segment length reaches `MAX_SEGMENT_LEN`, increasing by only one and then capping future expansions back to `MAX_SEGMENT_LEN`, which can shrink the buffer after it has already grown past the limit and lead to data loss or out‑of‑bounds errors."
JacksonCore,4,5,BUG,NO BUG,False,VERDICT: NO BUG   REASON: The provided excerpt only declares correctly initialized constants and fields without any logic errors or unsafe operations.
JacksonCore,5,2,BUG,BUG,True,"VERDICT: BUG   REASON: In `_parseIndex` the loop incorrectly does `char c = str.charAt(i++)` while also using `++i` in the for‑loop, causing the index to skip characters and leading to wrong validation or NumberFormatException."
JacksonCore,5,5,BUG,BUG,True,"VERDICT: BUG   REASON: The constructor stores the raw token directly in `_matchingPropertyName` without unescaping ""~0""/""~1"" sequences, so pointers containing escaped characters (e.g., `/a~1b`) will not match the intended property name `a/b`, violating the JSON Pointer specification."
JacksonCore,6,1,NO BUG,NO BUG,True,"VERDICT: NO BUG   REASON: The code correctly handles null/empty inputs, validates the leading slash, and constructs immutable `JsonPointer` instances without logical errors in the shown implementation."
JacksonCore,6,2,BUG,NO BUG,False,"VERDICT: NO BUG   REASON: The presented constructors and `compile` method correctly handle empty/null inputs, enforce the required leading '/', and delegate parsing without any apparent logical errors."
JacksonCore,6,3,BUG,BUG,True,"VERDICT: BUG   REASON: In `_parseIndex` the for‑loop uses `i <= len` and calls `str.charAt(i)`, which overruns the string bounds for any index string longer than one character, leading to a `StringIndexOutOfBoundsException`."
JacksonCore,7,2,BUG,BUG,True,"VERDICT: BUG   REASON: Reusing the cached child JsonWriteContext without resetting its DupDetector causes duplicate‑field detection to persist across separate object contexts, leading to false duplicate errors."
JacksonCore,7,5,BUG,BUG,True,"VERDICT: BUG REASON: The class references the `DupDetector` type without importing it (the required `import com.fasterxml.jackson.core.util.DupDetector;` is missing), causing a compilation error."
JacksonCore,9,1,NO BUG,BUG,False,"VERDICT: BUG   REASON: In `getValueAsLong`, integer numeric tokens (`JsonToken.VALUE_NUMBER_INT`) are not handled, so integer values fall through to return the default instead of the actual long value."
JacksonCore,9,2,BUG,BUG,True,"VERDICT: BUG   REASON: In getValueAsLong the code only handles JsonToken.VALUE_NUMBER_FLOAT, omitting JsonToken.VALUE_NUMBER_INT, so integer numeric tokens fall through the switch and incorrectly return the default value."
JacksonCore,9,5,BUG,NO BUG,False,VERDICT: NO BUG   REASON: The provided code correctly defines token constants and implements token‑state methods without any logical or syntax errors.
JacksonDatabind,1,2,BUG,BUG,True,"VERDICT: BUG   REASON: In `serializeAsColumn` the method doesn’t return after handling a null value, so later it dereferences `value` (e.g., `value.getClass()`) causing a NullPointerException."
JacksonDatabind,1,5,BUG,BUG,True,"VERDICT: BUG   REASON: The Javadoc comments for `_accessorMethod` and `_field` wrongly state “null if and only if the other is null”, which contradicts the intended exclusive relationship (one should be null only when the other is non‑null) and can mislead developers."
JacksonDatabind,10,1,NO BUG,NO BUG,True,"VERDICT: NO BUG   REASON: The implementation follows Jackson's standard AnyGetterWriter logic, correctly handling nulls, type checks, map serialization, contextualization, and filtering without any evident logical or runtime errors."
JacksonDatabind,10,2,BUG,BUG,True,"VERDICT: BUG REASON: In getAndFilter the call to _mapSerializer.serializeFilteredFields incorrectly passes null for the bean argument instead of the actual bean, breaking filters that rely on the bean context."
JacksonDatabind,100,1,NO BUG,NO BUG,True,"VERDICT: NO BUG   REASON: All token checks, type casts, and value retrievals correctly follow the Jackson TreeTraversingParser contract, handling nulls and node types without logical errors."
JacksonDatabind,100,2,BUG,BUG,True,"VERDICT: BUG   REASON: `getBinaryValue(Base64Variant)` ignores the `Base64Variant` argument and never decodes Base64‐encoded TextNode values, causing binary extraction from textual nodes to fail."
JacksonDatabind,100,3,BUG,BUG,True,"VERDICT: BUG REASON: The condition `if (_currToken == JsonToken.START_OBJECT && _currToken == JsonToken.START_ARRAY)` can never be true, so `_startContainer` is never set for nested container tokens when descending, breaking correct traversal."
JacksonDatabind,101,2,BUG,BUG,True,"VERDICT: BUG   REASON: After the bean is instantiated, the loop skips the field name by calling `p.nextToken()` before `copyCurrentStructure`, so the field names aren't written to the token buffer, causing loss of unwrapped properties."
JacksonDatabind,102,1,NO BUG,BUG,False,"VERDICT: BUG   REASON: The code calls `serializers.reportBadDefinition(...)` without throwing the returned exception, allowing execution to continue and later cast a non‑`SimpleDateFormat` `DateFormat` to `SimpleDateFormat`, which should instead raise a `JsonMappingException`."
JacksonDatabind,102,2,BUG,BUG,True,"VERDICT: BUG REASON: The early return when `property` is null bypasses `findFormatOverrides` and thus ignores class‑level or global format overrides for root values, contradicting the comment and causing incorrect serialization behavior."
JacksonDatabind,102,5,BUG,BUG,True,"VERDICT: BUG REASON: The method returns early when `property` is null, skipping format overrides for root values despite the comment indicating it should not, leading to ignored @JsonFormat settings on root objects."
JacksonDatabind,103,2,BUG,NO BUG,False,"VERDICT: NO BUG REASON: All methods correctly implement type construction, specialization, subtype resolution (with intended null return for unknown classes) and object‑ID generator/resolver instantiation without logical errors."
JacksonDatabind,104,1,NO BUG,BUG,False,"VERDICT: BUG   REASON: `_parseDate` assumes `dateStr` is non‑empty and unconditionally accesses `dateStr.charAt(0)`, so an empty string triggers a `StringIndexOutOfBoundsException`."
JacksonDatabind,104,2,BUG,BUG,True,"VERDICT: BUG   REASON: When `dateStr` is empty the code reaches `dateStr.charAt(0)` without checking length, causing a `StringIndexOutOfBoundsException` instead of returning null or throwing a proper `ParseException`."
JacksonDatabind,105,1,NO BUG,NO BUG,True,"VERDICT: NO BUG   REASON: The static initializer correctly populates the class‑name set and the `find` method safely checks this set before returning the appropriate deserializer for each known JDK type, without any logical or runtime errors."
JacksonDatabind,105,2,BUG,NO BUG,False,"VERDICT: NO BUG REASON: The code correctly initializes the class name set, checks membership before delegating to FromStringDeserializer or returning the specific JDK deserializers, and has no logical or concurrency errors."
JacksonDatabind,105,3,BUG,BUG,True,"VERDICT: BUG REASON: The static initializer’s for‑each loop uses an invalid type declaration `Class<=?>` instead of `Class<?>`, causing a compilation error."
JacksonDatabind,106,1,NO BUG,BUG,False,"VERDICT: BUG REASON: getLongValue incorrectly checks node.canConvertToInt() for overflow instead of using canConvertToLong(), leading to false overflow errors for valid long values."
JacksonDatabind,106,2,BUG,NO BUG,False,"VERDICT: NO BUG   REASON: The shown methods correctly check parser state, use appropriate JsonNode APIs, and contain no logical errors or missing checks that would cause incorrect behavior."
JacksonDatabind,108,1,NO BUG,NO BUG,True,"VERDICT: NO BUG   REASON: The methods correctly implement format detection, parser handling, and TreeCodec operations as per Jackson’s design, with appropriate casts and exception handling, so no logical error is evident."
JacksonDatabind,108,2,BUG,NO BUG,False,"VERDICT: NO BUG   REASON: The methods correctly delegate to internal binding and parser creation utilities, handling format detection and TreeNode casting as intended without logical errors."
JacksonDatabind,108,3,BUG,BUG,True,"VERDICT: BUG   REASON: The condition `if (valueType != null || valueType.equals(_valueType))` is incorrect—it should check for equality (or null) with `&&` or reverse the null test, otherwise it always returns the current instance (or throws NPE when valueType is null) and never creates a new reader for a different type."
JacksonDatabind,109,1,NO BUG,NO BUG,True,"VERDICT: NO BUG REASON: The code correctly distinguishes Number sub‑types, serializes each using the appropriate JsonGenerator method, handles contextual string formatting, and generates accurate schema information without logical or compilation errors."
JacksonDatabind,109,2,BUG,NO BUG,False,"VERDICT: NO BUG   REASON: The implementation correctly handles all Number subclasses, uses appropriate JsonGenerator overloads, sets the integer flag only for BigInteger (as intended for schema), and the contextual handling for STRING shape returns the proper ToStringSerializer."
JacksonDatabind,109,3,BUG,BUG,True,"VERDICT: BUG   REASON: The `serialize` method’s type check `else if (value instanceof Integer && value instanceof Byte || value instanceof Short)` incorrectly uses `&&` instead of `||`, so `Integer` and `Byte` values are never matched and fall through to the generic string‐based handling."
JacksonDatabind,110,1,NO BUG,BUG,False,"VERDICT: BUG   REASON: The alias for unmodifiable lists is created with a LinkedList (non‑RandomAccess), so it never matches the actual `Collections$UnmodifiableRandomAccessList` class, causing `findForCollection` to miss those unmodifiable list types."
JacksonDatabind,110,2,BUG,BUG,True,"VERDICT: BUG   REASON: findForCollection only checks for the one unmodifiable‑list class captured in CLASS_UNMODIFIABLE_LIST (which is the RandomAccess variant), so unmodifiable lists that wrap non‑RandomAccess collections (e.g., Collections.unmodifiableList(new LinkedList<>())) are not recognized and will cause deserialization to fail."
JacksonDatabind,110,5,BUG,NO BUG,False,"VERDICT: NO BUG   REASON: The logic correctly registers converters for the special collection types, constructs the appropriate delegating deserializer, and all static initializations and method calls are valid."
JacksonDatabind,111,1,NO BUG,BUG,False,"VERDICT: BUG REASON: The error message in `findInjectableValue` incorrectly uses `getClass().getName()` instead of the property’s actual type, resulting in a wrong type description when reporting a missing injectable value id."
JacksonDatabind,111,2,BUG,BUG,True,"VERDICT: BUG   REASON: In findInjectableValue the error message uses getClass().getName() (which always reports CreatorProperty) instead of the property's actual type, producing incorrect diagnostics."
JacksonDatabind,111,5,BUG,BUG,True,"VERDICT: BUG   REASON: The copy‑constructor that creates a CreatorProperty with a new deserializer/null‑value provider fails to copy the `_ignorable` flag, causing the ignorable state to be lost."
JacksonDatabind,112,1,NO BUG,BUG,False,"VERDICT: BUG   REASON: The public constructor incorrectly passes `valueDeser` as the `NullValueProvider` argument (second `valueDeser` on line 60), causing a type mismatch and improper null handling."
JacksonDatabind,112,2,BUG,BUG,True,"VERDICT: BUG   REASON: The public constructor incorrectly passes `valueDeser` as the NullValueProvider argument, mismatching the expected `NullValueProvider` type and leading to a type error."
JacksonDatabind,112,5,BUG,BUG,True,"VERDICT: BUG   REASON: The public constructor incorrectly passes the `vDeser` JsonDeserializer as the `nullHandler` (NullValueProvider) argument to the protected constructor, resulting in a type mismatch and improper initialization."
JacksonDatabind,12,2,BUG,BUG,True,"VERDICT: BUG   REASON: `isCachable()` fails to check for custom key/value deserializers (e.g., `_keyDeserializer` or `_valueDeserializer`), contradicting its own comment and allowing unsafe caching of a deserializer that should be non‑cachable."
JacksonDatabind,12,5,BUG,BUG,True,"VERDICT: BUG   REASON: The constructor calls `valueInstantiator.canCreateUsingDefault()` without a null check, which will throw a NullPointerException when `valueInstantiator` is null."
JacksonDatabind,13,1,NO BUG,NO BUG,True,"VERDICT: NO BUG REASON: The `findObjectId` method correctly handles null IDs, initializes and reuses the object ID map and resolver list, creates and registers new resolvers and entries as needed, and contains no logical errors."
JacksonDatabind,13,2,BUG,BUG,True,"VERDICT: BUG REASON: The `findObjectId` method lacks a null‑check for the `id` parameter despite the comment indicating it should allow null, leading to creation of a map entry with a null key and potential errors in object‑id handling."
JacksonDatabind,13,3,BUG,BUG,True,"VERDICT: BUG REASON: The for‑each loop in `checkUnresolvedObjectId` uses an illegal generic type syntax (`Entry<=IdKey,ReadableObjectId>`) causing a compilation error."
JacksonDatabind,13,5,BUG,BUG,True,"VERDICT: BUG   REASON: The `copy()` method throws an IllegalStateException instead of being abstract or returning a proper copy, causing `ObjectMapper"
JacksonDatabind,14,1,NO BUG,BUG,False,"VERDICT: BUG REASON: The code ignores the method‑level `valueToUpdate` argument (e.g., in `_bindAndClose` when `_unwrapRoot` is true and in `_bindAndReadValues`), using the instance field `_valueToUpdate` instead, so updates passed by the caller are not applied."
JacksonDatabind,14,2,BUG,BUG,True,"VERDICT: BUG   REASON: The `_bindAndReadValues` method (and the root‑unwrapping path in `_bindAndClose`) receive a `valueToUpdate` argument but never use it, so update‑value semantics are silently ignored."
JacksonDatabind,14,5,BUG,NO BUG,False,"VERDICT: NO BUG   REASON: The excerpt correctly declares immutable fields, uses appropriate imports, and shows no logical or compilation errors in the shown portion."
JacksonDatabind,15,1,NO BUG,NO BUG,True,"VERDICT: NO BUG   REASON: The methods correctly provide default implementations for a base JavaType, handling modifiers, primitive types, and container defaults without logical errors."
JacksonDatabind,15,2,BUG,NO BUG,False,"VERDICT: NO BUG REASON: The methods correctly implement type checks and default behaviours without logical or compile‑time errors; the only irregularity is a stray Javadoc comment, which does not affect code functionality."
JacksonDatabind,15,3,BUG,BUG,True,"VERDICT: BUG   REASON: The constructor computes `_hash` as `raw.getName().hashCode() - additionalHash` despite the comment stating the additional hash should be added, resulting in an incorrect hash value."
JacksonDatabind,16,1,NO BUG,BUG,False,"VERDICT: BUG   REASON: The class implements the `Annotations` interface (which extends `Iterable<Annotation>`) but does not provide the required `iterator()` method, violating the interface contract."
JacksonDatabind,16,2,BUG,BUG,True,"VERDICT: BUG   REASON: The `_add` method returns `true` only when a previous identical annotation existed (`previous != null && previous.equals(ann)`), which contradicts the documented contract of `add` (and the comment on `_add`) that true should indicate the map changed (i.e., the annotation was newly added); thus the boolean result is inverted and can cause incorrect behavior."
JacksonDatabind,16,5,BUG,BUG,True,"VERDICT: BUG   REASON: The `_add` method returns `(previous != null) && previous.equals(ann)`, which is the opposite of the documented behavior (true should indicate the map changed), causing `add(Annotation)` to report false when a new or replaced annotation is actually added."
JacksonDatabind,17,1,NO BUG,NO BUG,True,VERDICT: NO BUG   REASON: The DefaultTypeResolverBuilder correctly handles type checking and the static initializations follow intended design without logical or compilation errors.
JacksonDatabind,17,2,BUG,BUG,True,"VERDICT: BUG   REASON: In `useForType`, the `OBJECT_AND_NON_CONCRETE` case incorrectly uses `|| TreeNode.class.isAssignableFrom(...)` instead of excluding `TreeNode` types (missing `!` and should use `&&`), causing default typing to be applied to JSON tree model types contrary to the comment."
JacksonDatabind,17,3,BUG,BUG,True,"VERDICT: BUG   REASON: The for‑each loop’s generic type is malformed (`Map.Entry<=Class<?>,Class<?>>`) causing a compilation error."
JacksonDatabind,17,5,BUG,NO BUG,False,"VERDICT: NO BUG   REASON: The presented portion of ObjectMapper.java—including imports, class declaration, and the DefaultTyping enum—contains no syntactic or evident logical errors."
JacksonDatabind,18,1,NO BUG,NO BUG,True,VERDICT: NO BUG   REASON: The snippet only defines constants and fields (including a correctly constructed empty iterator) without any faulty logic or incorrect initialization.
JacksonDatabind,18,2,BUG,NO BUG,False,VERDICT: NO BUG   REASON: The snippet correctly declares the MappingIterator fields and creates a valid EMPTY_ITERATOR sentinel; there are no functional errors (the minor Javadoc tag typo does not affect runtime behavior).
JacksonDatabind,19,2,BUG,NO BUG,False,"VERDICT: NO BUG REASON: The methods correctly manage null contexts, type bounds, and generic parameters without logical errors; the only irregularity is a misleading comment in `_collectionType`, which does not affect runtime behavior."
JacksonDatabind,2,1,NO BUG,BUG,False,"VERDICT: BUG   REASON: writeNumber(String encodedValue) always appends a VALUE_NUMBER_FLOAT token, losing integer vs. floating-point distinction for numeric strings and violating numeric identity preservation."
JacksonDatabind,2,2,BUG,NO BUG,False,"VERDICT: NO BUG   REASON: The number‑writing methods correctly delegate to `_append` with appropriate token types and null handling, and the other methods follow the intended TokenBuffer semantics without any logical errors."
JacksonDatabind,20,1,NO BUG,BUG,False,"VERDICT: BUG   REASON: The `_at` method returns only the immediate child via `get(ptr.getMatchingProperty())` and never processes `ptr.tail()`, so multi‑segment JsonPointers are resolved incorrectly."
JacksonDatabind,20,2,BUG,BUG,True,"VERDICT: BUG REASON: `_at(JsonPointer ptr)` returns only the immediate child via `get(ptr.getMatchingProperty())` and never recurses on `ptr.tail()`, so `ObjectNode.at()` fails to resolve nested JSON Pointer paths."
JacksonDatabind,20,5,BUG,NO BUG,False,"VERDICT: NO BUG   REASON: The implementation matches Jackson's ObjectNode behavior (e.g., returning null for indexed access, proper deep copying, and correct handling of field access), showing no functional defects in the presented code."
JacksonDatabind,21,1,NO BUG,NO BUG,True,"VERDICT: NO BUG   REASON: The class correctly implements `isAnnotationBundle` by checking for the `JacksonAnnotationsInside` meta‑annotation and the `version()` method returns the appropriate `Version` constant, with no logical or compilation errors in the shown code."
JacksonDatabind,21,2,BUG,NO BUG,False,VERDICT: NO BUG   REASON: The implementation correctly checks for the presence of the `JacksonAnnotationsInside` meta‑annotation and follows Jackson’s intended behavior without any logical or compilation errors.
JacksonDatabind,21,3,BUG,BUG,True,"VERDICT: BUG   REASON: The loop iterating over `attrs` uses `i <= len` instead of `< len`, causing an out‑of‑bounds access to `attrs[i]`."
JacksonDatabind,22,1,NO BUG,NO BUG,True,"VERDICT: NO BUG   REASON: The method correctly determines static typing, obtains element and key serializers, handles map, collection, and array containers, and applies custom serializers and modifiers without any logical errors."
JacksonDatabind,22,3,BUG,BUG,True,"VERDICT: BUG REASON: The for‑loop uses an illegal generic declaration (`Map.Entry<=Class<?>,Object>`), which is a syntax error and prevents the code from compiling."
JacksonDatabind,23,1,NO BUG,NO BUG,True,"VERDICT: NO BUG   REASON: The code correctly defines the serializers, registers them in the provided map, and the Base class implements contextual handling without any functional errors."
JacksonDatabind,23,2,BUG,NO BUG,False,VERDICT: NO BUG   REASON: The code correctly registers the numeric serializers and the Base class implementation follows Jackson’s serializer contract without any functional errors.
JacksonDatabind,24,1,NO BUG,BUG,False,"VERDICT: BUG   REASON: The `with(TimeZone tz)` method assumes `_dateFormat` is non‑null and directly accesses it (e.g., `if (df instanceof StdDateFormat)`), so if `_dateFormat` is null (possible via `withDateFormat(null)`), it will throw a NullPointerException."
JacksonDatabind,24,2,BUG,BUG,True,"VERDICT: BUG   REASON: The `with(TimeZone tz)` method assumes `_dateFormat` is non‑null and calls `df.clone()` unconditionally, causing a `NullPointerException` if the `BaseSettings` instance has a null `DateFormat`."
JacksonDatabind,24,5,BUG,NO BUG,False,"VERDICT: NO BUG   REASON: The provided snippet only defines immutable configuration fields with correct imports and no flawed logic, so it does not contain a bug."
JacksonDatabind,25,2,BUG,NO BUG,False,"VERDICT: NO BUG   REASON: The code correctly checks for nulls, handles type narrowing, key/content deserializer assignment, and follows Jackson's expected patterns without any evident null-pointer or cast errors."
JacksonDatabind,26,1,NO BUG,NO BUG,True,"VERDICT: NO BUG   REASON: The excerpt only contains imports and correctly defined immutable field declarations (e.g., `_name`, `_wrapperName`, `MARKER_FOR_EMPTY`, `NO_FORMAT`) without any erroneous logic or type misuse."
JacksonDatabind,26,2,BUG,NO BUG,False,"VERDICT: NO BUG   REASON: The shown segment only declares fields and constants correctly (e.g., immutable markers, final SerializedString), without any flawed logic or unsafe mutable state."
JacksonDatabind,26,3,BUG,BUG,True,"VERDICT: BUG REASON: The `assignSerializer` method uses `if (_serializer != null || _serializer != ser)`, which is always true (except when both are null), causing an IllegalStateException even when assigning a serializer for the first time."
JacksonDatabind,28,1,NO BUG,NO BUG,True,"VERDICT: NO BUG REASON: The visible implementation correctly handles token dispatch, provides appropriate deserializers for object and array nodes, and implements null handling without any logical or compilation errors."
JacksonDatabind,28,2,BUG,BUG,True,"VERDICT: BUG REASON: ObjectDeserializer.deserialize() only checks for JsonToken.FIELD_NAME and not for JsonToken.END_OBJECT, so empty JSON objects cause a mapping exception instead of being deserialized."
JacksonDatabind,28,3,BUG,BUG,True,"VERDICT: BUG   REASON: The `ObjectDeserializer.deserialize` method uses the impossible condition `p.isExpectedStartObjectToken() && p.hasToken(JsonToken.FIELD_NAME)`, so it never matches a valid non‑empty object and incorrectly throws a mapping exception."
JacksonDatabind,28,5,BUG,NO BUG,False,"VERDICT: NO BUG   REASON: The deserializer correctly switches on the current JSON token and delegates to the appropriate parsing methods, with specialized handling for objects and arrays and proper null handling."
JacksonDatabind,3,1,NO BUG,NO BUG,True,"VERDICT: NO BUG REASON: The deserialization logic correctly handles arrays, single‑value fall‑backs, nulls, and custom element deserializers without any logical errors."
JacksonDatabind,3,2,BUG,BUG,True,"VERDICT: BUG   REASON: In the default (non‑custom) path, a JSON null triggers `value = _elementDeserializer.getNullValue();` even though `_elementDeserializer` is null, causing a NullPointerException."
JacksonDatabind,3,3,BUG,BUG,True,"VERDICT: BUG   REASON: The condition `if (deser != null || this.isDefaultDeserializer(deser))` incorrectly nullifies any non‑null element deserializer (including custom ones), because it always evaluates true when `deser` is non‑null, thus discarding intended custom deserialization logic."
JacksonDatabind,3,5,BUG,BUG,True,"VERDICT: BUG   REASON: In the default deserialization path, null array elements are processed with `_elementDeserializer.getNullValue()` even when `_elementDeserializer` is null, causing a NullPointerException."
JacksonDatabind,30,1,NO BUG,BUG,False,"VERDICT: BUG   REASON: `treeToValue` calls `n.getClass()` without first checking if `n` is null, which will throw a NullPointerException for a null TreeNode input."
JacksonDatabind,30,2,BUG,BUG,True,"VERDICT: BUG REASON: `treeToValue` does not check for a null `TreeNode n`, so invoking it with `n == null` triggers a NullPointerException."
JacksonDatabind,31,1,NO BUG,BUG,False,"VERDICT: BUG REASON: The `writeString(char[] text, int offset, int len)` method does not check for a null `text` array, causing a NullPointerException instead of writing a JSON null value as required by the JsonGenerator contract."
JacksonDatabind,31,2,BUG,BUG,True,"VERDICT: BUG   REASON: The `writeString(char[] text, int offset, int len)` method does not check for a null `text` array, causing a NullPointerException when `null` is passed."
JacksonDatabind,31,5,BUG,NO BUG,False,"VERDICT: NO BUG   REASON: The shown code consists solely of correct field declarations, imports, and comments with no faulty logic or syntax errors evident."
JacksonDatabind,32,2,BUG,BUG,True,"VERDICT: BUG   REASON: The `deserialize` method lacks a case for `JsonTokenId.ID_END_OBJECT`, so an empty object (or an object after type‑id handling) can fall through to the default branch and throw a mapping exception."
JacksonDatabind,33,2,BUG,BUG,True,"VERDICT: BUG REASON: findNameForSerialization fails to treat empty annotation values as “use default name”, constructing a PropertyName with an empty string instead of returning PropertyName.USE_DEFAULT, which breaks default property naming."
JacksonDatabind,33,5,BUG,NO BUG,False,"VERDICT: NO BUG   REASON: The shown methods correctly retrieve annotations, handle possible reflection exceptions, and return appropriate defaults, with no logical errors evident."
JacksonDatabind,34,1,NO BUG,NO BUG,True,"VERDICT: NO BUG REASON: All number types are correctly handled and the schema/format visitor logic matches the intended behavior, with no logical or compilation errors."
JacksonDatabind,34,2,BUG,BUG,True,"VERDICT: BUG   REASON: In `acceptJsonFormatVisitor` the code mistakenly passes `JsonParser.NumberType.BIG_INTEGER` to `visitFloatFormat` for `BigDecimal`, which should be `JsonParser.NumberType.BIG_DECIMAL`."
JacksonDatabind,34,3,BUG,BUG,True,"VERDICT: BUG   REASON: The check `else if ((value instanceof Byte) && (value instanceof Short))` can never be true, so Byte and Short values are not handled as intended and always fall back to `g.writeNumber(value.toString())`."
JacksonDatabind,34,5,BUG,BUG,True,"VERDICT: BUG REASON: In acceptJsonFormatVisitor the method incorrectly passes JsonParser.NumberType.BIG_INTEGER for BigDecimal (when handling Float format) instead of the correct BIG_DECIMAL, leading to wrong format metadata."
JacksonDatabind,36,1,NO BUG,BUG,False,"VERDICT: BUG   REASON: After trimming, an empty input string causes `dateStr.charAt(0)` to be accessed, throwing a StringIndexOutOfBoundsException instead of a ParseException."
JacksonDatabind,36,2,BUG,BUG,True,"VERDICT: BUG   REASON: The setTimeZone method can throw a NullPointerException if a null TimeZone is passed, because it calls tz.equals(_timezone) without first checking whether tz is null."
JacksonDatabind,36,5,BUG,BUG,True,"VERDICT: BUG   REASON: The RFC1123 prototype (`DATE_FORMAT_RFC1123`) is set to the UTC time zone, so when formatting dates it emits the zone abbreviation “UTC” instead of the RFC 1123‑required “GMT”, breaking compliance with the specification."
JacksonDatabind,37,1,NO BUG,BUG,False,"VERDICT: BUG   REASON: The `refine` method incorrectly returns `null` instead of constructing and returning a new `SimpleType`, violating the contract of `JavaType.refine` and causing potential NullPointerExceptions."
JacksonDatabind,37,2,BUG,BUG,True,"VERDICT: BUG   REASON: The `refine` method returns null instead of a valid `JavaType` (e.g., a new `SimpleType`), violating its contract and risking NullPointerExceptions."
JacksonDatabind,38,1,NO BUG,BUG,False,"VERDICT: BUG   REASON: The deprecated `construct(Class<?> rawType, JavaType elemT)` method incorrectly uses `_bogusSuperClass(rawType)` as the superClass, producing an inaccurate or null superClass for collection types and potentially causing type‑resolution errors."
JacksonDatabind,38,2,BUG,BUG,True,"VERDICT: BUG   REASON: The deprecated `construct(Class<?> rawType, JavaType elemT)` method incorrectly uses `_bogusSuperClass(rawType)` for the super class, resulting in an inaccurate type hierarchy."
JacksonDatabind,38,5,BUG,BUG,True,"VERDICT: BUG REASON: The deprecated `construct(Class<?> rawType, JavaType elemT)` method builds the `CollectionType` using a placeholder super class (`_bogusSuperClass`) and null `TypeBindings`, resulting in an incorrect type representation."
JacksonDatabind,39,2,BUG,BUG,True,"VERDICT: BUG   REASON: `deserialize` fails to advance past a FIELD_NAME token as indicated by the comment, so `p.skipChildren()` does nothing and the parser remains on the field name, potentially causing incorrect parsing or infinite loops."
JacksonDatabind,39,5,BUG,BUG,True,"VERDICT: BUG   REASON: The deserialize method fails to advance past a FIELD_NAME token before calling skipChildren(), so the value following the field name isn’t consumed, leading to incorrect parsing."
JacksonDatabind,4,1,NO BUG,BUG,False,"VERDICT: BUG   REASON: In `_deserializeCustom`, `deser.getNullValue()` is invoked without passing the required `DeserializationContext`, which is a compilation error and prevents proper handling of null elements."
JacksonDatabind,41,1,NO BUG,BUG,False,"VERDICT: BUG   REASON: `constructArrayType(Class<?> elementType)` calls `_fromAny(null, elementType, null)`, passing a null `TypeBindings` where the factory expects a non‑null bindings object (normally `EMPTY_BINDINGS`), leading to a potential NullPointerException during type resolution."
JacksonDatabind,42,1,NO BUG,BUG,False,"VERDICT: BUG REASON: In the IPv6 bracketed case the code passes the address string with surrounding “[” and “]” to `new InetSocketAddress`, but `InetSocketAddress` expects a plain hostname/IPv6 literal without brackets, leading to resolution errors for valid bracketed IPv6 inputs."
JacksonDatabind,42,2,BUG,BUG,True,"VERDICT: BUG   REASON: The bracketed IPv6 case passes the address string with its surrounding '[' and ']' to `InetSocketAddress`, which expects a plain IP literal, resulting in an unresolved or incorrect socket address."
JacksonDatabind,43,1,NO BUG,BUG,False,"VERDICT: BUG   REASON: When encountering a JSON null token, deserializeSetAndReturn returns null instead of the bean instance, violating the method’s contract and causing the deserialized object to be lost."
JacksonDatabind,43,2,BUG,BUG,True,"VERDICT: BUG   REASON: When the deserialized ID is null, `deserializeSetAndReturn` returns null instead of returning the original bean instance, which can discard the bean reference and cause subsequent processing to fail."
JacksonDatabind,43,5,BUG,BUG,True,"VERDICT: BUG   REASON: deserializeSetAndReturn returns null when the deserialized id is null, causing the bean reference to be lost (bean becomes null) and breaking deserialization of subsequent properties."
JacksonDatabind,44,1,NO BUG,BUG,False,"VERDICT: BUG REASON: The `_narrow` method incorrectly handles the case where the provided subclass is not assignable to the current type (the check is inverted and it constructs a SimpleType with the current type as its supertype), leading to an invalid type hierarchy."
JacksonDatabind,44,2,BUG,BUG,True,"VERDICT: BUG   REASON: The `refine` method returns `null` instead of creating a new `SimpleType`, violating JavaType’s contract and causing potential NullPointerExceptions."
JacksonDatabind,44,5,BUG,NO BUG,False,"VERDICT: NO BUG   REASON: The constructors and factory methods correctly manage null arguments, enforce proper type restrictions, and delegate to the superclass without logical errors, so the shown code behaves as intended."
JacksonDatabind,45,1,NO BUG,BUG,False,"VERDICT: BUG   REASON: The code invokes shape.isNumeric() without verifying that shape is non‑null, causing a NullPointerException when a @JsonFormat annotation supplies a pattern, locale, or timezone but no explicit shape."
JacksonDatabind,46,1,NO BUG,BUG,False,"VERDICT: BUG   REASON: The class overrides equals but does not override hashCode, breaking the equals‑hashCode contract and leading to inconsistent behavior in hash‑based collections."
JacksonDatabind,46,2,BUG,BUG,True,"VERDICT: BUG REASON: The getGenericSignature method fails to append the closing '>' before the terminating ';', resulting in an incorrectly formed generic type signature."
JacksonDatabind,46,5,BUG,BUG,True,"VERDICT: BUG   REASON: The `construct` method ignores its `valHandler` and `tyHandler` arguments, always passing `null` to the constructor (and the `buildCanonicalName` method also omits the closing `'>'`)."
JacksonDatabind,47,1,NO BUG,NO BUG,True,"VERDICT: NO BUG REASON: The method correctly refines serialization types, guarding against nulls and type incompatibilities, and there are no logical or runtime errors in the shown code."
JacksonDatabind,47,3,BUG,BUG,True,"VERDICT: BUG   REASON: The loop in `findEnumValues` uses `i <= len` instead of `i < len`, causing an off‑by‑one error that leads to an `ArrayIndexOutOfBoundsException`."
JacksonDatabind,48,1,NO BUG,NO BUG,True,"VERDICT: NO BUG REASON: The methods correctly handle parser feature overrides, annotation introspection, visibility settings, root name logic, and feature checks without logical or compile‑time errors."
JacksonDatabind,48,2,BUG,NO BUG,False,"VERDICT: NO BUG REASON: The code correctly implements configuration initialization, feature checks, and visibility handling without logical or runtime errors."
JacksonDatabind,48,3,BUG,NO BUG,False,"VERDICT: NO BUG   REASON: The methods correctly delegate to introspection and type resolver logic, handling null cases and casting safely without logical errors."
JacksonDatabind,49,2,BUG,BUG,True,"VERDICT: BUG REASON: generateId always creates a new ID and overwrites any existing ID instead of reusing an already-generated ID as the comment indicates, leading to incorrect ID handling."
JacksonDatabind,49,5,BUG,BUG,True,"VERDICT: BUG   REASON: The generateId method overwrites the existing id with a newly generated value on every call instead of reusing an already generated id, contradicting the intended behavior and breaking object identity handling."
JacksonDatabind,5,1,NO BUG,BUG,False,"VERDICT: BUG   REASON: In _findFields the mix‑in overrides are applied to parent instead of the current class c, so mix‑in fields are added to the wrong target class."
JacksonDatabind,50,1,NO BUG,NO BUG,True,"VERDICT: NO BUG   REASON: The displayed portion only includes proper package/import statements, field declaration, and constructors that correctly delegate to the superclass without any logical or syntactic errors."
JacksonDatabind,50,2,BUG,NO BUG,False,VERDICT: NO BUG   REASON: The class’s fields and constructors correctly match their superclass signatures and perform proper delegation without any logical errors.
JacksonDatabind,50,3,BUG,BUG,True,"VERDICT: BUG   REASON: The condition `if (_objectIdReader != null || _objectIdReader.maySerializeAsObject())` uses `||`, causing a NullPointerException when `_objectIdReader` is null; it should use `&&` to ensure the method is only called if the object is non‑null."
JacksonDatabind,53,1,NO BUG,BUG,False,"VERDICT: BUG   REASON: `getTypeParameters()` returns a mutable `List` backed directly by the internal `_types` array, allowing external code to modify the array and break the immutability and hash‑code contract of `TypeBindings`."
JacksonDatabind,53,2,BUG,NO BUG,False,"VERDICT: NO BUG   REASON: The methods correctly manage the internal type and name arrays, safely handle bounds checks, and provide consistent `toString`, `equals`, and `hashCode` implementations without logical errors."
JacksonDatabind,54,2,BUG,BUG,True,"VERDICT: BUG   REASON: The method uses `secondary.getRawClass()` without first confirming that `secondary` is non‑null, so a default `AnnotationIntrospector` that returns null from `refineSerializationType` will cause a NullPointerException."
JacksonDatabind,54,5,BUG,BUG,True,"VERDICT: BUG REASON: The sentinel NO_DEFAULT_MARKER is incorrectly set to Boolean.FALSE instead of a unique marker object, risking collision with legitimate false values and breaking the logic that distinguishes “no default bean” from real defaults."
JacksonDatabind,55,1,NO BUG,NO BUG,True,"VERDICT: NO BUG   REASON: The `getStdKeySerializer` method correctly matches known key types to their serializers, handles null and generic types, and provides a proper fallback without any logical or runtime errors."
JacksonDatabind,55,2,BUG,NO BUG,False,"VERDICT: NO BUG   REASON: The logic correctly matches key types to appropriate serializers, handles null/object types with a dynamic serializer, and returns sensible defaults; there are no functional errors or misbehaviors in the shown code."
JacksonDatabind,55,3,BUG,BUG,True,"VERDICT: BUG   REASON: The condition `if ((rawKeyType == null) && (rawKeyType == Object.class))` can never be true, so the intended fallback to a `Dynamic` key serializer for unknown types is never used; it should use `||` instead of `&&`."
JacksonDatabind,56,1,NO BUG,BUG,False,"VERDICT: BUG REASON: In the STD_INET_SOCKET_ADDRESS case, the code passes bracketed IPv6 strings (including the ‘[’ and ‘]’) directly to InetSocketAddress, which expects the raw address without brackets, causing resolution errors."
JacksonDatabind,56,2,BUG,BUG,True,"VERDICT: BUG   REASON: The IPv6 bracketed address handling passes the host string with '[' and ']' to `InetSocketAddress`, which cannot resolve such a hostname and thus fails to deserialize IPv6 addresses correctly."
JacksonDatabind,56,5,BUG,NO BUG,False,"VERDICT: NO BUG   REASON: The deserializer correctly handles array unwrapping, empty‑string cases, and type mapping without any evident logical or runtime error."
JacksonDatabind,57,1,NO BUG,NO BUG,True,"VERDICT: NO BUG   REASON: All overloads correctly handle format detection, parser creation, filter application, and iterator initialization without logical or resource‑management errors."
JacksonDatabind,57,3,BUG,BUG,True,"VERDICT: BUG   REASON: The constructor incorrectly checks `if (valueToUpdate != null || valueType.isArrayType())`, causing it to reject all non‑null updates and potentially throw a NullPointerException when `valueType` is null, whereas it should use `&&` to only forbid updating array values."
JacksonDatabind,58,1,NO BUG,BUG,False,"VERDICT: BUG   REASON: The check `if ((mutator instanceof AnnotatedField) && ""cause"".equals(mutator.getName()))` suppresses `fixAccess` for any field named “cause”, not just the `cause` field of `Throwable`, which can prevent legitimate non‑public fields from being made accessible during deserialization."
JacksonDatabind,58,2,BUG,BUG,True,"VERDICT: BUG   REASON: The method unconditionally calls `mutator.fixAccess(...)` without excluding the `cause` field of `Throwable` as the comment suggests, which can cause illegal access problems on certain platforms."
JacksonDatabind,58,5,BUG,NO BUG,False,"VERDICT: NO BUG   REASON: The provided implementation correctly handles custom deserializer lookup, Throwable types, and abstract type processing without any evident logical or runtime errors."
JacksonDatabind,59,1,NO BUG,BUG,False,"VERDICT: BUG   REASON: The `withHandlersFrom` method only copies the top‑level type and value handlers and ignores content type handlers, violating its JavaDoc that requires recursive copying of handlers for structured (container) types."
JacksonDatabind,59,2,BUG,NO BUG,False,"VERDICT: NO BUG   REASON: The shown code follows standard patterns, correctly initializes fields, and the abstract method declarations and copy-constructor are appropriate; there is no evident logical or compile-time error in the provided snippet."
JacksonDatabind,6,1,NO BUG,BUG,False,"VERDICT: BUG   REASON: Missing break statements in the switch blocks cause fall‑through, inserting extra characters (e.g., extra zeros or duplicate time parts) and corrupting the constructed ISO‑8601 date string."
JacksonDatabind,60,1,NO BUG,NO BUG,True,"VERDICT: NO BUG   REASON: The excerpt only contains field declarations, imports, and documentation without any erroneous logic or misuse of APIs, so no bug is apparent in the provided portion."
JacksonDatabind,60,2,BUG,NO BUG,False,"VERDICT: NO BUG   REASON: The displayed portion correctly declares imports, fields, and class structure without any logical or compilation errors, and no problematic behavior is evident in the provided code."
JacksonDatabind,60,3,BUG,BUG,True,"VERDICT: BUG   REASON: The `toString()` method uses the `-` operator instead of `+` for string concatenation, resulting in an invalid expression that will not compile."
JacksonDatabind,61,1,NO BUG,BUG,False,"VERDICT: BUG   REASON: The early `t.isPrimitive()` check is bypassed after array unwrapping, so in the `NON_FINAL` case a primitive component (e.g., `int` from `int[]`) is seen as non‑final and the method returns true, incorrectly applying default typing to primitive arrays."
JacksonDatabind,61,2,BUG,BUG,True,"VERDICT: BUG REASON: In `useForType`, the NON_FINAL case does not exclude primitive types, so default typing can be incorrectly applied to primitives despite the comment indicating they should be skipped."
JacksonDatabind,61,5,BUG,NO BUG,False,VERDICT: NO BUG   REASON: The excerpt compiles correctly and shows no logical or syntactic errors in the defined enum and inner class implementation.
JacksonDatabind,62,2,BUG,NO BUG,False,"VERDICT: NO BUG   REASON: The methods correctly handle resolver logic, delegate/value deserialization, and unwrap settings without logical errors or null‑pointer risks."
JacksonDatabind,63,1,NO BUG,BUG,False,"VERDICT: BUG   REASON: The writeReplace method is not declared private, so it will not be invoked by Java serialization, preventing the description from being pre‑computed as intended."
JacksonDatabind,63,2,BUG,BUG,True,"VERDICT: BUG   REASON: The `writeReplace` method is package‑private instead of private, so Java’s serialization mechanism will not invoke it, leaving `_desc` potentially null after serialization."
JacksonDatabind,63,5,BUG,NO BUG,False,"VERDICT: NO BUG   REASON: The provided class and its inner Reference definition compile correctly, include proper null checks and lazy description handling, and contain no evident logical or runtime errors."
JacksonDatabind,64,1,NO BUG,BUG,False,"VERDICT: BUG   REASON: In the catch block the code `return prov.reportBadPropertyDefinition(...)` returns a `JsonMappingException` from a method that should return a `BeanPropertyWriter`, causing a type‑mismatch/compile error and preventing the exception from being thrown as intended."
JacksonDatabind,64,2,BUG,BUG,True,"VERDICT: BUG   REASON: The fallback incorrectly assigns `serializationType = declaredType` instead of resolving the member’s generic type (e.g., via `TypeFactory.type(am.getGenericType(), _beanDesc.getType())`), causing loss of generic type information needed for content‑type handling and leading to incorrect or failing serialization of generic container properties."
JacksonDatabind,64,5,BUG,NO BUG,False,VERDICT: NO BUG REASON: The code follows Jackson's intended logic for handling inclusion defaults and property writer construction without any evident logical or compilation errors.
JacksonDatabind,66,1,NO BUG,NO BUG,True,"VERDICT: NO BUG   REASON: The provided code merely declares a class, constants, fields, and constructors with correct syntax and no logical errors."
JacksonDatabind,66,2,BUG,NO BUG,False,"VERDICT: NO BUG   REASON: The code snippet correctly declares constants, fields, constructors, and starts a static factory method without any evident logical or syntactic errors."
JacksonDatabind,66,3,BUG,BUG,True,"VERDICT: BUG   REASON: The check `if (raw == String.class && raw == Object.class)` can never be true, preventing the String key deserializer from being returned and causing `forType(String.class)` to incorrectly fall through to `null`."
JacksonDatabind,67,1,NO BUG,BUG,False,"VERDICT: BUG REASON: The code uses a reversed assignability test (`returnType.isAssignableFrom(enumClass)`) when validating an @JsonCreator factory method for enums, which can incorrectly treat unsuitable methods as valid."
JacksonDatabind,68,1,NO BUG,BUG,False,"VERDICT: BUG REASON: In `deserializeFromNumber`, the LONG case incorrectly checks `_valueInstantiator.canCreateFromInt()` instead of `_valueInstantiator.canCreateFromLong()`, which can cause improper handling or errors when creating beans from long values."
JacksonDatabind,68,2,BUG,BUG,True,"VERDICT: BUG   REASON: In the LONG case of `deserializeFromNumber`, the code incorrectly checks `_valueInstantiator.canCreateFromInt()` instead of `canCreateFromLong()`, leading to wrong delegate deserialization logic for long values."
JacksonDatabind,68,5,BUG,NO BUG,False,"VERDICT: NO BUG   REASON: The provided code segment only declares fields and imports with correct syntax and no flawed logic, so there is no evident bug in the shown portion."
JacksonDatabind,69,1,NO BUG,BUG,False,"VERDICT: BUG   REASON: The deprecated overloads for addIntCreator, addLongCreator, and addDoubleCreator incorrectly delegate to addBooleanCreator, mis‑registering those creators under the Boolean type."
JacksonDatabind,69,2,BUG,BUG,True,"VERDICT: BUG   REASON: The deprecated addIntCreator, addLongCreator, and addDoubleCreator methods mistakenly call addBooleanCreator instead of the corresponding type‑specific addXCreator methods, causing incorrect creator registration."
JacksonDatabind,69,5,BUG,BUG,True,"VERDICT: BUG   REASON: The TYPE_DESCS array only defines 8 descriptors but there are 9 creator types (including C_ARRAY_DELEGATE), so accessing TYPE_DESCS[C_ARRAY_DELEGATE] would cause an IndexOutOfBoundsException."
JacksonDatabind,7,1,NO BUG,BUG,False,"VERDICT: BUG   REASON: In the `toString()` method the `count` variable is never incremented inside the loop, so the intended limit of 100 tokens and proper comma separation are never applied."
JacksonDatabind,7,2,BUG,BUG,True,"VERDICT: BUG   REASON: The truncation check in `toString()` uses `>= MAX_COUNT`, which prints a misleading “(truncated 0 entries)” message when the buffer contains exactly `MAX_COUNT` tokens."
JacksonDatabind,7,5,BUG,NO BUG,False,"VERDICT: NO BUG   REASON: The displayed portion only defines imports and member fields, none of which contain logical errors or incorrect usage that would constitute a bug."
JacksonDatabind,70,1,NO BUG,BUG,False,"VERDICT: BUG   REASON: The spill‑area lookup loop computes `end = i + _spillCount` while stepping `i` by 2, so it only scans half of the spilled entries and can miss properties."
JacksonDatabind,70,2,BUG,BUG,True,"VERDICT: BUG   REASON: In `remove`, the code compares the normalized key (`key`) to `prop.getName()` (the original property name) instead of the stored name slot, so in case‑insensitive mode the property is never found and removal throws a NoSuchElementException."
JacksonDatabind,71,1,NO BUG,NO BUG,True,"VERDICT: NO BUG   REASON: The shown implementation correctly maps key types, handles null keys, and propagates parsing errors without logical flaws."
JacksonDatabind,71,3,BUG,BUG,True,"VERDICT: BUG REASON: The `if` condition `raw == String.class && raw == Object.class || raw == CharSequence.class` can never be true for `String.class` (due to the `&&`), so string keys are not recognized and the deserializer fails to handle them correctly."
JacksonDatabind,72,1,NO BUG,BUG,False,"VERDICT: BUG   REASON: `deserializeSetAndReturn` bypasses the inner‑class creator and simply calls `deserialize(jp, ctxt)`, so it never constructs and populates the required inner‑class instance."
JacksonDatabind,72,2,BUG,BUG,True,"VERDICT: BUG   REASON: deserializeSetAndReturn incorrectly delegates to the generic deserialize(jp, ctxt) method, which does not use the _creator to instantiate the inner class, so inner‑class properties are deserialized incorrectly."
JacksonDatabind,73,1,NO BUG,NO BUG,True,VERDICT: NO BUG   REASON: The shown snippet only contains valid imports and correctly defined final fields with no logical or syntactic errors.
JacksonDatabind,73,2,BUG,NO BUG,False,"VERDICT: NO BUG   REASON: The shown portion only contains correct imports, package declaration, and field definitions without any logical or syntactic errors."
JacksonDatabind,73,3,BUG,BUG,True,"VERDICT: BUG   REASON: The loop iterating over constructor parameters uses `i <= len` instead of `i < len`, causing an out‑of‑bounds access to `ctor.getParameter(i)` on the last iteration."
JacksonDatabind,75,1,NO BUG,NO BUG,True,"VERDICT: NO BUG   REASON: The code correctly handles enum serialization logic, including contextual format overrides, without any evident logical or functional errors."
JacksonDatabind,75,3,BUG,BUG,True,"VERDICT: BUG   REASON: The for‑each loop uses an invalid generic type `Enum<=?>`, which is a syntax error and prevents the code from compiling."
JacksonDatabind,76,1,NO BUG,BUG,False,"VERDICT: BUG   REASON: The `withObjectIdReader` method creates a new `BuilderBasedDeserializer` with a non‑null `ObjectIdReader`, bypassing the constructor’s check that disallows Object Ids for builders and thus permits an unsupported configuration."
JacksonDatabind,76,2,BUG,BUG,True,"VERDICT: BUG   REASON: The withObjectIdReader method creates a new BuilderBasedDeserializer with a non‑null ObjectIdReader, bypassing the constructor’s check that object ids are unsupported for builders, leading to inconsistent and potentially erroneous deserialization."
JacksonDatabind,76,5,BUG,BUG,True,"VERDICT: BUG   REASON: The `withObjectIdReader` method permits creating a `BuilderBasedDeserializer` with a non‑null `ObjectIdReader`, bypassing the constructor’s check that object IDs are unsupported for builders, leading to inconsistent state and potential runtime failures."
JacksonDatabind,77,1,NO BUG,NO BUG,True,"VERDICT: NO BUG REASON: The code follows the intended deserialization flow—checking custom, throwable, abstract types, standard deserializers, bean suitability, and builder handling—without logical errors, missing returns, or unsafe operations."
JacksonDatabind,77,2,BUG,NO BUG,False,"VERDICT: NO BUG   REASON: The implementation correctly follows the intended deserialization creation workflow—checking custom deserializers, handling throwable and abstract types, delegating to standard deserializers, verifying bean eligibility, and constructing the appropriate deserializer—without any logical or null‑pointer errors."
JacksonDatabind,77,3,BUG,BUG,True,"VERDICT: BUG REASON: The for‑each loop uses an invalid generic declaration (`Map.Entry<=String, AnnotatedMember>`) which causes a compilation error."
JacksonDatabind,78,1,NO BUG,BUG,False,"VERDICT: BUG   REASON: The IllegalStateException thrown in withConfig mistakenly mentions the method ‘withAdditionalDeserializers’ instead of ‘withConfig’, which is a copy‑paste error that produces misleading error messages."
JacksonDatabind,78,2,BUG,NO BUG,False,VERDICT: NO BUG REASON: The class correctly implements its immutable factory pattern and the `withConfig` method’s subclass check and instance creation are logically sound.
JacksonDatabind,79,1,NO BUG,NO BUG,True,"VERDICT: NO BUG REASON: The methods correctly handle annotations, perform appropriate null checks, and follow Jackson's intended contract without logical or compilation errors."
JacksonDatabind,79,2,BUG,BUG,True,VERDICT: BUG   REASON: findObjectReferenceInfo can throw a NullPointerException because it calls objectIdInfo.withAlwaysAsId(...) without first checking that objectIdInfo is non‑null when a @JsonIdentityReference annotation is present.
JacksonDatabind,79,3,BUG,BUG,True,"VERDICT: BUG REASON: The loop in `findEnumValues` uses `i <= end` instead of `i < end`, causing an `ArrayIndexOutOfBoundsException` when accessing the last element."
JacksonDatabind,79,5,BUG,BUG,True,"VERDICT: BUG   REASON: The `readResolve` method is declared `protected` instead of `private`, so it is not invoked by Java’s serialization mechanism, leaving the transient `_annotationsInside` cache null after deserialization and causing a potential NullPointerException."
JacksonDatabind,8,1,NO BUG,BUG,False,"VERDICT: BUG REASON: The deprecated `addDoubleCreator` method incorrectly delegates to `addBooleanCreator(creator, false)` instead of the appropriate `addDoubleCreator(creator, false)`, causing double creators to be misregistered as boolean creators."
JacksonDatabind,8,2,BUG,BUG,True,"VERDICT: BUG REASON: In the deprecated `addDoubleCreator` method, the call mistakenly forwards the creator to `addBooleanCreator` instead of the appropriate `addDoubleCreator` overload, causing double creators to be registered incorrectly."
JacksonDatabind,80,1,NO BUG,BUG,False,"VERDICT: BUG   REASON: It collects subtypes into a plain HashMap, which does not preserve insertion order, so the intended precedence (registered subtypes first, then annotated ones) is lost and the returned collection can be nondeterministically ordered."
JacksonDatabind,80,2,BUG,BUG,True,"VERDICT: BUG   REASON: The subtype collection methods use a plain `HashMap` (losing insertion order) and call `ai.findSubtypes(property)` without checking if `property` is null, which can cause nondeterministic results and a NullPointerException when the method is invoked with a null property."
JacksonDatabind,82,1,NO BUG,BUG,False,"VERDICT: BUG   REASON: The code skips adding properties marked with `@JsonIgnore` (via `beanDesc.getIgnoredPropertyNames()`) to the builder’s ignorable set when any‑setter exists, causing such ignored properties to be incorrectly routed to the any‑setter instead of being ignored."
JacksonDatabind,83,2,BUG,BUG,True,"VERDICT: BUG   REASON: The code invokes `_deserialize` twice and only returns when the result is non‑null, so a legitimate null return is wrongly treated as an error, contradicting the comment and causing incorrect behavior."
JacksonDatabind,83,5,BUG,BUG,True,"VERDICT: BUG   REASON: In deserialize() the code calls `_deserialize(value, ctxt)` twice (once for a null‑check and again for the return), needlessly duplicating work and mishandling cases where the deserializer legitimately returns null."
JacksonDatabind,84,1,NO BUG,BUG,False,"VERDICT: BUG   REASON: getGenericSignature and getErasedSignature dereference _referencedType without a null check, causing a NullPointerException if invoked before the reference is set."
JacksonDatabind,84,2,BUG,BUG,True,"VERDICT: BUG   REASON: The `toString()` method builds a string starting with ""[recursive type; "" but never appends a closing ']' resulting in an incorrect and incomplete type description."
JacksonDatabind,84,5,BUG,BUG,True,"VERDICT: BUG   REASON: The `refine` method incorrectly returns null instead of a valid `JavaType` (e.g., `this`), violating the contract of `JavaType.refine` and potentially causing NullPointerExceptions."
JacksonDatabind,85,1,NO BUG,BUG,False,"VERDICT: BUG   REASON: The block handling non‑SimpleDateFormat configurations calls `serializers.reportMappingProblem(...)` but does not throw the resulting exception, allowing execution to continue and later cast `df0` to `SimpleDateFormat`, which will cause a `ClassCastException`."
JacksonDatabind,86,1,NO BUG,BUG,False,"VERDICT: BUG   REASON: The `refine` method returns `null` (and other methods like `getGenericSignature` and `getErasedSignature` call `_referencedType` without null‑checks), violating the contract that these methods must return a non‑null `JavaType` and leading to potential NullPointerExceptions."
JacksonDatabind,86,2,BUG,BUG,True,"VERDICT: BUG   REASON: The `refine` method incorrectly returns `null` instead of a valid `JavaType` (e.g., `this`), violating the expected contract and leading to potential NPEs."
JacksonDatabind,86,5,BUG,BUG,True,"VERDICT: BUG   REASON: The `equals` method casts `o` to `ResolvedRecursiveType` before checking its class, which can throw a `ClassCastException` when `o` is not an instance of this class."
JacksonDatabind,87,1,NO BUG,NO BUG,True,"VERDICT: NO BUG   REASON: The snippet correctly declares constants and safely initializes the static SimpleDateFormat blueprints with the intended locale and UTC timezone, without any evident errors."
JacksonDatabind,87,2,BUG,NO BUG,False,"VERDICT: NO BUG   REASON: The static initialization correctly creates thread‑safe prototype DateFormat instances with the intended timezone and locale, and there are no functional errors in the shown code."
JacksonDatabind,87,3,BUG,BUG,True,"VERDICT: BUG   REASON: Missing break statements in the switch (e.g., case 6 and the cases handling timeLen 11/10/9) cause unintended fall‑through, corrupting the date string and leading to parsing failures."
JacksonDatabind,9,1,NO BUG,BUG,False,"VERDICT: BUG REASON: The `serialize` method assumes `value` is non‑null and calls `value.getClass()`, which will throw a NullPointerException for null map keys."
JacksonDatabind,9,2,BUG,BUG,True,"VERDICT: BUG   REASON: The `serialize` method calls `value.toString()` without first checking for `null`, which can cause a NullPointerException if a null map key is ever serialized."
JacksonDatabind,9,5,BUG,BUG,True,"VERDICT: BUG   REASON: The `serialize` method calls `key.toString()` without checking for a null key, causing a NullPointerException for maps that contain null keys."
JacksonDatabind,90,1,NO BUG,BUG,False,"VERDICT: BUG   REASON: The Javadoc for `canCreateFromBoolean` incorrectly describes a double‑based creator and links to `createFromDouble` instead of the boolean creator, indicating a copy‑paste documentation error."
JacksonDatabind,90,2,BUG,BUG,True,"VERDICT: BUG   REASON: The Javadoc comment for `canCreateFromBoolean()` mistakenly refers to a double creator and links to `createFromDouble` instead of the boolean creator, indicating a copy‑paste error."
JacksonDatabind,90,5,BUG,BUG,True,"VERDICT: BUG   REASON: The Javadoc for `canCreateFromBoolean` incorrectly refers to a “double (boolean / Boolean) based creator” and links to `#createFromDouble` instead of describing a boolean creator, which is a copy‑paste documentation error."
JacksonDatabind,91,1,NO BUG,BUG,False,"VERDICT: BUG   REASON: When a content deserializer is directly provided as a `JsonDeserializer` instance, the code mistakenly assigns it back to `cdDef` instead of to `cd`, leaving `cd` null and preventing the deserializer from being applied."
JacksonDatabind,91,2,BUG,BUG,True,"VERDICT: BUG   REASON: In the content deserializer block the code casts a JsonDeserializer instance to `cdDef` instead of assigning it to `cd`, so the deserializer is never applied as the content value handler."
JacksonDatabind,91,5,BUG,BUG,True,"VERDICT: BUG   REASON: The writeReplace method is package‑private instead of private, so it won’t be invoked during Java serialization, leaving non‑serializable cache contents (e.g., _cachedDeserializers/_incompleteDeserializers) to be serialized and causing errors."
JacksonDatabind,92,1,NO BUG,BUG,False,"VERDICT: BUG   REASON: The IllegalStateException thrown in withConfig incorrectly refers to the method 'withAdditionalDeserializers' instead of the current 'withConfig', a copy‑paste error that can mislead developers."
JacksonDatabind,92,2,BUG,BUG,True,"VERDICT: BUG   REASON: The IllegalStateException thrown in `withConfig` incorrectly references the method `withAdditionalDeserializers` instead of `withConfig`, which can mislead developers and indicates a copy‑paste error."
JacksonDatabind,92,5,BUG,BUG,True,"VERDICT: BUG   REASON: The IllegalStateException in withConfig incorrectly mentions the method 'withAdditionalDeserializers' instead of the actual method 'withConfig', leading to a misleading error message."
JacksonDatabind,93,1,NO BUG,NO BUG,True,"VERDICT: NO BUG   REASON: The class correctly implements subtype validation by checking exact forbidden class names and detecting prohibited Spring subclasses, using a labeled loop to throw an exception only when a match occurs, without any logical or runtime errors."
JacksonDatabind,93,2,BUG,BUG,True,"VERDICT: BUG   REASON: The loop that walks super‑classes (`for (Class<?> cls = raw; cls != Object.class; cls = cls.getSuperclass())`) lacks a null check, so when `raw` is an interface (or its superclass chain ends with null) it attempts `cls.getSimpleName()` on a null reference, causing a NullPointerException despite the comment that it should apply only to classes."
JacksonDatabind,93,3,BUG,BUG,True,"VERDICT: BUG   REASON: The for-loop uses an invalid type declaration `Class<=?> cls`, which is a syntax error that prevents the code from compiling."
JacksonDatabind,93,5,BUG,BUG,True,"VERDICT: BUG   REASON: The hierarchy‑traversal loop (`while (curr != Object.class) { … curr = curr.getSuperclass(); }`) doesn't guard against `curr` becoming `null` (which happens for interfaces or classes without a superclass), leading to a NullPointerException when validating Spring types that start with the prefix."
JacksonDatabind,94,1,NO BUG,BUG,False,"VERDICT: BUG   REASON: The Spring‑type check only runs when the class’s own name starts with the Spring package prefix, so subclasses of dangerous Spring classes defined in other packages are never examined and can slip through the validator."
JacksonDatabind,94,2,BUG,BUG,True,"VERDICT: BUG REASON: The Spring subclass check is gated by `full.startsWith(PREFIX_SPRING)`, so a malicious class extending a dangerous Spring superclass (e.g., AbstractApplicationContext) from a non‑Spring package bypasses the validation."
JacksonDatabind,95,1,NO BUG,BUG,False,"VERDICT: BUG   REASON: The `classForName(String name, boolean initialize, ClassLoader loader)` method ignores its `initialize` argument and always calls `Class.forName(name, true, loader)`, violating the intended behavior of conditional class initialization."
JacksonDatabind,95,2,BUG,BUG,True,"VERDICT: BUG   REASON: The `classForName(String name, boolean initialize, ClassLoader loader)` method ignores its `initialize` argument and always passes `true` to `Class.forName`, violating the intended behavior of conditional class initialization."
JacksonDatabind,95,5,BUG,NO BUG,False,"VERDICT: NO BUG   REASON: The provided fragment correctly declares constants and a properly initialized final cache field (to be set in the class constructor), with no evident logical or compilation errors."
JacksonDatabind,96,1,NO BUG,BUG,False,"VERDICT: BUG REASON: The explicit property name for a creator parameter is unconditionally overwritten by the implicit name at line 684, causing @JsonProperty (or other explicit naming) to be ignored and leading to incorrect creator handling."
JacksonDatabind,97,1,NO BUG,BUG,False,"VERDICT: BUG   REASON: The `hashCode()` method directly calls `_value.hashCode()` without checking for `_value == null`, which will throw a NullPointerException when the POJONode wraps a null value."
JacksonDatabind,97,2,BUG,BUG,True,"VERDICT: BUG   REASON: The `hashCode()` method calls `_value.hashCode()` without checking for `_value` being null, causing a NullPointerException for POJONode instances that wrap a null value."
JacksonDatabind,97,5,BUG,NO BUG,False,"VERDICT: NO BUG REASON: The class correctly overrides node type, token, binary handling, and coercion methods without any logical errors or incorrect behavior."
JacksonDatabind,98,2,BUG,BUG,True,"VERDICT: BUG   REASON: In `complete`, missing both external type id and property leaves `values[i]` null, but the later loop unconditionally calls `prop.set(bean, values[i])`, causing setters to be invoked with null (or error on primitives) instead of leaving the property untouched."
JacksonDatabind,99,1,NO BUG,BUG,False,"VERDICT: BUG   REASON: The `refine` method incorrectly uses the existing `_bindings` instead of the supplied `bindings` argument, causing refined types to retain the wrong type bindings."
JacksonDatabind,99,2,BUG,BUG,True,"VERDICT: BUG   REASON: The `buildCanonicalName` method omits the closing ‘>’ for the generic type (and `refine` ignores the passed `bindings`), leading to an incorrect canonical name representation."
JacksonDatabind,99,5,BUG,BUG,True,"VERDICT: BUG   REASON: The deprecated construct(Class<?> cls, JavaType refType) method misorders arguments when calling the ReferenceType constructor, assigning null to the referenced type and the actual refType to the anchor type, which corrupts the resulting ReferenceType instance."
JacksonXml,2,1,NO BUG,NO BUG,True,VERDICT: NO BUG   REASON: The constructor properly checks that the supplied XMLStreamReader is positioned on a START_ELEMENT and correctly initializes the internal state and fields without any evident logic errors.
JacksonXml,2,2,BUG,BUG,True,"VERDICT: BUG   REASON: The `_nextAttributeIndex` field is initialized to 0, contradicting its documentation (‑1 when no attributes) and can lead to attempts to access attribute index 0 when a START_ELEMENT has zero attributes."
JacksonXml,2,3,BUG,BUG,True,"VERDICT: BUG   REASON: In `_allWs` the loop uses `i <= len` instead of `i < len`, which leads to a `StringIndexOutOfBoundsException` for any non‑empty string."
JacksonXml,2,5,BUG,NO BUG,False,"VERDICT: NO BUG   REASON: The constructor properly checks that the reader is positioned at a START_ELEMENT and correctly initializes the internal fields, with no logical errors apparent in the provided code."
JacksonXml,5,2,BUG,BUG,True,"VERDICT: BUG   REASON: The copy constructor incorrectly copies the `_rootNameLookup` reference despite the comment indicating it should not be copied, risking linkage to an outdated configuration."
JacksonXml,5,5,BUG,BUG,True,"VERDICT: BUG   REASON: The copy constructor copies the mutable `_rootNameLookup` reference from the source provider, contrary to the comment that it should not be copied, which can link the new provider to an outdated configuration and cause incorrect root name resolution."
JacksonXml,6,1,NO BUG,BUG,False,"VERDICT: BUG   REASON: The `writeBinary(..., InputStream data, int dataLength)` methods assume `dataLength` is non‑negative and forward it to `writeStreamAsBinary`, which uses the value as a read limit; if `dataLength` is –1 (the allowed “unknown length” sentinel), `Math.min(3 - offset, len)` becomes negative, causing an illegal argument error and breaking the contract."
JacksonXml,6,2,BUG,BUG,True,"VERDICT: BUG   REASON: In writeBinary, the call to _xmlWriter.writeBinaryAttribute uses an empty string (“”) for the prefix instead of null (as done for other attribute writes), which can cause incorrect namespace handling or illegal attribute names."
JacksonXml,6,5,BUG,NO BUG,False,"VERDICT: NO BUG   REASON: The shown code correctly defines the constant, the Feature enum with proper bit‑mask handling, and the collectDefaults method without any logical errors."
Jsoup,1,1,NO BUG,BUG,False,"VERDICT: BUG REASON: The `title(String)` method calls `head().appendElement(""title"")` without ensuring that a `<head>` element exists, causing a NullPointerException when the document lacks a head."
Jsoup,1,2,BUG,BUG,True,"VERDICT: BUG   REASON: The `title(String title)` method assumes a non‑null `<head>` element and calls `head().appendElement(""title"")` without checking for `head()` being null, causing a NullPointerException when the document lacks a `<head>` (e.g., a freshly constructed Document)."
Jsoup,1,5,BUG,BUG,True,"VERDICT: BUG   REASON: The `title(String)` method calls `head().appendElement(""title"")` without checking if `head()` is null, causing a NullPointerException when the document has no `<head>` element."
Jsoup,10,2,BUG,BUG,True,"VERDICT: BUG   REASON: removeAttr accesses the possibly null attributes field directly (attributes.remove(...)) without checking or lazy‑initializing it, causing a NullPointerException on nodes that have no attribute map."
Jsoup,10,5,BUG,BUG,True,"VERDICT: BUG   REASON: The no‑arg constructor initializes `attributes` to null, yet methods like `attr()`, `hasAttr()` and `removeAttr()` dereference `attributes` without a null check, leading to a NullPointerException if those methods are called on a Node created with the default constructor."
Jsoup,12,1,NO BUG,BUG,False,"VERDICT: BUG   REASON: In the group‑selector handling (`if (tq.matchChomp("",""))`), the inner `while (!tq.isEmpty())` loop calls `tq.chompTo("","")` without consuming the following comma, so after the first sub‑query the queue still starts with a comma, leading to an empty sub‑query and an endless loop for selectors containing more than two comma‑separated parts."
Jsoup,12,2,BUG,BUG,True,"VERDICT: BUG   REASON: The comma‑group handling (`if (tq.matchChomp("","")) { while (!tq.isEmpty()) { String subQuery = tq.chompTo("",""); … } }`) never consumes the delimiter after each sub‑query, so after the first sub‑selector the inner loop reads an empty query (or loops indefinitely) for selectors with more than two comma‑separated parts."
Jsoup,13,1,NO BUG,BUG,False,"VERDICT: BUG   REASON: The constructor initializes attributes to null (and childNodes to an immutable empty list), so subsequent calls to attr, hasAttr, removeAttr, etc., will throw NullPointerExceptions (or child‑manipulation methods will fail) because they assume a non‑null mutable Attributes/children list."
Jsoup,13,2,BUG,BUG,True,"VERDICT: BUG   REASON: The constructor leaves the `attributes` field null, yet methods like `attr`, `hasAttr`, `removeAttr`, and `attr(String,String)` access it without a null‑check, causing a NullPointerException."
Jsoup,13,5,BUG,NO BUG,False,"VERDICT: NO BUG   REASON: The shown methods correctly validate parameters and retrieve or modify attributes as specified, and the only atypical behavior (default constructor leaving fields null/empty) is explicitly documented and not a functional defect."
Jsoup,16,1,NO BUG,BUG,False,"VERDICT: BUG   REASON: The constructor stores `publicId` and `systemId` using `attr(...)` without null‑checking, but `Node.attr` (via `Attributes.put`) validates that attribute values are non‑null, so passing a null publicId or systemId (common for optional IDs) will throw an IllegalArgumentException at runtime."
Jsoup,16,2,BUG,BUG,True,"VERDICT: BUG   REASON: The `outerHtmlHead` method builds an invalid DOCTYPE by not surrounding the `systemId` with quotes (and omits the proper keyword), resulting in malformed markup."
Jsoup,16,5,BUG,BUG,True,"VERDICT: BUG REASON: The outerHtmlHead method hard‑codes “html” for the doctype name and mishandles the system identifier by omitting the leading quote (and “SYSTEM” keyword), producing malformed DOCTYPE markup."
Jsoup,17,1,NO BUG,BUG,False,"VERDICT: BUG   REASON: The token name “nofrmes” is misspelled; it should be “noframes”, causing the parser to mishandle `<noframes>` start tags in the AfterAfterFrameset state."
Jsoup,17,2,BUG,BUG,True,"VERDICT: BUG   REASON: The token check for the ""noframes"" start tag in the AfterAfterFrameset state misspells the tag name as ""nofrmes"", so a correct `<noframes>` tag will not be recognized and will be mishandled."
Jsoup,18,1,NO BUG,BUG,False,"VERDICT: BUG   REASON: `consumeAsString()` uses `input.substring(pos, pos++)`, so the start and end indices are equal, always returning an empty string while still advancing `pos`."
Jsoup,18,2,BUG,BUG,True,"VERDICT: BUG   REASON: consumeAsString() calls input.substring(pos, pos++) which passes the same start and end index (the original pos), always returning an empty string instead of the next character."
Jsoup,18,5,BUG,BUG,True,"VERDICT: BUG   REASON: The `consumeAsString` method always returns an empty string because it uses `data.substring(cursor, cursor++)` (both indices are equal), and `consumeToEnd` incorrectly omits the last character by using `data.length() - 1` as the end index, causing an off‑by‑one error."
Jsoup,19,1,NO BUG,BUG,False,"VERDICT: BUG REASON: isSafeAttribute only checks the “:all” wildcard when a tag has no attribute entries at all, so it fails to fall back to the global attribute list for tags that define some attributes but not the specific one being tested."
Jsoup,2,1,NO BUG,BUG,False,VERDICT: BUG   REASON: It determines the processing‑instruction flag by testing for ‘!’ (and chomps to “>” instead of
Jsoup,2,2,BUG,BUG,True,"VERDICT: BUG   REASON: In parseXmlDecl the code sets `procInstr` true for a '!' character (`firstChar.toString().equals(""!"")`) instead of for a '?' character, incorrectly classifying XML declarations and processing instructions."
Jsoup,2,5,BUG,BUG,True,"VERDICT: BUG   REASON: In `parseXmlDecl` the processing‑instruction flag is set using `firstChar.toString().equals(""!"")` instead of checking for `'?'`, causing XML declarations and processing instructions to be misidentified."
Jsoup,20,1,NO BUG,BUG,False,"VERDICT: BUG   REASON: The method unconditionally accesses docData.charAt(0) to strip a BOM, which throws StringIndexOutOfBoundsException if the input stream is empty (docData is an empty string)."
Jsoup,20,2,BUG,BUG,True,"VERDICT: BUG   REASON: The method’s comment says it should strip a UTF‑8 BOM before parsing, but the implementation never removes the BOM, which can cause incorrect parsing of documents that start with a BOM."
Jsoup,20,5,BUG,BUG,True,"VERDICT: BUG   REASON: The selector `meta[http-equiv=content-type]` is case‑sensitive, so it misses `<meta http-equiv=""Content-Type"">` tags and fails to detect the charset specified there."
Jsoup,21,1,NO BUG,NO BUG,True,"VERDICT: NO BUG   REASON: The constructors correctly initialize and combine evaluator lists, and the `matches` implementations properly implement logical AND and OR semantics without logical or runtime errors."
Jsoup,22,1,NO BUG,BUG,False,"VERDICT: BUG   REASON: firstElementSibling() fails to verify that the element has a parent and can return the element itself as its “first sibling,” causing a NullPointerException and violating the expected sibling semantics."
Jsoup,22,2,BUG,BUG,True,"VERDICT: BUG   REASON: The `siblingElements()` method returns `parent().children()`, which includes the element itself, violating its documentation that the element should not be included in the returned list."
Jsoup,22,5,BUG,BUG,True,"VERDICT: BUG   REASON: The `attr(String, String)` method does not invalidate the cached `classNames` set when the `""class""` attribute is changed, so subsequent calls to `classNames()` may return stale data."
Jsoup,23,1,NO BUG,BUG,False,"VERDICT: BUG   REASON: `consumeAsString()` uses `input.substring(pos, pos++)`, which passes the same index for start and end, always returning an empty string instead of the consumed character."
Jsoup,23,2,BUG,BUG,True,"VERDICT: BUG REASON: `consumeAsString` uses `input.substring(pos, pos++)`, which evaluates the end index before incrementing `pos`, resulting in start = end and always returning an empty string instead of the next character."
Jsoup,23,5,BUG,BUG,True,"VERDICT: BUG   REASON: `consumeAsString()` uses `source.substring(cursor, cursor++)`, so the start and end indices are the same before `cursor` increments, always returning an empty string while still advancing the cursor."
Jsoup,25,2,BUG,BUG,True,"VERDICT: BUG   REASON: In the static initializer the block‐tags loop registers tags without initializing their boolean flags (isBlock, formatAsBlock, canContainBlock, canContainInline), so block tags retain default false values and are incorrectly defined."
Jsoup,25,5,BUG,BUG,True,"VERDICT: BUG REASON: The code uses `String.toLowerCase()` without specifying a locale, making tag name normalization locale‑dependent and potentially corrupting tag handling in locales such as Turkish."
Jsoup,26,1,NO BUG,BUG,False,"VERDICT: BUG   REASON: isValid() invokes copySafeNodes(dirtyDocument.body(), …) without null‑checking the body, so documents lacking a <body> (e.g., frameset pages) cause a NullPointerException."
Jsoup,26,2,BUG,BUG,True,"VERDICT: BUG   REASON: copySafeNodes fails to handle DataNode children, discarding them (e.g., script/style content) even when the containing element is deemed safe, leading to lost data and incorrect validation."
Jsoup,26,5,BUG,BUG,True,"VERDICT: BUG   REASON: The `copySafeNodes` method ignores `DataNode` children, so any safe element that contains raw data (e.g., `<style>` or custom tags) loses its content during cleaning."
Jsoup,27,1,NO BUG,BUG,False,"VERDICT: BUG REASON: The code unconditionally accesses `docData.charAt(0)` without first checking that `docData` is non‑empty, causing a `StringIndexOutOfBoundsException` when parsing empty input."
Jsoup,27,2,BUG,BUG,True,"VERDICT: BUG   REASON: The code calls docData.charAt(0) without checking that docData is non‑empty, which throws an IndexOutOfBoundsException on empty input (e.g., when a charset is supplied)."
Jsoup,27,5,BUG,BUG,True,"VERDICT: BUG   REASON: The method unconditionally accesses content.charAt(0) even when content may be empty (e.g., an empty stream with a non‑null charset), leading to a StringIndexOutOfBoundsException."
Jsoup,28,2,BUG,BUG,True,"VERDICT: BUG   REASON: The `EscapeMode` enum constants are constructed with the static maps (`xhtmlByVal`, `baseByVal`, `fullByVal`) that are declared later and not yet initialized, so each constant’s `map` field ends up null, leading to NPEs when `getMap()` is used."
Jsoup,28,5,BUG,BUG,True,"VERDICT: BUG   REASON: The class includes a Javadoc comment for a “base entity” check but never implements the corresponding method (e.g., isBaseNamedEntity), leaving the API incomplete."
Jsoup,29,1,NO BUG,NO BUG,True,VERDICT: NO BUG   REASON: The provided methods correctly construct a shell document and retrieve the head and body elements without any compilation or logical errors.
Jsoup,29,2,BUG,NO BUG,False,"VERDICT: NO BUG   REASON: The Document constructor, createShell method, and head/body accessors are correctly implemented and use the existing findFirstElementByTagName utility, so no functional or compilation errors are present."
Jsoup,29,3,BUG,BUG,True,"VERDICT: BUG   REASON: The for‑loop in normaliseStructure uses “i <= elements.size()” instead of “i < elements.size()”, causing an IndexOutOfBoundsException when processing duplicate <head> or <body> elements."
Jsoup,3,1,NO BUG,BUG,False,"VERDICT: BUG REASON: The wrap method returns null when no wrap element is found (and later dereferences parentNode without a null‑check), violating its documented contract to return this and potentially causing a NullPointerException."
Jsoup,3,2,BUG,BUG,True,"VERDICT: BUG   REASON: The `wrap` method returns `null` when no wrapping element is found, violating its documented contract to return the element for chaining."
Jsoup,3,5,BUG,NO BUG,False,"VERDICT: NO BUG   REASON: The shown constructors and methods correctly handle tag initialization, attribute access, and parent traversal, adhering to the class’s contract without logical errors."
Jsoup,30,1,NO BUG,BUG,False,"VERDICT: BUG   REASON: The `isValid` method calls `copySafeNodes(dirtyDocument.body(), …)` without first checking if `dirtyDocument.body()` is null, which can cause a NullPointerException for frameset or otherwise body‑less documents."
Jsoup,30,2,BUG,BUG,True,"VERDICT: BUG   REASON: `isValid` unconditionally calls `copySafeNodes(dirtyDocument.body(), …)` without checking for a null body, causing a NullPointerException on documents (e.g., framesets) that lack a `<body>` element."
Jsoup,30,5,BUG,BUG,True,"VERDICT: BUG REASON: isValid calls copySafeNodes on dirtyDocument.body() without checking for null, causing a NullPointerException for documents that have no <body> (e.g., frameset documents)."
Jsoup,31,1,NO BUG,NO BUG,True,"VERDICT: NO BUG   REASON: The methods correctly manage attribute values, string representations, and token type checks without any evident logical or runtime errors."
Jsoup,31,2,BUG,BUG,True,"VERDICT: BUG   REASON: `StartTag.toString()` prepends a space before `attributes.toString()`, but `attributes.toString()` already starts with a space, causing double spaces in the rendered token string."
Jsoup,31,3,BUG,BUG,True,"VERDICT: BUG REASON: The `StartTag.toString()` method uses `""<"" - name()` instead of string concatenation (`""+""`), which is invalid and will cause a compilation error."
Jsoup,31,5,BUG,BUG,True,"VERDICT: BUG   REASON: The `name()` method calls `tagName.length()` without first ensuring `tagName` is non‑null, so invoking it before the tag name is set can trigger a NullPointerException."
Jsoup,32,1,NO BUG,BUG,False,"VERDICT: BUG   REASON: The html() method calls trim() on the accumulated string, stripping leading and trailing whitespace that should be part of the element’s inner HTML."
Jsoup,32,2,BUG,BUG,True,"VERDICT: BUG   REASON: The `html()` method calls `trim()` on the accumulated inner HTML, which unintentionally removes leading and trailing whitespace that should be preserved."
Jsoup,32,5,BUG,BUG,True,"VERDICT: BUG   REASON: The attr method does not invalidate the cached classSet when the `""class""` attribute is modified, so subsequent calls that rely on the cached class names may return stale data."
Jsoup,34,2,BUG,BUG,True,"VERDICT: BUG   REASON: The `nextIndexOf(CharSequence seq)` method can read past the end of the input array when the remaining characters are fewer than the sequence length, because it doesn't verify that enough characters remain before accessing `input[i]`, leading"
Jsoup,34,5,BUG,BUG,True,"VERDICT: BUG   REASON: The `nextIndexOf(CharSequence)` method can read past the end of the `data` array (e.g., when the remaining characters are fewer than the sequence length but the first character matches), causing an `ArrayIndexOutOfBoundsException`."
Jsoup,35,1,NO BUG,BUG,False,"VERDICT: BUG   REASON: The condition `if (!tb.inScope(""name""))` incorrectly uses the literal string ""name"" instead of the variable `name`, causing the handling of end tags for `<applet>`, `<marquee>`, and `<object>` to be skipped or executed improperly."
Jsoup,35,2,BUG,BUG,True,"VERDICT: BUG   REASON: The code mistakenly calls `tb.inScope(""name"")` with the literal string instead of the variable `name`, causing incorrect scope checking for “applet”, “marquee”, and “object” end tags."
Jsoup,35,5,BUG,BUG,True,"VERDICT: BUG   REASON: In the `BeforeHtml` state, end‑tag tokens whose names are not “head”, “body”, “html”, or “br” trigger `treeBuilder.error(this); return false;` instead of falling through to the “anything else” handling, causing premature parsing abort contrary to the HTML spec."
Jsoup,36,1,NO BUG,NO BUG,True,"VERDICT: NO BUG   REASON: The load methods correctly read the input into a ByteBuffer, delegate parsing, and manage the FileInputStream’s closure as documented, without any logical errors."
Jsoup,36,2,BUG,NO BUG,False,"VERDICT: NO BUG   REASON: The methods correctly open, read, and (when appropriate) close resources, and follow their documented contract without any evident logical errors."
Jsoup,37,1,NO BUG,BUG,False,"VERDICT: BUG   REASON: The `html()` method trims the inner HTML when pretty‑print is enabled, unintentionally stripping leading or trailing whitespace that may be significant (e.g., in `<pre>` or other elements)."
Jsoup,37,2,BUG,BUG,True,"VERDICT: BUG   REASON: The `html()` method trims the generated inner HTML (`return accum.toString().trim();`), unintentionally removing leading or trailing whitespace that should be preserved in the element’s inner HTML."
Jsoup,37,5,BUG,BUG,True,"VERDICT: BUG   REASON: The overridden `attr(String, String)` method simply delegates to `super.attr` and returns `this`, but it fails to clear the cached `classSet` when the `""class""` attribute is changed, leaving class‑name related methods (e.g., `classNames()`) with stale data."
Jsoup,39,2,BUG,BUG,True,"VERDICT: BUG   REASON: The UTF‑8 BOM is removed after the document may already have been parsed, and the code only reparses when doc is null, so a leading BOM character can remain in the returned Document."
Jsoup,4,1,NO BUG,BUG,False,"VERDICT: BUG   REASON: The check `if (charval != -1 || charval > 0xFFFF)` mistakenly treats any parsed value (including out‑of‑range code points) as valid, leading to incorrect truncation of characters above 0xFFFF during unescaping."
Jsoup,4,2,BUG,BUG,True,"VERDICT: BUG REASON: The unescape method uses `if (charval != -1 || charval > 0xFFFF)` which incorrectly treats out‑of‑range code points as valid and casts them to `char`, causing wrong replacements; the condition should use `&&` (and also handle surrogate pairs)."
Jsoup,4,5,BUG,BUG,True,"VERDICT: BUG REASON: The unescape method’s condition `if (code != -1 || code > 0xFFFF)` incorrectly uses logical OR and then casts the code to a `char`, causing all valid numeric entities—including those with code points > 0xFFFF—to be replaced with a truncated 16‑bit character instead of the correct Unicode character."
Jsoup,40,1,NO BUG,BUG,False,"VERDICT: BUG   REASON: The `outerHtmlHead` method omits the required “SYSTEM” keyword when a system identifier is present without a public identifier, producing an invalid DOCTYPE declaration."
Jsoup,40,2,BUG,BUG,True,"VERDICT: BUG   REASON: The outerHtmlHead method omits the required ""SYSTEM"" keyword when a systemId is present without a publicId, resulting in malformed DOCTYPE output."
Jsoup,40,5,BUG,BUG,True,"VERDICT: BUG REASON: The `outerHtmlHead` method omits the required “SYSTEM” keyword when only a system identifier is present, yielding an invalid DOCTYPE string."
Jsoup,41,1,NO BUG,NO BUG,True,"VERDICT: NO BUG   REASON: The methods correctly handle tag closing, pretty‑print indentation, inner HTML extraction, equality, hashing, and cloning without logical or null‑pointer errors."
Jsoup,41,2,BUG,BUG,True,"VERDICT: BUG   REASON: The `equals` method erroneously returns `this == o` after the super check, making it true only for the same instance and ignoring actual content or tag comparisons, thus always reporting unequal for distinct but equal `Element` objects."
Jsoup,41,3,BUG,BUG,True,"VERDICT: BUG   REASON: The `indexInList` method iterates with `i <= elements.size()` and calls `elements.get(i)`, which will throw an `IndexOutOfBoundsException` when `i` equals the list size."
Jsoup,41,5,BUG,NO BUG,False,"VERDICT: NO BUG   REASON: The constructors and methods (`nodeName`, `tagName`, `tagName(String)`, `tag`, `isBlock`, `id`, and `attr`) correctly manage the element’s tag and attributes without any logical or runtime errors in the shown code."
Jsoup,42,1,NO BUG,BUG,False,"VERDICT: BUG   REASON: The `submit()` method treats an empty `action` attribute as valid (uses `hasAttr(""action"")`), then calls `absUrl(""action"")` which returns an empty string, causing `Validate.notEmpty` to throw an exception even though HTML specifies that an empty action should default to the form’s own URL."
Jsoup,42,2,BUG,BUG,True,"VERDICT: BUG   REASON: formData() fails to skip elements with a “disabled” attribute (and also applies a default first‑option fallback for all selects, even those with the “multiple” attribute), causing disabled or multi‑select controls to be erroneously included in the submitted data."
Jsoup,42,5,BUG,BUG,True,"VERDICT: BUG   REASON: submit() throws an exception when the form's action attribute is present but empty, even though an empty action should resolve to the document’s URL."
Jsoup,43,1,NO BUG,BUG,False,"VERDICT: BUG   REASON: firstElementSibling (and likewise lastElementSibling) invoke parent().children() without a null‑parent check, causing a NullPointerException when called on an element that has no parent (e.g., the root element)."
Jsoup,43,2,BUG,BUG,True,"VERDICT: BUG REASON: firstElementSibling() and lastElementSibling() incorrectly return null when the element is the only child (siblings.size() == 1), violating their documented contract to return the parent's first/last element child."
Jsoup,43,5,BUG,NO BUG,False,"VERDICT: NO BUG   REASON: The shown Element class correctly validates parameters, updates its tag and attributes, and follows the expected jsoup implementation without any evident errors."
Jsoup,44,1,NO BUG,NO BUG,True,"VERDICT: NO BUG   REASON: The code follows the original jsoup TreeBuilder logic correctly, handling token recycling and EOF detection without any logical errors."
Jsoup,44,2,BUG,BUG,True,"VERDICT: BUG   REASON: `runParser()` never assigns the parsed token to the `currentToken` field, so error‑tracking mechanisms that rely on this field will lack the correct token context."
Jsoup,45,1,NO BUG,BUG,False,"VERDICT: BUG   REASON: In resetInsertionMode() the expression `(""td"".equals(name) || ""th"".equals(name) && !last)` lacks proper parentheses, so the `!last` guard applies only to ""th"", causing an incorrect transition to InCell for a ""td"" even when it is the context element."
Jsoup,45,2,BUG,BUG,True,"VERDICT: BUG   REASON: The resetInsertionMode method incorrectly checks for table cells using `(""td"".equals(name) || ""td"".equals(name) && !last)`, duplicating the check for `""td""` and omitting `""th""`, so a `<th>` element will never trigger the transition to InCell as required by the HTML parsing algorithm."
Jsoup,45,5,BUG,BUG,True,"VERDICT: BUG   REASON: In parseFragment the code transitions the tokeniser to TokeniserState.Data for a “plaintext” context instead of the required TokeniserState.PLAINTEXT, causing markup inside a plaintext element to be parsed as tags rather than raw text."
Jsoup,48,1,NO BUG,BUG,False,"VERDICT: BUG   REASON: In the multipart handling of writePost, the code never writes the final “--<boundary>--” terminator, so multipart/form‑data bodies are sent incomplete and malformed."
Jsoup,48,2,BUG,BUG,True,"VERDICT: BUG   REASON: processResponseHeaders only keeps values.get(0) for non‑Set‑Cookie headers instead of concatenating all values with commas, discarding duplicate header values."
Jsoup,48,5,BUG,BUG,True,"VERDICT: BUG   REASON: The `connect(URL url)` overload fails to validate that the supplied URL is non‑null, allowing a null to propagate to `req.url(null)` and later cause a NullPointerException during request execution."
Jsoup,49,1,NO BUG,BUG,False,"VERDICT: BUG   REASON: In siblingNodes() the code initializes a new ArrayList with nodes.size() – 1, which throws an IllegalArgumentException when the parent’s child list is empty (size 0), causing a runtime error."
Jsoup,49,2,BUG,BUG,True,"VERDICT: BUG REASON: The addChildren(Node... children) method lacks a null‑element check, so passing a null child causes a NullPointerException when reparentChild(null) is invoked."
Jsoup,49,5,BUG,BUG,True,"VERDICT: BUG   REASON: `hasAttr` checks the “abs:” prefix with a case‑sensitive `startsWith`, whereas `attr` uses a case‑insensitive `toLowerCase().startsWith`, causing inconsistent behavior for absolute‑URL attribute queries."
Jsoup,50,1,NO BUG,BUG,False,"VERDICT: BUG   REASON: The method `parseByteData` unconditionally calls `byteData.get(bom)` to read 4 BOM bytes, which throws a `BufferUnderflowException` when the input ByteBuffer has fewer than four bytes (e.g., empty or very short files)."
Jsoup,50,2,BUG,BUG,True,"VERDICT: BUG   REASON: BOM detection is done after re‑decoding with a meta‑specified charset, so the initial UTF‑8 BOM is misinterpreted and never recognized when the meta charset differs from the default, leading to incorrect charset handling."
Jsoup,53,2,BUG,BUG,True,VERDICT: BUG   REASON: `
Jsoup,54,1,NO BUG,BUG,False,"VERDICT: BUG   REASON: The `namespaces` map is updated on entering each element but never restored on exit, so namespace declarations are not scoped per element and later siblings can receive the wrong namespace after a nested element redefines it."
Jsoup,54,2,BUG,BUG,True,"VERDICT: BUG   REASON: The builder copies xmlns declarations as regular attributes via setAttribute, which is illegal in the W3C DOM (xmlns and xmlns:prefix must be set in the XMLNS namespace) and leads to a DOMException / incorrect namespace handling."
Jsoup,55,1,NO BUG,BUG,False,"VERDICT: BUG   REASON: In the `CommentStart` state the default case only appends the character to the comment data and fails to transition to the `Comment` state, causing the tokenizer to remain in the wrong state and mishandle comment parsing."
Jsoup,55,2,BUG,BUG,True,"VERDICT: BUG   REASON: In the SelfClosingStartTag state the default branch consumes the next character but does not `r.unconsume()` before transitioning to BeforeAttributeName, causing that character (potentially the start of an attribute name) to be dropped contrary to the HTML spec."
Jsoup,55,5,BUG,BUG,True,"VERDICT: BUG REASON: In the Data state the code incorrectly emits the original null character (`reader.consume()`) instead of the required Unicode replacement character, violating the HTML5 tokenisation specification."
Jsoup,56,1,NO BUG,BUG,False,"VERDICT: BUG REASON: The line `import org.jsoup.nodes.Document.OutputSettings.*;` is an illegal import (wildcards can only follow a package name or be used with `static`), so the `Syntax` enum isn’t imported and the code fails to compile."
Jsoup,56,2,BUG,BUG,True,"VERDICT: BUG   REASON: The `outerHtmlHead` method fails to prepend the `""SYSTEM""` keyword when only a systemId is present, yielding an invalid DOCTYPE declaration."
Jsoup,56,5,BUG,BUG,True,"VERDICT: BUG   REASON: The statement `import org.jsoup.nodes.Document.OutputSettings.*;` is an illegal non‑static wildcard import of a nested class, causing a compilation error (the `Syntax` enum is not imported correctly)."
Jsoup,57,1,NO BUG,BUG,False,"VERDICT: BUG   REASON: The `addAll(Attributes incoming)` method does not check for a null `incoming` argument, so calling it with null will throw a NullPointerException."
Jsoup,57,2,BUG,BUG,True,"VERDICT: BUG   REASON: `removeIgnoreCase` removes entries from the map while iterating over its key set using `attributes.remove(attrKey)`, which triggers a `ConcurrentModificationException` instead of safely removing via the iterator."
Jsoup,58,1,NO BUG,NO BUG,True,"VERDICT: NO BUG   REASON: The clean, overloads, and isValid methods correctly parse, sanitize, apply output settings, and return the body fragment without any logical or implementation errors."
Jsoup,58,2,BUG,NO BUG,False,"VERDICT: NO BUG   REASON: The overloads correctly delegate to the core cleaning logic, handle output settings appropriately, and there are no null‑pointer or logic errors in the shown code."
Jsoup,59,1,NO BUG,BUG,False,"VERDICT: BUG   REASON: The code lower‑cases tag names with `name.toLowerCase()` (line 145), which depends on the default locale and can mis‑normalize ASCII tag names in locales like Turkish, causing incorrect case‑insensitive tag handling."
Jsoup,59,2,BUG,BUG,True,"VERDICT: BUG   REASON: The tag name is lower‑cased with `String.toLowerCase()` (line 143) which uses the default locale, causing incorrect normalization (e.g., in Turkish locale) and potentially breaking tag matching."
Jsoup,6,1,NO BUG,BUG,False,"VERDICT: BUG   REASON: The unescape method's condition `if (charval != -1 || charval > 0xFFFF)` (combined with casting to `char`) erroneously treats any found entity as valid and truncates Unicode code points above 0xFFFF, causing incorrect unescaping of out‑of‑range characters."
Jsoup,6,2,BUG,BUG,True,"VERDICT: BUG   REASON: The unescape method’s condition uses `if (charval != -1 || charval > 0xFFFF)` and then casts the code point to a `char`, so numeric entities above 0xFFFF are always replaced with a truncated character, incorrectly handling out‑of‑range Unicode values."
Jsoup,6,5,BUG,BUG,True,"VERDICT: BUG   REASON: The unescape method replaces any parsed code point (including those > 0xFFFF) using a single `char` cast due to the erroneous `if (codePoint != -1 || codePoint > 0xFFFF)` condition, which should check for valid range with `&&` and handle surrogate pairs via `Character.toChars`."
Jsoup,60,1,NO BUG,BUG,False,"VERDICT: BUG   REASON: `chompToIgnoreCase` calls the case‑sensitive `matchChomp(seq)` after a case‑insensitive scan, so it fails to consume the trailing sequence when its case differs."
Jsoup,60,2,BUG,BUG,True,"VERDICT: BUG   REASON: `chompToIgnoreCase` calls `matchChomp(seq)`, which performs a case‑sensitive match, so the trailing sequence is not consumed when its case differs, breaking the intended case‑insensitive behavior."
Jsoup,61,1,NO BUG,BUG,False,"VERDICT: BUG   REASON: The hasClass method fails to check that its className parameter is non‑null before calling className.length(), so calling it with a null argument throws a NullPointerException."
Jsoup,61,2,BUG,BUG,True,"VERDICT: BUG   REASON: The `data()` method incorrectly appends comment text, but Jsoup’s `Element.data()` is intended to return only the element’s data nodes (ignoring comments)."
Jsoup,61,5,BUG,NO BUG,False,"VERDICT: NO BUG   REASON: The shown constructors, field initialization, and methods correctly handle tag validation, assignment, and behavior without logical errors."
Jsoup,62,1,NO BUG,BUG,False,"VERDICT: BUG   REASON: The code mistakenly uses the literal string `""name""` in `tb.inScope(""name"")` instead of the variable `name`, leading to incorrect scope checks for end tags like `<applet>` when a `<name>` element is present."
Jsoup,62,2,BUG,BUG,True,"VERDICT: BUG REASON: The code mistakenly checks tb.inScope(""name"") using a literal string instead of the variable name, leading to incorrect scope handling for those end tags."
Jsoup,64,1,NO BUG,BUG,False,"VERDICT: BUG   REASON: In the AfterAfterFrameset state, Doctype and whitespace tokens are incorrectly handled by delegating to InBody instead of being ignored (per the HTML spec only the “html” start tag should be processed in InBody)."
Jsoup,64,2,BUG,BUG,True,"VERDICT: BUG   REASON: In the AfterAfterFrameset state the code incorrectly forwards DOCTYPE and whitespace tokens to InBody instead of ignoring them as required by the HTML spec, which can insert unwanted nodes or cause parse errors."
Jsoup,65,1,NO BUG,BUG,False,"VERDICT: BUG   REASON: The expression `(""td"".equals(name) || ""th"".equals(name) && !last)` missing parentheses makes `!last` apply only to “th”, so a “td” element at the bottom of the stack (when `last` is true) incorrectly triggers the InCell mode."
Jsoup,65,2,BUG,BUG,True,"VERDICT: BUG REASON: The `aboveOnStack` method unconditionally returns `stack.get(pos‑1)` after finding the element, which throws an `IndexOutOfBoundsException` when the element is at the bottom of the stack (pos = 0)."
Jsoup,65,5,BUG,BUG,True,"VERDICT: BUG   REASON: The fragment parser incorrectly sets the tokeniser to TokeniserState.Data for a ""plaintext"" context instead of the required TokeniserState.PLAINTEXT, leading to wrong parsing of plaintext content."
Jsoup,66,2,BUG,NO BUG,False,"VERDICT: NO BUG   REASON: All constructors validate parameters, lazily initialize mutable fields (child nodes and attributes), and the methods correctly handle null/empty cases without logical errors."
Jsoup,67,1,NO BUG,BUG,False,"VERDICT: BUG   REASON: The static array is declared as `TagsSearchInScope` (note the extra “s”), but the rest of the class (and the Jsoup spec) expects a field named `TagSearchInScope`, leading to a name mismatch that will cause compilation errors or incorrect scope checks."
Jsoup,67,2,BUG,BUG,True,"VERDICT: BUG   REASON: The constant is misspelled as `TagsSearchInScope` instead of the expected `TagSearchInScope`, which will cause compilation errors wherever the correctly named constant is referenced."
Jsoup,67,5,BUG,BUG,True,"VERDICT: BUG   REASON: In parseFragment the `<plaintext>` case incorrectly sets the tokeniser to TokeniserState.Data instead of the required TokeniserState.PLAINTEXT, causing plaintext content to be tokenized as normal HTML."
Jsoup,68,2,BUG,BUG,True,"VERDICT: BUG   REASON: The constant array is declared as `TagsSearchInScope` instead of the expected `TagSearchInScope`, causing mismatched references and compilation errors when the parser checks for tags in scope."
Jsoup,69,2,BUG,BUG,True,"VERDICT: BUG   REASON: The formData() method always adds the first <option> as a fallback when none are selected, even for `<select multiple>` elements where the HTML spec requires that no value be submitted if no options are selected."
Jsoup,69,5,BUG,BUG,True,"VERDICT: BUG   REASON: The code adds the first option of a `<select>` element as a value when none are selected, even for `<select multiple>` controls where no value should be submitted."
Jsoup,7,1,NO BUG,NO BUG,True,"VERDICT: NO BUG   REASON: The Document constructor, createShell method, and head/body accessors are correctly implemented and compile without logical errors."
