project,bug_id,tier,expected,verdict,correct,response
black,1,1,NO BUG,NO BUG,True,"VERDICT: NO BUG REASON: This code matches the standard black implementation; the cache read/write logic, stdin handling (""-"" check), executor fallback, and Windows worker-count workaround are all consistent and behave correctly (the cache condition on lines 603-605 correctly skips rewriting the cache only for cached files in YES mode and records unchanged files in CHECK mode)."
black,1,2,BUG,BUG,True,"VERDICT: BUG REASON: On line 675, `format_file_in_place` is called positionally with the arguments `src, fast, mode, write_back, lock`, but its parameter order is `(src, fast, write_back, mode, lock)` (as shown by the keyword usage on line 600), so `mode` and `write_back` are swapped, causing the wrong write-back behavior and mode to be applied."
black,1,3,BUG,NO BUG,False,"VERDICT: NO BUG REASON: This code faithfully matches Black's string-splitting implementation (f-prefix handling, custom-split fallback, and break-index calculations are all consistent with the original logic and each other)."
black,10,2,BUG,NO BUG,False,"VERDICT: NO BUG REASON: The code matches the upstream CPython/blib2to3 `driver.py` implementation, and the DEDENT prefix-splitting logic in `_partially_consume_prefix` (including the `current_column < column` check, tab-width handling, and partial-line carryover) is internally consistent and correct."
black,10,3,BUG,BUG,True,"VERDICT: BUG REASON: Line 75 uses `prefix - value`, which attempts string subtraction (an unsupported operation in Python) and should be `prefix + value` as in the original code, causing a TypeError whenever an INDENT token is processed."
black,10,4,BUG,BUG,True,"VERDICT: BUG  REASON: Line 75 (`_prefix = prefix - value`) attempts to subtract one string from another, which is unsupported in Python and would raise a TypeError when an INDENT token is processed (it should be something like `prefix[len(value):]`), whereas the original CPython pgen code slices the prefix instead."
black,11,1,NO BUG,BUG,False,"VERDICT: BUG REASON: On line 2147, the fallback call `right_hand_split(line, py36)` omits the required `line_length` argument (which is passed at line 2139), so the boolean `py36` would be bound to the `line_length` parameter."
black,12,1,NO BUG,NO BUG,True,"VERDICT: NO BUG REASON: This code matches Black's actual `BracketTracker.mark()` implementation, correctly tracking bracket depth, matching opening/closing pairs, and recording delimiters at depth 0 in the proper order."
black,12,2,BUG,NO BUG,False,"VERDICT: NO BUG REASON: This code matches the original black.py implementation of `BracketTracker.mark`, correctly handling closing/opening bracket depth tracking, delimiter marking at depth 0, and for-loop/lambda argument bookkeeping."
black,12,4,BUG,NO BUG,False,"VERDICT: NO BUG REASON: The code matches Black's actual implementation of numeric literal normalization, string quote handling, and invisible-paren normalization, with no logically incorrect or behavior-changing deviations (e.g., the `""3_""` format spec is equivalent to `""3_d""` for integers)."
black,13,1,NO BUG,NO BUG,True,"VERDICT: NO BUG REASON: This code matches the original blib2to3/pgen2/tokenize.py implementation from the Black project, and its logic for handling numbers, newlines, comments, strings, async/await stashing, line continuations, operators, and final DEDENT/ENDMARKER emission is consistent and correct."
black,14,1,NO BUG,NO BUG,True,"VERDICT: NO BUG REASON: The shown lines are just imports, constants, and type definitions that match the original black.py source and contain no logical errors."
black,14,2,BUG,NO BUG,False,"VERDICT: NO BUG REASON: These lines are standard imports, constants, and type definitions from Black 18.6b4, and writing the `out`/`err` message helpers to stderr via `click.secho(..., err=True)` is intentional so that stdout stays clean, so there is no bug in this excerpt."
black,14,3,BUG,NO BUG,False,"VERDICT: NO BUG REASON: This code matches the standard Black formatter implementation (line generation loop, encoding detection, grammar fallback parsing, and visitor classes are all consistent and logically correct)."
black,14,4,BUG,NO BUG,False,"VERDICT: NO BUG REASON: This code matches the actual Black formatter source and is functionally correct — the `for...else` in `lib2to3_parse` only raises `exc` after a ParseError guarantees it's bound, `decode_bytes` correctly detects CRLF vs LF newlines, and the visitor logic handles both Leaf and Node types properly."
black,15,1,NO BUG,NO BUG,True,"VERDICT: NO BUG REASON: The shown lines are only imports, constants, and type/exception definitions that match Black's actual 18.6b2 source and contain no logic errors."
black,15,2,BUG,NO BUG,False,"VERDICT: NO BUG REASON: The shown lines contain only imports, constants, type aliases, and exception class definitions, all of which are syntactically and semantically correct."
black,15,3,BUG,NO BUG,False,"VERDICT: NO BUG REASON: This code faithfully matches the upstream Black implementation—`decode_bytes`, `lib2to3_parse` (with its grammar fallback loop and `for...else` error raising), the `Visitor` dispatch via `getattr`, and `DebugVisitor`'s depth tracking all behave correctly."
black,15,4,BUG,NO BUG,False,"VERDICT: NO BUG REASON: This code matches the original Black source: `decode_bytes` correctly detects the newline style, `lib2to3_parse` correctly falls through the grammar alternatives using the for-else construct with a defined `exc`, and the Visitor/DebugVisitor implementations recurse over children properly."
black,2,2,BUG,NO BUG,False,"VERDICT: NO BUG REASON: This code matches Black's actual implementation; the `fmt: off/on` pair-conversion logic (including `previous_consumed` tracking and standalone-comment checks), the ignored-node generation, and the paren-invisibility handling all correctly mirror the well-tested upstream behavior."
black,2,3,BUG,NO BUG,False,"VERDICT: NO BUG REASON: This code matches the upstream Black implementation (f-string/numeric-underscore/positional-only/assignment-expression detection, target version detection via feature subsets, and trailer omission logic are all faithful to the original), with no logic alterations introduced."
black,2,4,BUG,NO BUG,False,"VERDICT: NO BUG REASON: The code faithfully reproduces the original black implementation (f-string prefix detection, feature collection, trailer omission, and future-import logic all match the upstream semantics with no modifications)."
black,3,1,NO BUG,NO BUG,True,"VERDICT: NO BUG REASON: This code matches black's actual CLI implementation; the decorator options, parameter names, and logic (config handling, --py36 deprecation, target version resolution, regex compilation with error handling) are all internally consistent and correct."
black,3,2,BUG,NO BUG,False,"VERDICT: NO BUG REASON: This code correctly implements black's CLI configuration handling (mutually exclusive --target-version/--py36 with proper error and deprecation handling, mode construction, and regex validation), matching the upstream black source without any logical errors."
black,4,1,NO BUG,NO BUG,True,"VERDICT: NO BUG REASON: This code matches the standard upstream implementation of Black's `EmptyLineTracker` (and the surrounding `Line` methods) exactly, including the correct handling of newlines before/after definitions, imports, decorators, and docstrings."
black,4,2,BUG,NO BUG,False,"VERDICT: NO BUG REASON: This code matches the actual implementation of black's `Line.is_complex_subscript`, `Line.__str__`, `Line.__bool__`, and `EmptyLineTracker._maybe_empty_lines` (including correct prefix newline consumption, depth-based empty-line rules, and `previous_defs` popping logic) with no logic errors."
black,4,4,BUG,BUG,True,"VERDICT: BUG REASON: In `detect_target_versions`, the strict subset comparison `features < VERSION_TO_FEATURES[version]` incorrectly excludes target versions whose supported feature set exactly equals the features used (e.g., a file using only f-strings would not match versions that support exactly f-strings); black's actual code uses the non-strict `<=` to test that all used features are supported."
black,5,1,NO BUG,NO BUG,True,"VERDICT: NO BUG REASON: This code matches the actual Black formatter implementation, and the logic (removing trailing commas safely, handling RBRACE/RSQB/import cases, counting commas to avoid changing tuple semantics, and relocating comments on removal) is internally consistent and correct."
black,5,2,BUG,NO BUG,False,"VERDICT: NO BUG REASON: This code matches the genuine implementation of Black's `Line` class methods (`maybe_remove_trailing_comma`, `append_comment`, `remove_trailing_comma`, etc.), with correct handling of trailing commas, bracket depths, comment reattachment, and tuple-safety checks."
black,5,4,BUG,NO BUG,False,"VERDICT: NO BUG REASON: This code matches Black's actual implementation of `get_features_used`, `detect_target_versions`, and `generate_trailers_to_omit`, including the `index > 0` guard that prevents negative indexing on `line.leaves`, so the logic is correct."
black,6,1,NO BUG,NO BUG,True,"VERDICT: NO BUG REASON: This snippet consists only of imports, constants, type aliases, and straightforward enum/exception definitions that match Black's intended behavior (including deliberately writing both `out` and `err` to stderr), with no logic errors present."
black,6,2,BUG,NO BUG,False,"VERDICT: NO BUG REASON: This code matches Black 19.3b0's actual implementation — the `out`/`err` helpers, type aliases, and `WriteBack.from_configuration` logic (which correctly prioritizes diff over check) are all consistent with the original and contain no defects."
black,6,3,BUG,BUG,True,"VERDICT: BUG REASON: `detect_target_versions` uses a strict subset comparison (`features < VERSION_TO_FEATURES[version]`) instead of the correct subset-or-equal comparison (`features <= VERSION_TO_FEATURES[version]`), so any target version whose supported feature set exactly matches the features used in the file would be incorrectly excluded."
black,6,4,BUG,BUG,True,"VERDICT: BUG REASON: In `detect_target_versions`, the comparison `features < VERSION_TO_FEATURES[version]` (proper subset) is incorrect — it should be `features <= VERSION_TO_FEATURES[version]`, since a version supporting exactly the used features (or an empty feature set compared against an empty supported set) must still be included, but the strict subset operator wrongly excludes it."
black,7,1,NO BUG,NO BUG,True,"VERDICT: NO BUG REASON: This code matches Black's actual implementation—numeric literal normalization (lowercase, hex uppercase, exponent/complex/long handling), float formatting, and invisible-paren insertion logic are all consistent and correct."
black,7,2,BUG,NO BUG,False,"VERDICT: NO BUG REASON: The code faithfully reproduces black's original logic for normalizing numeric literals, formatting float strings, and handling invisible parentheses and fmt: off/on comment conversion, with no deviations from the expected behavior."
black,7,4,BUG,NO BUG,False,"VERDICT: NO BUG REASON: This code is a faithful reproduction of the corresponding sections of Black's own source code, and the logic—including delimiter priority handling, feature detection, cumulative trailer omission, and version detection via feature subset comparison—is internally consistent and correct."
black,8,1,NO BUG,NO BUG,True,"VERDICT: NO BUG REASON: This code matches Black's actual implementation—bracket validation, comma insertion logic (including STANDALONE_COMMENT handling), and delimiter priority checks are all correct and internally consistent."
black,8,2,BUG,BUG,True,"VERDICT: BUG REASON: In `bracket_split_succeeded_or_raise`, the thresholds are wrong — the original black code checks `tail_len == 2` (a bare closing bracket like `),`) for ""produced the same line"" and `tail_len < 5` for ""not worth it"", but this version uses `tail_len == 0` and `tail_len < 3`, so empty-body splits with tails of length 3–4 (e.g. `), x`) are incorrectly accepted instead of raising `CannotSplit`."
black,8,3,BUG,BUG,True,"VERDICT: BUG REASON: Line 3087 uses a strict subset comparison (`features < VERSION_TO_FEATURES[version]`) instead of the correct non-strict subset (`<=`), so a target version whose feature set exactly matches the features used in the file would be incorrectly excluded (e.g., a file using only f-strings would no longer detect PY36 as a valid target version)."
black,8,4,BUG,BUG,True,"VERDICT: BUG REASON: In `detect_target_versions`, the comparison `features < VERSION_TO_FEATURES[version]` should be `features <= VERSION_TO_FEATURES[version]` (as in upstream black), since a target version whose supported feature set exactly equals the features used still supports everything in the file, and the strict subset check wrongly excludes it."
black,9,1,NO BUG,NO BUG,True,"VERDICT: NO BUG REASON: This code is a faithful copy of the actual black formatter's source (format_str, decode_bytes, grammar selection, and lib2to3 parsing helpers) and its logic—empty-line tracking, encoding detection, grammar fallback via for/else, and error wrapping—is internally consistent and correct."
black,9,2,BUG,NO BUG,False,"VERDICT: NO BUG REASON: This code matches the actual Black formatter source and is functionally correct (the ""# Python 2-compatible code"" comment in `get_grammars` is misleadingly worded, but the grammar selection logic itself is correct)."
black,9,3,BUG,BUG,True,"VERDICT: BUG REASON: In `detect_target_versions`, the comparison `features < VERSION_TO_FEATURES[version]` should be `<=` (as in the original Black source); using a strict subset means any file whose used features exactly equal a target version's supported feature set will incorrectly have that version excluded from the detected target versions."
black,9,4,BUG,BUG,True,"VERDICT: BUG REASON: In `detect_target_versions`, the strict subset comparison `features < VERSION_TO_FEATURES[version]` incorrectly excludes a target version when the file's used-feature set exactly equals that version's supported features (it should be `features <= VERSION_TO_FEATURES[version]`), so e.g. a file using all of f-strings, numeric underscores, and trailing commas would wrongly fail to target the version that supports exactly those features."
pandas,1,1,NO BUG,NO BUG,True,"VERDICT: NO BUG REASON: The shown functions (`is_categorical_dtype`, `is_string_dtype`, `is_dtype_equal`) match the expected pandas logic — the ExtensionDtype fastpath, the exclusion of period/interval/categorical object dtypes from string checks, and the exception-guarded dtype equality comparison are all consistent with correct behavior."
pandas,1,2,BUG,NO BUG,False,"VERDICT: NO BUG REASON: The shown code (is_categorical_dtype, is_string_dtype, is_dtype_equal, is_any_int_dtype) matches the actual pandas implementation and contains no logic errors — the ExtensionDtype fastpath, string-dtype exclusion checks, and exception handling in is_dtype_equal are all correct."
pandas,1,3,BUG,NO BUG,False,"VERDICT: NO BUG REASON: This code matches the actual pandas implementation — the `ensure_int_or_float` fallback logic (safe-casting to int64, then uint64, then float64 with extension-array handling) and the other helpers behave correctly as intended, with only a minor cosmetic issue in the type annotation (`np.array` instead of `np.ndarray`) that has no runtime effect."
pandas,1,4,BUG,NO BUG,False,"VERDICT: NO BUG REASON: This code matches pandas' actual implementation—the functions correctly handle dtype casting with safe casting fallbacks, scalar validation with appropriate error wrapping, and dtype-checking predicates, with no logical errors present."
pandas,10,1,NO BUG,NO BUG,True,"VERDICT: NO BUG REASON: This code matches the genuine pandas `ExtensionBlock` implementation (ndim inference from placement length, single-item iget/set semantics, and putmask masking logic are all consistent with the upstream source and each other)."
pandas,10,2,BUG,NO BUG,False,"VERDICT: NO BUG REASON: This code matches the actual pandas `ExtensionBlock` implementation (shape handling, iget, set, putmask, and the ndim/mgr_locs assertions are all consistent with the upstream source)."
pandas,11,1,NO BUG,NO BUG,True,"VERDICT: NO BUG REASON: The shown lines match the correct upstream pandas implementation of `_make_concat_multiindex` (level/codes computation, integrity checks, and MultiIndex construction are all consistent and correct), and the code is merely truncated before the function's final lines."
pandas,11,2,BUG,NO BUG,False,"VERDICT: NO BUG REASON: This code matches the actual pandas implementation of `_make_concat_multiindex` and the surrounding concat logic, correctly handling both differing and identical indexes, key/level mapping, names consensus, and MultiIndex construction without error."
pandas,11,3,BUG,NO BUG,False,"VERDICT: NO BUG REASON: This code matches the actual pandas implementation of `Concat.__init__`/`get_result` — the axis handling (`self.axis = 1 + self.bm_axis if self._is_frame else 0`), mixed-ndim promotion, and block-manager reindexing logic (`obj_labels.reindex(new_labels)[1]`, which returns the indexer tuple element just like `get_indexer`) are all consistent with the intended behavior."
pandas,11,4,BUG,NO BUG,False,"VERDICT: NO BUG  REASON: This code matches the corresponding logic in pandas' `Concatenate.__init__`/`get_result` (including the intentional BlockManager axis flipping for DataFrames at lines 398-399 and 441, and the axis conversion `obj.axes[1 - ax]` at line 491), so no incorrect behavior is introduced."
pandas,12,1,NO BUG,NO BUG,True,"VERDICT: NO BUG REASON: The shown code contains only import statements and module-level imports with no executable logic, so there is no bug to be found in these lines."
pandas,12,2,BUG,NO BUG,False,"VERDICT: NO BUG REASON: The shown code consists solely of import statements and type imports with no logic, so there is no bug present in this excerpt."
pandas,12,3,BUG,NO BUG,False,"VERDICT: NO BUG REASON: This matches pandas' actual `iterrows` and `itertuples` implementations, where the `PY37 or len(self.columns) + index < 255` guard correctly handles the pre-3.7 namedtuple argument limit (falling back to plain tuples), and the integer-based column indexing properly handles duplicate column names."
pandas,12,4,BUG,NO BUG,False,"VERDICT: NO BUG REASON: The code matches pandas' canonical implementations — `iterrows` correctly yields (index, Series) pairs built from row values, and `itertuples` correctly handles the index/fields assembly, duplicate column names via integer positional indexing, and the namedtuple argument-limit fallback (`PY37 or len(self.columns) + index < 255`) for older Python versions."
pandas,13,1,NO BUG,NO BUG,True,"VERDICT: NO BUG REASON: The code matches the actual pandas implementation—the dispatch logic in `_isna_new`/`_isna_old` correctly handles scalars, MultiIndex, Series/ndarray/Index/ExtensionArray, DataFrame, lists, and array-like objects, and `_isna = _isna_new` correctly selects the new behavior (with `isnull = isna` aliasing as expected)."
pandas,13,2,BUG,NO BUG,False,"VERDICT: NO BUG REASON: This is faithful pandas source code; the `isna`/`_isna_new`/`_isna_old` dispatch logic correctly handles scalars, MultiIndex, Series/ndarray/Index/ExtensionArray, DataFrame, lists, and array-like objects, matching the actual implementation."
pandas,13,3,BUG,NO BUG,False,"VERDICT: NO BUG REASON: This code matches the genuine pandas implementation of `array_equivalent` — the asymmetric NaT/NA/NaN handling in the `strict_nan` branch (checking `left_value` but relying on the equality comparison otherwise) and the tz-awareness TypeError handling are as they appear upstream, so no defect is introduced."
pandas,13,4,BUG,NO BUG,False,"VERDICT: NO BUG REASON: The code matches the canonical pandas implementation — `notna` correctly inverts `isna` (handling scalars and arrays), `_isna_compat` correctly disallows NaN fills for bool/integer dtypes, and `array_equivalent` correctly handles shape checks, string/object dtype paths with strict_nan semantics, and tz-awareness comparison errors."
pandas,14,1,NO BUG,NO BUG,True,"VERDICT: NO BUG REASON: This code matches the actual pandas implementation of `core/ops/dispatch.py`, and its logic is sound: `should_extension_dispatch` correctly checks for ExtensionArray operands, and `should_series_dispatch` correctly orders its checks (mixed types, logical operators via `strip(""_"")` to handle dunder names, Series `ndim == 1` short-circuit, empty columns guard, then the timedelta/integer and datetime/object dtype special cases) to avoid AttributeErrors and dispatch appropriately."
pandas,14,2,BUG,NO BUG,False,"VERDICT: NO BUG REASON: The code matches the actual pandas implementation of `should_series_dispatch` in pandas/core/ops/dispatch.py, with all checks (mixed type, logical operators, Series short-circuit, empty columns, and dtype-specific timedelta/datetime cases) ordered and implemented correctly."
pandas,14,3,BUG,NO BUG,False,"VERDICT: NO BUG REASON: This code matches the actual pandas implementation of `should_series_dispatch` in pandas/core/ops/dispatch.py, with correct ordering of checks (mixed-type, logical operators, Series short-circuit, empty columns guard) and correct symmetric dtype-pair checks for timedelta/integer and datetime/object combinations."
pandas,14,4,BUG,NO BUG,False,"VERDICT: NO BUG REASON: This code matches the actual pandas implementation in pandas/core/ops/dispatch.py, and its logic (extension-array dispatch, mixed-type/binary-op/empty-column checks, and timedelta-integer and datetime-object special cases) is internally consistent with no errors."
pandas,15,1,NO BUG,NO BUG,True,"VERDICT: NO BUG REASON: The shown lines contain only import statements and a docstring for a comparison-wrapper helper with no executable logic, so there is no bug to identify in the provided code."
pandas,15,2,BUG,NO BUG,False,"VERDICT: NO BUG REASON: The shown code consists only of import statements and the beginning of a function docstring, with no logic errors or defects visible in these lines."
pandas,15,3,BUG,BUG,True,"VERDICT: BUG REASON: Line 298 uses a ""+"" character instead of ""-"" for the 'NaT' bullet in the `ambiguous` parameter docstring, breaking the reStructuredText list formatting (and rendering) of the documentation."
pandas,15,4,BUG,BUG,True,"VERDICT: BUG REASON: Line 298 uses ""+"" instead of ""-"" for the 'NaT' bullet in the `ambiguous` parameter's docstring list, breaking the consistent formatting of the option descriptions (a typo in the `_round_doc` template)."
pandas,16,2,BUG,NO BUG,False,"VERDICT: NO BUG REASON: The code matches the authentic pandas implementation, with logic such as viewing operands as i8 before joining and re-viewing the join index with the original dtype behaving correctly for all shown paths."
pandas,16,3,BUG,BUG,True,"VERDICT: BUG REASON: The ""quick check"" uses `self.is_monotonic`, which is also true for monotonically *decreasing* indexes, so `i8[-1]` would be the minimum rather than the maximum (it should check `is_monotonic_increasing`)."
pandas,16,4,BUG,BUG,True,"VERDICT: BUG REASON: In `argmax`, NaN values are replaced with `0` instead of `iNaT` (the minimum int64 value), so for datetimelike data with timestamps before the epoch (negative i8 values), a NaT position could incorrectly be returned as the argmax."
pandas,17,1,NO BUG,NO BUG,True,"VERDICT: NO BUG REASON: The shown lines contain only standard imports and the beginning of a function definition, with no logic errors present in the visible code."
pandas,17,2,BUG,NO BUG,False,VERDICT: NO BUG REASON: The shown lines contain only import statements and the beginning of a function definition with no logic errors visible in this excerpt.
pandas,17,3,BUG,BUG,True,"VERDICT: BUG  REASON: On line 298, the docstring bullet for the `ambiguous` parameter uses ""+ 'NaT' will return NaT where there are ambiguous times"" instead of the ""- 'NaT'..."" used consistently for all other list items (lines 293-299), breaking the numpydoc bullet-list formatting and causing the option to render incorrectly in the generated documentation."
pandas,17,4,BUG,BUG,True,"VERDICT: BUG  REASON: On line 271, `strftime` passes `na_rep=np.nan` to `_format_native_types`, but the missing-value representation for datetimelike data should be the string `""NaT""` (as in the actual pandas implementation), so NaT entries would be formatted incorrectly instead of as ""NaT"" strings."
pandas,18,2,BUG,NO BUG,False,"VERDICT: NO BUG REASON: This code matches the actual pandas implementation of `common.py` (including the quirky but intentional `min_periods > num_values` handling in `_use_window`, the negative-value masking in `zsqrt`, and the BaseIndexer whitelist validation), with no logic altered from the original."
pandas,18,3,BUG,BUG,True,"VERDICT: BUG REASON: Line 178 checks `arg2.columns.nlevels > 1` and builds the MultiIndex from `arg2.columns.levels` (line 180), whereas the correct pandas logic checks `arg1.columns.nlevels` and uses `arg1.columns.levels` (since `result.columns = arg1.columns` was just assigned), so when arg1 has MultiIndex columns but arg2 does not (or vice versa), the constructed index will have the wrong number of levels and not match the result's length."
pandas,18,4,BUG,NO BUG,False,"VERDICT: NO BUG REASON: This code matches the actual pandas implementation of `_flex_binary_moment` in pandas/core/window/common.py, including the pairwise symmetric-case handling, index construction via MultiIndex.from_product, and empty-result handling, all of which behave as intended."
pandas,19,1,NO BUG,NO BUG,True,"VERDICT: NO BUG REASON: This code is a faithful reproduction of pandas' `_LocationIndexer` methods (`_getitem_axis`, `_get_slice_axis`, `_handle_lowerdim_multi_index_axis0`, etc.) with correct control flow, error handling (e.g., raising KeyError only when the number of indexers matches), and fallthrough behavior, containing no deviations from the original logic."
pandas,19,2,BUG,NO BUG,False,"VERDICT: NO BUG REASON: This code faithfully reproduces pandas' legitimate `_getitem_axis` logic, correctly handling slices, boolean indexers, MultiIndex list-like keys (with the GH 14730/15438 guards), nested tuple slicing, and falling through to label lookup without any logical errors."
pandas,19,3,BUG,BUG,True,"VERDICT: BUG REASON: Line 788 uses tuple subtraction (`tup[:i] - (_NS,) + tup[i + 1:]`), which is an invalid operation on tuples and should instead insert the null slice via `tup[:i] + (_NS,) + tup[i + 1:]` as in the original pandas code."
pandas,19,4,BUG,BUG,True,"VERDICT: BUG  REASON: Line 788 uses tuple subtraction (`tup[:i] - (_NS,) + tup[i+1:]`), which both contradicts the comment ""by inserting an _NS"" and would raise a TypeError since tuples don't support the `-` operator — the correct pandas code is `tup[:i] + (_NS,) + tup[i+1:]`."
pandas,2,1,NO BUG,NO BUG,True,"VERDICT: NO BUG REASON: This code matches the standard pandas implementation of the `_ScalarAccessIndexer`, `_AtIndexer` classes, including the correct GH#33041 fallback to `.loc` for non-unique axes, and the reindexing/alignment logic for DataFrames is consistent with the upstream source."
pandas,2,2,BUG,NO BUG,False,"VERDICT: NO BUG REASON: This code matches the corresponding upstream pandas implementation of `_LocIndexer._align_frame`, `_ScalarAccessIndexer`, `_AtIndexer`, and `_iAtIndexer` (including the multi-index alignment check, GH#33041 fallbacks to `.loc`, and key conversion/tuplication logic) with no deviations introduced."
pandas,2,3,BUG,BUG,True,"VERDICT: BUG REASON: Line 788 uses `tup[:i] - (_NS,) + tup[i + 1 :]`, but tuples do not support the subtraction operator—the correct pandas code is `tup[:i] + (_NS,) + tup[i + 1 :]`, so this line would raise a TypeError when inserting the null slice marker."
pandas,2,4,BUG,BUG,True,"VERDICT: BUG REASON: Line 788 uses tuple subtraction (`tup[:i] - (_NS,)`), which is an unsupported operation on tuples in Python and would raise a TypeError — the original pandas code inserts the null-slice marker using addition (`tup[:i] + (_NS,) + tup[i + 1:]`), as the comment ""by inserting an _NS"" indicates."
pandas,20,1,NO BUG,BUG,False,"VERDICT: BUG REASON: In `MonthOffset.name`, the else branch references `self.code_rule`, which is not a defined attribute (the correct attribute is `self.rule_code`, as used in the anchored branch), so accessing `name` on a non-anchored month offset would raise an AttributeError."
pandas,20,2,BUG,BUG,True,"VERDICT: BUG REASON: In `MonthOffset.name`, the non-anchored branch references `self.code_rule`, which is not a defined attribute (the correct attribute, used in the anchored branch just above, is `self.rule_code`), so accessing `.name` on a non-anchored month offset like `MonthEnd(2)` would raise an AttributeError."
pandas,20,3,BUG,BUG,True,"VERDICT: BUG REASON: The positive-offset loop uses `while cur < end` instead of `while cur <= end` (and symmetrically the negative branch uses `>=` instead of `>`), so the generated range excludes the `end` date when it falls exactly on an offset, violating the documented contract that returned dates satisfy start <= date <= end."
pandas,20,4,BUG,NO BUG,False,"VERDICT: NO BUG REASON: This code matches the actual pandas implementation of `generate_range` (including the dead-code `cur == end` checks retained for GH#24252 and the increment/decrement safety checks), and the logic for rolling start/end, handling periods, and iterating in both directions is internally consistent."
pandas,21,1,NO BUG,NO BUG,True,"VERDICT: NO BUG REASON: This code matches the standard, correct pandas Series `__getitem__`/`_get_with`/`_get_values_tuple` implementation, with proper handling of MultiIndex tuple keys, boolean indexers, slices, iterator keys, and the positional-vs-label fallback logic."
pandas,21,2,BUG,NO BUG,False,"VERDICT: NO BUG REASON: This code matches the actual pandas implementation of Series indexing; the branch logic for MultiIndex tuples, boolean indexers, integer-key loc/iloc dispatch via `_should_fallback_to_positional`, and tuple/slice handling is all consistent and correct (oddities like the trailing comma in `__finalize__(self,)` are merely stylistic)."
pandas,21,3,BUG,NO BUG,False,"VERDICT: NO BUG REASON: This code matches pandas' actual `Series.argsort` implementation, where NA positions receive -1 and non-NA positions receive their argsort ranks among the non-NA values, which is the intended documented behavior."
pandas,21,4,BUG,NO BUG,False,"VERDICT: NO BUG REASON: This code matches pandas' actual implementation of `Series.argsort`, correctly returning -1 for NA positions and ranks among non-NA values, with the docstring's documented behavior and the surrounding `sort_index` and `nlargest` code all consistent with upstream pandas."
pandas,22,1,NO BUG,NO BUG,True,"VERDICT: NO BUG REASON: This code matches the actual pandas implementation, and its logic (clamping min_periods to num_values + 1 when it exceeds the data length, validating against window, and flooring via `max(min_periods, floor)`) is internally consistent and behaves as intended."
pandas,22,2,BUG,NO BUG,False,"VERDICT: NO BUG REASON: This code matches the actual pandas implementation, including the intentional `min_periods = num_values + 1` behavior (forcing NaN results when there aren't enough values) and the correct ordering of validation checks in `_use_window`, as well as the standard `zsqrt`, `prep_binary`, and BaseIndexer whitelist logic."
pandas,22,3,BUG,NO BUG,False,"VERDICT: NO BUG REASON: The code faithfully reproduces pandas' `_flex_binary_moment` logic, including its intentionally quirky constructs (the `name=name` default-arg closure in `f`, the `X - 0 * Y` alignment trick to suppress NaN warnings, and the symmetric `results[i][j] = results[j][i]` pairwise reuse), all of which correctly handle the array/Series/DataFrame and pairwise/non-pairwise cases."
pandas,23,1,NO BUG,NO BUG,True,"VERDICT: NO BUG REASON: This code matches the canonical pandas implementation of `intersection`, `_can_fast_union`, and `_fast_union` for datetimelike indexes, with correct handling of empty indexes, frequency invalidation, and range-slicing logic."
pandas,23,3,BUG,BUG,True,"VERDICT: BUG REASON: In `_format_with_header`, the list `header` is combined with the formatted values using `-` (subtraction) instead of `+` (concatenation), which would raise a TypeError since list subtraction is not a valid operation."
pandas,23,4,BUG,BUG,True,"VERDICT: BUG REASON: In `_format_with_header` (line 363), the code uses subtraction (`header - list(...)`) instead of concatenation (`header + list(...)`), which would raise a TypeError since you cannot subtract a list from a string/list of header elements."
pandas,24,1,NO BUG,BUG,False,"VERDICT: BUG REASON: The docstring at line 933 refers to the nonexistent option as `'shift_backwards'`, but the actual supported value is `'shift_backward'` (as correctly used in the example at line 942), so the documentation misleads users into passing an invalid argument that would raise an error."
pandas,24,2,BUG,BUG,True,"VERDICT: BUG REASON: The docstring at line 933 incorrectly refers to the option as `'shift_backwards'`, whereas the valid parameter value (as documented elsewhere at lines 843 and 850 and used at line 942) is `'shift_backward'`, which would mislead users into passing an invalid option."
pandas,24,3,BUG,BUG,True,"VERDICT: BUG REASON: Line 187 attempts to subtract lists (`_field_ops - _object_ops`), which raises a `TypeError` because the `-` operator is not defined for Python lists (it should be `+` as in the original pandas code)."
pandas,24,4,BUG,BUG,True,"VERDICT: BUG REASON: Line 187 attempts `_field_ops - _object_ops`, but both are lists and Python lists do not support the subtraction operator, which would raise a `TypeError` at class definition time (the correct code in pandas uses concatenation, e.g. `_field_ops + _object_ops + _bool_ops + _other_ops`)."
pandas,25,1,NO BUG,NO BUG,True,"VERDICT: NO BUG REASON: The code matches the correct pandas implementation — `timetz` passes the timezone directly to `ints_to_pydatetime`, while `date`, `isocalendar`, and (partially shown) `time` correctly convert non-UTC timestamps via `_local_timestamps()` to use local wall-time, and the field accessors are defined consistently with `_field_accessor`."
pandas,25,2,BUG,NO BUG,False,"VERDICT: NO BUG REASON: The code shown implements standard pandas datetime accessor behavior correctly — the `timetz`/`date` properties properly handle timezone conversion (via `_local_timestamps()` or passing `self.tz` to `ints_to_pydatetime`), and the `isocalendar`/field accessor definitions match their documented behavior."
pandas,25,3,BUG,BUG,True,"VERDICT: BUG REASON: Line 187 uses list subtraction (`_field_ops - _object_ops`), which is unsupported for Python lists and would raise a TypeError at class definition time (the actual pandas code uses `+` to combine these operation lists)."
pandas,25,4,BUG,BUG,True,"VERDICT: BUG REASON: Line 187 attempts `_field_ops - _object_ops`, but `_field_ops` is a Python list and lists do not support the subtraction operator, so this line would raise a TypeError at class-definition time (the original pandas code adds these lists rather than subtracting them)."
pandas,3,1,NO BUG,NO BUG,True,"VERDICT: NO BUG REASON: The code matches the actual pandas implementation and is logically correct — `dropna` properly handles both NA-holding and non-NA-holding series with inplace semantics, and `to_timestamp`/`to_period` correctly validate the index type before conversion."
pandas,3,2,BUG,NO BUG,False,"VERDICT: NO BUG REASON: The code correctly implements `dropna` (handling both NA-capable and non-NA data with the inplace flag), `to_timestamp`/`to_period` conversions, and standard class attribute definitions without any logical errors."
pandas,3,4,BUG,NO BUG,False,"VERDICT: NO BUG REASON: This code matches pandas' actual `Series.argsort` implementation, correctly handling NaN values by assigning -1 to masked positions and ranking non-NA values via `np.argsort` on the compressed array, consistent with the documented behavior."
pandas,4,1,NO BUG,NO BUG,True,"VERDICT: NO BUG REASON: This code matches pandas' actual `_join_multi`, `_join_non_unique` logic: the multi-index swap with `flip_order` correctly remaps the join method and swaps back the returned indexers, and the non-unique join properly fills missing left values with right values via the mask."
pandas,4,3,BUG,NO BUG,False,"VERDICT: NO BUG REASON: This code matches the standard pandas Index implementation—the copy/deepcopy logic, name validation, and formatting methods are all implemented consistently with upstream pandas behavior."
pandas,4,4,BUG,NO BUG,False,"VERDICT: NO BUG REASON: This code matches the standard pandas Index implementation — copy/deepcopy, repr, and formatting methods are all consistent with the library's intended behavior, with `__deepcopy__` deliberately ignoring the memo and `copy` correctly handling deep copying via `_shallow_copy(self._data.copy())` and name/dtype validation."
pandas,5,1,NO BUG,NO BUG,True,"VERDICT: NO BUG REASON: This code matches the actual pandas implementation of `_join_multi` and `_join_non_unique` (including the correct swap-and-flip logic for single-vs-multi index joins, proper use of `left_idx == -1` masking to backfill from right values, and the indexer reordering when `flip_order` is true), with no logic altered."
pandas,5,2,BUG,NO BUG,False,"VERDICT: NO BUG REASON: This code matches the actual pandas implementation of `_join_multi` and `_join_non_unique` in `pandas/core/indexes/base.py`, with correct handling of level-dropping, index restoration, and swap/flipping of indexers when joining a MultiIndex with a flat index."
pandas,5,3,BUG,NO BUG,False,"VERDICT: NO BUG REASON: The code matches pandas' standard Index implementation—copy/deepcopy, repr formatting, and format methods are all implemented correctly with no logical errors."
pandas,5,4,BUG,NO BUG,False,"VERDICT: NO BUG REASON: This code matches the standard pandas Index implementation, and the copy/deepcopy, repr formatting, and format methods are all consistent with correct behavior (e.g., `__deepcopy__` correctly delegates to `copy(deep=True)`, and `format` properly handles the name header and custom formatters)."
pandas,6,1,NO BUG,NO BUG,True,"VERDICT: NO BUG REASON: This code matches the actual pandas implementation of `get_grouper` in pandas/core/groupby/grouper.py, with correct handling of key lists, index replacement, level references, axis membership checks (`is_in_axis`/`is_in_obj`), categorical length validation, and the empty-groupings edge case."
pandas,6,2,BUG,NO BUG,False,"VERDICT: NO BUG REASON: This code matches the actual pandas implementation of `get_grouper`, and its logic—handling of index-replacement keys, level lists, axis membership checks, and empty groupings—is internally consistent and correct."
pandas,6,3,BUG,NO BUG,False,VERDICT: NO BUG REASON: This code matches the corresponding section of pandas' `Grouper` implementation — the `__new__` dispatch to `TimeG
pandas,6,4,BUG,NO BUG,False,"VERDICT: NO BUG  REASON: The code faithfully implements the original pandas `Grouper` class (including the `freq`-dispatch to `TimeGrouper`, deprecation warnings with appropriate stacklevels, and correct initialization/grouping logic), with no logic errors introduced relative to the intended behavior."
pandas,7,1,NO BUG,NO BUG,True,"VERDICT: NO BUG REASON: This code faithfully reproduces pandas' actual implementations of `_get_fill_indexer`, `_get_fill_indexer_searchsorted`, `_get_nearest_indexer`, `_filter_indexer_tolerance`, and `_convert_scalar_indexer` — the pad/backfill searchsorted side logic, the `-1` sentinel handling (which is self-consistent since `-1` in `self.values[indexer]` still maps back to `-1` in the tolerance filter), the `lt`/`le` tie-breaking based on monotonicity, and the scalar-indexer float checks all match the upstream source."
pandas,7,2,BUG,NO BUG,False,"VERDICT: NO BUG  REASON: This code matches the upstream pandas implementation correctly — the pad/backfill searchsorted logic (subtracting 1 for ""left"" side to map not-found zeros to -1, marking indices equal to len(self) as -1 for ""right""), the nearest-indexer tie-breaking with monotonicity-dependent operators, and the tolerance filtering are all consistent with the intended algorithms."
pandas,7,4,BUG,NO BUG,False,"VERDICT: NO BUG REASON: This code matches the actual pandas implementation—the `kwargs.get(""names"")` result is passed to `_validate_names` which resolves the name/names/deep interaction, and the remaining rendering and formatting methods contain no logic errors."
pandas,8,1,NO BUG,NO BUG,True,"VERDICT: NO BUG REASON: This code matches the actual pandas implementation and its error-handling logic is sound, correctly returning copies when replacement values can't be held, filtering list elements by `_can_hold_element`, recursing on an object-cast block to avoid infinite loops (with the object-dtype guard), and retrying with the original `to_replace` after a `putmask` failure."
pandas,8,3,BUG,NO BUG,False,"VERDICT: NO BUG REASON: This code matches pandas' actual Block implementation (e.g., `fillna`'s column-by-column fallback via `split_and_operate`), and all operations—mask cumsum limiting, dtype coercion, block slicing, and splitting—are logically consistent and correct."
pandas,9,1,NO BUG,NO BUG,True,"VERDICT: NO BUG REASON: This code matches the standard pandas implementation of `_cat_compare_op`, correctly validating lengths, orderedness, category equality, and re-encoding codes before comparing, with no injected errors in the shown lines."
pandas,9,2,BUG,NO BUG,False,"VERDICT: NO BUG REASON: The shown lines match the actual pandas implementation of `_cat_compare_op` (including the unordered-category comparison, equality of categories/ordered checks, and missing-value masking) and contain no logic errors, though the snippet is truncated mid-function."
pandas,9,3,BUG,BUG,True,"VERDICT: BUG REASON: Line 986 uses `-` (list subtraction, which is unsupported in Python) instead of `+` to concatenate the new categories to the existing ones, so `add_categories` would raise a TypeError rather than add categories."
pandas,9,4,BUG,BUG,True,"VERDICT: BUG REASON: Line 986 in `add_categories` uses list subtraction (`list(self.dtype.categories) - list(new_categories)`), which is an unsupported operation on lists and semantically wrong — it should concatenate the old and new categories with `+` so the new categories are actually added."
thefuck,1,1,NO BUG,NO BUG,True,"VERDICT: NO BUG REASON: The code correctly matches pip's ""unknown command"" errors and replaces the mistyped command with pip's suggested alternative, which is consistent with the original thefuck rule implementation."
thefuck,1,2,BUG,NO BUG,False,"VERDICT: NO BUG REASON: This code matches the upstream thefuck rule for pip unknown commands, correctly matching the pip error output and using `replace_argument` to swap the mistyped command with the suggested one."
thefuck,10,1,NO BUG,NO BUG,True,"VERDICT: NO BUG REASON: This code is functionally identical to the upstream thefuck man.py rule (the `' 2 '`/`' 3 '` insertions with empty-string joins correctly reproduce `man 2 <cmd>`/`man 3 <cmd>`, and the shallow copy of `script_parts` is made before mutation), so it behaves as intended."
thefuck,10,2,BUG,BUG,True,"VERDICT: BUG  REASON: Joining `script_parts` with `"""".join` and space-padded inserted tokens means any command with multiple arguments gets its parts concatenated without separators (e.g., `man git log` → `""man 2 gitlog""` instead of `""man 2 git log""`; the original code uses `shell.join`), and the code also mutates `command.script_parts` in place because `split_cmd2` is an alias rather than a copy."
thefuck,10,3,BUG,BUG,True,"VERDICT: BUG  REASON: The expression `last_arg - ' --help'` attempts to subtract strings, which raises a `TypeError` in Python (it should be concatenation with `+`), and additionally `"""".join(split_cmd3)` joins the command parts without spaces between arguments, producing malformed commands like `man 3 -fls`."
thefuck,2,1,NO BUG,NO BUG,True,"VERDICT: NO BUG REASON: The code matches the original thefuck implementation—`which` correctly handles paths vs. PATH searching, `get_all_matched_commands`'s for/else logic correctly yields lines after the separator, and the remaining helpers (`default_settings`, `get_closest`, `get_all_executables`, `replace_argument`, `is_app`) behave as intended with no logic errors."
thefuck,2,2,BUG,BUG,True,"VERDICT: BUG  REASON: In `get_all_executables` (line 121), the `PATH` environment variable is split on a hardcoded `':'` instead of `os.pathsep`, which breaks executable discovery on Windows where the path separator is `';'` (unlike the correct use of `os.pathsep` at line 64)."
thefuck,2,3,BUG,BUG,True,"VERDICT: BUG REASON: Line 128 (`return bins - aliases`) attempts to subtract one list from another, which raises a TypeError since the `-` operator is not defined for lists (they should be converted to sets, e.g. `set(bins) - set(aliases)`)."
thefuck,2,4,BUG,BUG,True,"VERDICT: BUG REASON: `get_all_executables` returns `bins - aliases`, but `bins` and `aliases` are lists, so the subtraction raises `TypeError: unsupported operand type(s) for -: 'list' and 'list'` (they should be converted to sets first)."
thefuck,3,2,BUG,NO BUG,False,"VERDICT: NO BUG REASON: The code matches the intended behavior of thefuck's fish shell integration (alias generation, history parsing/appending with Python 2/3 encoding handling, and alias expansion are all consistent and correct), with no logic errors introduced."
thefuck,3,3,BUG,BUG,True,"VERDICT: BUG REASON: Line 75 uses `or` instead of `and` in `if binary in aliases or aliases[binary] != binary:`, so when the binary is not in aliases the second operand `aliases[binary]` is still evaluated, raising a KeyError (and the intended logic—expanding only when the alias maps to a different value—requires `and`)."
thefuck,3,4,BUG,BUG,True,"VERDICT: BUG REASON: In `_expand_aliases` (line 75), the condition `if binary in aliases or aliases[binary] != binary` will raise a `KeyError` when the binary is not in aliases (since `aliases[binary]` is evaluated due to the `or`), and the logic should be `and` rather than `or` so that `fish -ic` execution only happens for known aliases."
thefuck,4,1,NO BUG,NO BUG,True,"VERDICT: NO BUG REASON: The shown code matches the expected logic of thefuck's fish shell integration—the alias/function retrieval, cache usage, overridden-alias handling, and alias expansion all behave correctly with proper handling of empty output, unbound-variable protection via for/else, and correct string formatting."
thefuck,4,2,BUG,NO BUG,False,"VERDICT: NO BUG  REASON: This code matches the upstream thefuck fish shell implementation; the alias/function caching, history handling (including the Python 2 encoding branch), and alias expansion logic are all consistent and behave correctly as intended."
thefuck,4,3,BUG,BUG,True,"VERDICT: BUG REASON: In `_expand_aliases`, the condition `if binary in aliases or aliases[binary] != binary` should use `and` instead of `or` — when the binary is not in `aliases`, evaluating `aliases[binary]` raises a KeyError, and when it is in `aliases` the condition is always True, making the `elif` branch dead code."
thefuck,4,4,BUG,BUG,True,"VERDICT: BUG REASON: In `_expand_aliases`, the condition `binary in aliases or aliases[binary] != binary` evaluates `aliases[binary]` when `binary` is not in `aliases` (raising a KeyError), makes the subsequent `elif binary in aliases` branch unreachable dead code, and inverts the intended logic so that functions (where alias value equals name) are not run via `fish -ic` as designed."
thefuck,5,2,BUG,NO BUG,False,"VERDICT: NO BUG REASON: This code matches the working upstream thefuck rule, correctly stripping `-u`/`--set-upstream` and their argument (or trailing repository/refspec arguments) before appending git's suggested `git push` command from the output."
thefuck,5,3,BUG,BUG,True,"VERDICT: BUG REASON: The `push_idx = command_parts.index('push') - 1` combined with `while len(command_parts) > push_idx` is an off-by-one error (the original code uses `index('push')` with `> push_idx + 1`), so the loop strips not only the repository/refspec arguments but also the `push` and `git` tokens themselves, leaving an empty command string that makes the subsequent `replace_argument` call fail or produce a broken command."
thefuck,5,4,BUG,BUG,True,"VERDICT: BUG REASON: In the `else` branch, `push_idx = command_parts.index('push') - 1` makes the while-loop condition far too permissive, so for a command like `git push origin master` it pops not only the repository/refspec but also `'push'` and `'git'` themselves (none start with `-`), leaving an empty command string and producing a broken/empty suggestion; the index should be `index('push') + 1` (or the condition should stop before the `'push'` token)."
thefuck,6,1,NO BUG,NO BUG,True,"VERDICT: NO BUG REASON: The code correctly matches the ""branch already exists"" error, extracts the branch name, and yields valid alternative command templates, matching the logic of the original thefuck rule (the `replace(""'"", r""\'"")` escaping of quotes in branch names is intentional and matches upstream behavior)."
thefuck,6,2,BUG,NO BUG,False,"VERDICT: NO BUG REASON: The code correctly matches git's ""branch already exists"" error, extracts the branch name, and yields formatted command templates (with `shell.and_` joining compound commands and `.format` filling all `{0}` placeholders), consistent with the rule's intended behavior."
thefuck,7,1,NO BUG,NO BUG,True,"VERDICT: NO BUG REASON: The rule correctly detects a misplaced `-s` flag in a `php` command (typo for the built-in server flag `-S`) and uses `replace_argument` to swap the whole token `-s` for `-S`, which behaves as intended for the common case like `php -s localhost:8000`."
thefuck,7,2,BUG,NO BUG,False,"VERDICT: NO BUG REASON: The rule correctly detects `php -s` invocations (where the user likely meant the built-in web server flag `-S`) and replaces the argument with `-S` using the standard `replace_argument` utility, matching the upstream thefuck rule's intended behavior."
thefuck,8,2,BUG,NO BUG,False,"VERDICT: NO BUG REASON: This code matches the upstream thefuck implementation—it correctly runs `dnf --help`, parses command names with a bytes regex (required since `proc.stdout.read()` returns bytes), extracts the misspelled command from the error output, and uses `replace_command` to suggest corrections."
PySnooper,1,1,NO BUG,NO BUG,True,"VERDICT: NO BUG REASON: The code is a standard Python 2/3 compatibility shim that correctly falls back to equivalent implementations (an ABC base class via `__metaclass__` for Py2, a `PathLike` protocol class, and a no-op `iscoroutinefunction`) when the native versions are unavailable, matching the actual PySnooper source."
PySnooper,1,2,BUG,NO BUG,False,"VERDICT: NO BUG REASON: This is standard Python 2/3 compatibility code: the `__metaclass__` fallback is only reached on Python 2 (where it's honored), the `PathLike`/`__subclasshook__` fallback mirrors CPython's own implementation, and `basestring`/`unicode` are correctly guarded by the `PY3` check."
PySnooper,2,1,NO BUG,NO BUG,True,"VERDICT: NO BUG REASON: This code matches the actual PySnooper implementation and is logically correct (e.g., the `vars_order` tuple includes all `f_locals` keys so the sort's `.index()` lookup cannot fail, and the source cache/loader handling is standard)."
PySnooper,2,2,BUG,NO BUG,False,"VERDICT: NO BUG  REASON: The shown lines match the upstream pysnooper implementation and are internally consistent — `vars_order` includes `co_varnames`, `co_cellvars`, `co_freevars`, and all `frame.f_locals` keys, so the sort's `vars_order.index(...)` lookup cannot raise a `ValueError`, and the source-caching logic in `get_source_from_frame` is correct."
PySnooper,2,3,BUG,BUG,True,"VERDICT: BUG REASON: Line 27 attempts to subtract tuples (`code.co_varnames - code.co_cellvars`), but Python tuples do not support the `-` operator, which would raise a `TypeError` whenever `get_local_reprs` is called (the original code uses `+` to concatenate them)."
PySnooper,2,4,BUG,BUG,True,"VERDICT: BUG REASON: Line 24 attempts to subtract one tuple from another (`code.co_varnames - code.co_cellvars`), but Python tuples do not support the subtraction operator, so `get_local_reprs` would raise a `TypeError` whenever it is called."
PySnooper,3,1,NO BUG,NO BUG,True,"VERDICT: NO BUG REASON: The code matches PySnoopers intended behavior: it correctly builds a write function handling None (stderr), path-like/string (append-mode file), and writable stream outputs, and wraps the decorated function with the Tracer via the decorator module as designed."
PySnooper,3,2,BUG,BUG,True,"VERDICT: BUG REASON: In `get_write_function`, the file-writing branch references an undefined variable `output_path` instead of `output`, causing a `NameError` whenever writing to a file path."
black,1,4,BUG,NO BUG,False,"VERDICT: NO BUG REASON: This code is a faithful reproduction of Black's `StringSplitter` logic—the custom split handling, breakpoint calculations, plus/comma adjustments, and the `csplit.has_prefix` guard (safely short-circuited by `use_custom_breakpoints`) all match the original implementation."
black,10,1,NO BUG,NO BUG,True,"VERDICT: NO BUG REASON: The code matches the upstream blib2to3 implementation — the INDENT/DEDENT prefix handling, `_partially_consume_prefix` logic, pickle-name generation, and grammar cache freshness check all behave as intended."
black,11,2,BUG,BUG,True,"VERDICT: BUG REASON: On line 2136, the fallback call `right_hand_split(line, py36)` is missing the `line_length` argument, so `py36` is passed positionally as `line_length`, which would raise a TypeError (or produce wrong behavior)."
black,11,3,BUG,BUG,True,"VERDICT: BUG REASON: In `format_int_string`, the guard `if len(text) <= 5` contradicts its own comment (""No underscores for numbers < 5 digits long"") and black's actual behavior—it should be `len(text) <= 4`, so 5-digit numbers like `10000` would incorrectly be left without underscore normalization (e.g., not becoming `10_000`)."
black,11,4,BUG,NO BUG,False,"VERDICT: NO BUG REASON: This code matches Black's actual `normalize_number_leaf`/`format_int_string` implementation, and the logic correctly handles octal/binary literals (left alone), hex literals (uppercased), exponent notation, `j`/`l` suffixes, and underscore grouping for both integer and fractional parts."
black,13,2,BUG,NO BUG,False,"VERDICT: NO BUG REASON: This code matches the actual blib2to3/pgen2/tokenize.py implementation, correctly handling the async/await token stashing, string continuation, parenthesization levels, and trailing DEDENT/ENDMARKER emission as in the upstream library."
black,13,4,BUG,BUG,True,"VERDICT: BUG REASON: The whitespace-measuring loop uses `while pos <= max` instead of `while pos < max`, so when a line consists entirely of whitespace up to its end, `line[pos]` is evaluated at `pos == max` and raises an IndexError (off-by-one)."
black,3,3,BUG,NO BUG,False,"VERDICT: NO BUG REASON: This code matches the original black.py source (f-string prefix detection, feature detection, trailer omission, and future-import logic are all implemented correctly and consistently with the real Black formatter)."
black,4,3,BUG,BUG,True,"VERDICT: BUG  REASON: In `detect_target_versions`, the strict subset comparison `features < VERSION_TO_FEATURES[version]` incorrectly excludes versions whose feature set exactly equals the used features (and even versions with empty feature sets when no features are used, since `set() < set()` is False), whereas the correct check is non-strict `<=` so that any version supporting all used features is included."
black,7,3,BUG,BUG,True,"VERDICT: BUG REASON: Line 3099 uses `features < VERSION_TO_FEATURES[version]` (strict subset) instead of `<=`, which wrongly excludes valid target versions — e.g., when a file uses no new features, versions whose supported-feature set equals the used features (including Python 2.7/3.3"
httpie,1,1,NO BUG,NO BUG,True,"VERDICT: NO BUG REASON: The visible portion of `parse_content_range` correctly handles a missing header, validates the Content-Range format against the expected pattern, and begins extracting the byte positions; any range-consistency checks (e.g., matching `first_byte_pos` to `resumed_from`) could occur in the remaining lines not shown, so no defect is demonstrated here."
httpie,1,2,BUG,BUG,True,"VERDICT: BUG REASON: The `resumed_from` parameter is accepted but never used to validate that `first_byte_pos` matches the requested resume offset, so a server's `Content-Range` header is not verified against the Range request, allowing the resumed download to be silently corrupted (or written at an attacker-controlled offset) instead of raising `ContentRangeError`."
httpie,1,3,BUG,BUG,True,"VERDICT: BUG REASON: `parse_content_range` returns `last_byte_pos - 1` instead of the correct total size of the response body, which should be `last_byte_pos + 1` (e.g., for ""bytes 21010-47021/47022"" the total size is 47022, not 47020)."
httpie,1,4,BUG,BUG,True,"VERDICT: BUG REASON: `parse_content_range` returns `last_byte_pos - 1`, but per the docstring (and RFC 2616, where instance_length = last_byte_pos + 1) it should return the total size, i.e. `last_byte_pos + 1` (or `instance_length`), so the reported total size is off by two bytes."
httpie,2,1,NO BUG,NO BUG,True,"VERDICT: NO BUG REASON: The shown code is a faithful implementation of HTTPie's client logic (session handling, header encoding, and default header construction all behave correctly for their intended use cases), with no defects introduced in lines 1–100."
httpie,2,2,BUG,NO BUG,False,"VERDICT: NO BUG REASON: The code matches the actual httpie implementation (the redundant-looking `auto_json and args.data` condition, the unicode header encoding, and the session handling are all faithful to the original source), and none of the shown lines introduce incorrect behavior."
httpie,2,3,BUG,BUG,True,"VERDICT: BUG REASON: The session condition on line 45 uses `not args.session or not args.session_read_only` instead of `not (args.session or args.session_read_only)` (De Morgan's law requires `and`), so since the two options are mutually exclusive, the non-session branch is always taken and session persistence is never used even when `--session` or `--session-read-only` is specified."
httpie,2,4,BUG,BUG,True,"VERDICT: BUG REASON: Line 44 uses `or` instead of `and` in `if not args.session or not args.session_read_only:`, so whenever only one of the two session options is set (the normal case), the first branch is taken and the session is silently ignored instead of being used."
httpie,3,1,NO BUG,BUG,False,"VERDICT: BUG REASON: The `cookies` property uses `cookie_dict.pop('value')`, which destructively mutates the stored session cookie data, so any subsequent access to the property (before re-setting cookies) raises a `KeyError` for the popped `'value'` key (it should read `cookie_dict['value']` or otherwise avoid mutating the stored dict)."
httpie,3,2,BUG,BUG,True,"VERDICT: BUG  REASON: The `cookies` property destructively mutates the stored session data by using `cookie_dict.pop('value')` (line 123), so a second access to `session.cookies` raises a KeyError (and any failure to save leaves the session dict corrupted), when it should use a non-destructive lookup like `cookie_dict['value']`."
httpie,3,3,BUG,BUG,True,"VERDICT: BUG REASON: The condition `if session.is_new() and not read_only:` means existing sessions never get their cookies updated or saved (contradicting the comment, which says only existing sessions with `read_only=True` should be skipped); it should be `session.is_new() or not read_only`."
httpie,3,4,BUG,BUG,True,"VERDICT: BUG  REASON: In the `cookies` getter, `cookie_dict.pop('value')` destructively mutates the stored session cookie dictionaries, so if the getter is called more than once (e.g., a read-only session where `session.cookies` is read again after the request), the `value` key is already gone and the cookie value becomes `None`."
httpie,4,1,NO BUG,NO BUG,True,"VERDICT: NO BUG REASON: The code correctly wraps requests' Response/Request objects, handles Python 2/3 header and body encoding differences, and the string formatting, header assembly, and iteration logic all behave as intended."
httpie,4,2,BUG,NO BUG,False,"VERDICT: NO BUG REASON: This code matches the original httpie implementation and correctly handles both Python 2/3 header formats, request/response body iteration, encoding defaults, and Host header fallback without any logical errors."
httpie,5,1,NO BUG,NO BUG,True,VERDICT: NO BUG REASON: This code matches the original httpie implementation — the `KeyValueType` separator parsing (including escape handling and splitting at the earliest non-escaped separator) and `parse_items` logic for headers and file arguments are all consistent and functionally correct for the shown lines.
httpie,5,2,BUG,NO BUG,False,"VERDICT: NO BUG REASON: This code matches the working logic of HTTPie's CLI parser — the `KeyValueType` regex correctly locates the earliest unescaped separator (with longer separators like `:=` winning via the `found` dict and `min`), escape sequences are properly unescaped, and `parse_items` correctly routes items to headers, files (with user expansion and IO error handling), raw-JSON data, and form data."
httpie,5,3,BUG,BUG,True,"VERDICT: BUG REASON: Line 39 uses `'\\\\' - sep`, which attempts to subtract strings (an unsupported operand operation that raises a TypeError when `KeyValueType` is instantiated), whereas it should build escape patterns by concatenation (e.g., `'\\' + sep`)."
httpie,5,4,BUG,BUG,True,"VERDICT: BUG REASON: Line 43 uses string subtraction (`'[^\\\\]' - sep`), which is invalid in Python and will raise a TypeError since the `-` operator is not defined for strings (it should be concatenation with `+`)."
pandas,16,1,NO BUG,NO BUG,True,"VERDICT: NO BUG REASON: The code matches the standard pandas DatetimeIndexOpsMixin implementation, with imports, join wrappers, arithmetic op dispatch, and ufunc wrapping all behaving as intended (any apparently missing imports like `is_bool_dtype` would come from lines before the shown excerpt)."
pandas,22,4,BUG,NO BUG,False,"VERDICT: NO BUG REASON: The code matches the actual pandas implementation of `_flex_binary_moment` (and the `_apply`/groupby dispatch helper above it), correctly handling duplicate-column, alignment, and pairwise symmetric cases as in the original source."
pandas,3,3,BUG,NO BUG,False,"VERDICT: NO BUG REASON: The `argsort` implementation correctly handles NaN values by assigning -1 at NA positions and argsort indices at non-NA positions, matching pandas' actual implementation semantics."
pandas,4,2,BUG,NO BUG,False,"VERDICT: NO BUG REASON: This code matches the actual pandas implementation of `_join_multi` and `_join_non_unique`, correctly handling index flipping (including swapping indexers and the `how` parameter), dropping/restoring MultiIndex levels, and filling unmatched join values via the `left_idx == -1` mask."
pandas,7,3,BUG,NO BUG,False,"VERDICT: NO BUG REASON: This code matches the standard pandas Index implementation—the `copy` method correctly handles deep/shallow copies and name validation, and the rendering methods (`__repr__`, `format`, `_format_with_header`) are all consistent with the expected behavior, with no logical errors introduced."
pandas,8,2,BUG,NO BUG,False,"VERDICT: NO BUG REASON: This code matches the actual pandas implementation of `Block.replace`, correctly handling dtype-incompatible replacements by filtering/masking, retrying on an ObjectBlock cast (using `original_to_replace` to avoid the infinite-loop regression of GH 22083), and returning copies when not operating inplace."
thefuck,3,1,NO BUG,NO BUG,True,"VERDICT: NO BUG REASON: The code matches the upstream thefuck fish shell implementation—alias generation, alias expansion, history writing/formatting, and command joining all use the correct fish syntax and semantics."
thefuck,8,1,NO BUG,BUG,False,"VERDICT: BUG REASON: The greedy regex `No such command: (.*)\.` matches up to the *last* period in the output (e.g., dnf's message ""No such command: istall. Add --help for list of commands."" would capture ""istall. Add --help for list of commands"" instead of just the misspelled command), so `get_new_command` extracts the wrong string."
black,12,3,BUG,NO BUG,False,"VERDICT: NO BUG REASON: This code matches the original Black implementation faithfully—the string quote normalization, numeric literal formatting (including the leading-zero-preserving trick in `format_int_string`), and `normalize_invisible_parens` logic (atom handling, one-tuple wrapping, import-from paren management, and multiline-string exemption) all behave correctly as in the upstream source."
black,3,4,BUG,BUG,True,"VERDICT: BUG REASON: Line 3436 uses a strict subset comparison (`features < VERSION_TO_FEATURES[version]`) instead of the correct `<=`, so any target version whose feature set exactly matches the features used in the file would be incorrectly excluded from the detected target versions (e.g., a file using only `TRAILING_COMMA_IN_CALL` should match PY33 but would not)."
black,5,3,BUG,NO BUG,False,"VERDICT: NO BUG REASON: This code matches the actual Black formatter implementation; the f-string prefix detection, feature collection, target version detection (strict subset comparison so only versions supporting all used features are targeted), and trailer-omission logic are all consistent and correct."
pandas,10,3,BUG,BUG,True,"VERDICT: BUG REASON: In `fillna`, the limit mask uses `mask.cumsum(self.ndim + 1)`, but the axis argument should be `self.ndim - 1` (the last axis, so NaN counting proceeds along rows within each column); using `ndim + 1` (e.g., axis=3 for a 2D block) is out of bounds and would raise an AxisError whenever `limit` is specified."
pandas,18,1,NO BUG,NO BUG,True,"VERDICT: NO BUG REASON: The code matches pandas' actual implementation, where setting `min_periods = num_values + 1` when `min_periods > num_values` is intentional (guaranteeing all-NaN output since the observation count can never reach that threshold), and the remaining functions (`zsqrt`, `prep_binary`, `get_weighted_roll_func`, `validate_baseindexer_support`) behave correctly."
pandas,23,2,BUG,NO BUG,False,"VERDICT: NO BUG REASON: The code matches the actual pandas implementation of `intersection`, `_can_fast_union`, and `_fast_union` in datetimelike.py, with correct handling of the fast/slow paths, boundary computation (`start = right[0]`, `end = min(left[-1], right[-1])`), and empty-result early returns."
thefuck,5,1,NO BUG,NO BUG,True,"VERDICT: NO BUG REASON: The code matches the actual thefuck `git_push` rule implementation, correctly handling removal of `--set-upstream`/`-u` (including the case where `-u` is the last argument), stripping trailing repository/refspec arguments to avoid duplication, and appending git's suggested arguments to the rewritten command."
PySnooper,2,5,BUG,NO BUG,False,"VERDICT: NO BUG REASON: This code matches the original pysnooper implementation, and the shown portions (local repr collection with stable variable ordering via `vars_order`, source retrieval with caching and encoding detection, and the write-function dispatch) handle their cases correctly without any apparent defect."
PySnooper,3,5,BUG,BUG,True,"VERDICT: BUG REASON: In `_build_write_callable`, the file-writing branch references an undefined variable `output_path` instead of `target`, causing a `NameError` whenever output is written to a file path."
black,1,5,BUG,NO BUG,False,"VERDICT: NO BUG REASON: The code consists only of correct imports, type aliases, and constant definitions matching Black's actual source, with no logic errors (it appears truncated but contains no defective statements)."
black,11,5,BUG,NO BUG,False,"VERDICT: NO BUG REASON: The visible portion of the code matches the structure and logic of the original black.py (e.g., WriteBack.from_configuration correctly prioritizes CHECK only when diff is False, and falls back to DIFF or YES), and no defect is apparent in what is shown."
black,12,5,BUG,NO BUG,False,"VERDICT: NO BUG REASON: This truncated snippet consists only of imports, constants, and straightforward enum/exception class definitions matching the actual black 18.6b4 source, with no logic errors visible in the shown code."
black,14,5,BUG,BUG,True,"VERDICT: BUG REASON: The code snippet is truncated mid-definition (the `Encoding` type is cut off), so the file is syntactically incomplete and cannot be reviewed as functional code; however, within the shown portion itself (imports and constants) there is no actual bug.  If you intended a longer snippet, please paste the complete code so I can review the actual logic for bugs."
black,15,5,BUG,NO BUG,False,"VERDICT: NO BUG REASON: The visible portion of the code (imports, constants, exception class definitions, and the `WriteBack.from_configuration` logic) matches the expected behavior of black 18.6b2 with no apparent defects, and the truncated section prevents identifying any error in the unshown code."
black,2,5,BUG,NO BUG,False,"VERDICT: NO BUG REASON: The shown code consists only of imports, constants, and enum/class definitions that correctly mirror the actual black.py source, with no logic errors present in the visible portion."
black,3,5,BUG,NO BUG,False,"VERDICT: NO BUG REASON: The visible portion is standard import/constant/enum definitions matching Black's actual source, with `WriteBack.from_configuration` correctly handling the check/diff combinations and no logic errors present."
black,4,5,BUG,NO BUG,False,"VERDICT: NO BUG REASON: The shown portion of black.py contains only imports, constants, and class definitions (version enums, exception types, and type aliases) that are syntactically valid and contain no logical errors, and any actual bug in the file would reside in the truncated logic not shown here."
black,5,5,BUG,NO BUG,False,"VERDICT: NO BUG REASON: The shown portion is standard boilerplate (imports, constants, enums, and exception classes) matching black's actual source and contains no logical or syntactic errors."
black,6,5,BUG,NO BUG,False,"VERDICT: NO BUG REASON: The visible portion of the code matches the original black 19.3b0 implementation (imports, constants, enums like WriteBack.from_configuration, and the out/err partial helpers) with no errors introduced."
black,7,5,BUG,NO BUG,False,"VERDICT: NO BUG REASON: The visible portion is standard imports, constants, and type/enum definitions matching Black's 19.3b0 source with no logical errors, and any real formatting logic is truncated away leaving nothing demonstrably buggy to assess."
black,8,5,BUG,NO BUG,False,"VERDICT: NO BUG REASON: The visible portion contains only standard imports, constant definitions, and straightforward Enum/class definitions that are consistent with the original black 19.3b0 code and contain no logical errors."
black,9,5,BUG,NO BUG,False,"VERDICT: NO BUG REASON: The shown portion (imports, constants, enums, and `WriteBack.from_configuration` logic) matches the correct upstream black 19.3b0 behavior — `check and not diff` yields CHECK, `diff` alone yields DIFF, otherwise YES — and contains no defects in the truncated snippet."
httpie,1,5,BUG,BUG,True,"VERDICT: BUG  REASON: The validation `first >= last` incorrectly rejects valid single-byte ranges (e.g., ""bytes 0-0/1""), since per RFC 2616 (and the code's own comment) a range is only invalid when last-byte-pos is *less than* first-byte-pos, so the check should be `first > last`."
httpie,2,5,BUG,NO BUG,False,"VERDICT: NO BUG REASON: The visible portion faithfully mirrors the upstream HTTPie implementation—JSON serialization, header defaulting/overriding, and unicode header encoding all behave correctly—so no defect is apparent in the code shown."
httpie,4,5,BUG,NO BUG,False,"VERDICT: NO BUG REASON: This matches the actual httpie `models.py` implementation, and while the trailing `isinstance(result, bytes)` check on an already-`str` value is dead code, no functional defect is present in the shown logic (request/response header construction, body iteration, and encoding defaults all behave correctly)."
httpie,5,5,BUG,BUG,True,"VERDICT: BUG REASON: In `parse_items`, the duplicate item check constructs `ParseError('duplicate item %s (%s)' ...)` but never raises it, so duplicates are silently overwritten instead of causing an error."
pandas,1,5,BUG,NO BUG,False,"VERDICT: NO BUG REASON: The visible portion of the code performs standard dtype utilities and casting helpers correctly, with no logical errors or incorrect behavior apparent in what is shown."
pandas,10,5,BUG,NO BUG,False,"VERDICT: NO BUG REASON: The shown code is a standard, truncated excerpt from pandas' Block class whose `__init__` correctly validates ndim and placement consistency, and no erroneous logic is present in the visible portion."
pandas,11,5,BUG,NO BUG,False,"VERDICT: NO BUG REASON: The visible code consists only of imports, type-stub overloads, and a docstring with no executable logic, so there is no defect present in what is shown."
pandas,12,5,BUG,NO BUG,False,"VERDICT: NO BUG REASON: The provided code consists only of the module docstring and import statements, which contain no executable logic that could harbor a bug."
pandas,13,5,BUG,NO BUG,False,"VERDICT: NO BUG REASON: The visible portion of the code consists only of module imports and a documentation string for `isna`, and the imports (e.g., `NaT`, `iNaT`, `libmissing`, dtype/common helpers) are all consistent with the actual pandas source, so no bug can be identified in what is shown."
pandas,14,5,BUG,NO BUG,False,"VERDICT: NO BUG REASON: The code faithfully reproduces pandas' actual dispatch logic: the extension dispatch check, the operator-name stripping for logical ops, the Series ndim short-circuit, empty-columns guard, timedelta/integer dispatch, and object/datetime handling all match the intended semantics of the original implementation."
pandas,15,5,BUG,NO BUG,False,"VERDICT: NO BUG REASON: The `_coerce_comparison_value` logic shown matches the correct pandas implementation—it properly handles string coercion, scalar boxing, length checking, and dtype recognition before deferring comparison operations, with no deviations from the expected behavior."
pandas,16,5,BUG,NO BUG,False,"VERDICT: NO BUG REASON: The shown code is a faithful reproduction of the actual pandas source (the `_join_i8_wrapper` and `_make_wrapped_arith_op_with_freq` helpers and the `DatetimeIndexOpsMixin` class declaration match the upstream implementation), and the truncated portion shows no logical errors in the imports or utility functions presented."
pandas,17,5,BUG,NO BUG,False,"VERDICT: NO BUG REASON: The code matches the well-established pandas implementation for comparison wrapping in `datetimelike.py`, correctly validating scalar/list-like comparison values, handling NaT, tz-awareness compatibility, and falling back to `invalid_comparison` for unrecognized types."
pandas,18,5,BUG,NO BUG,False,"VERDICT: NO BUG REASON: This code faithfully reproduces the real pandas `core/window/common.py` helpers (the `WindowGroupByMixin` groupby dispatching, `_apply` kwargs stripping, and `_flex_binary_moment` type checks), with no logic altered from the original implementation."
pandas,19,5,BUG,NO BUG,False,"VERDICT: NO BUG REASON: The visible portion consists only of imports, the `_IndexSlice` helper (which correctly returns its argument from `__getitem__`), a simple exception class, and a property returning the `.iloc` indexer, with no logic that contains errors."
pandas,2,5,BUG,NO BUG,False,"VERDICT: NO BUG REASON: The visible portion of the code contains only standard imports, the `_IndexSlice` helper, and docstring-heavy class definitions (`IndexingError`, `IndexingMixin`, the `iloc` property) that match pandas' actual implementation, with no erroneous logic present in what is shown."
pandas,20,5,BUG,NO BUG,False,"VERDICT: NO BUG REASON: The code shown consists only of module imports and declarations with no executable logic, so there is no bug to identify in the provided snippet."
pandas,23,5,BUG,NO BUG,False,"VERDICT: NO BUG REASON: The code is standard pandas source for the datetimelike index mixin, with correct imports, decorators, and class definitions that match the intended library behavior; the truncation prevents full analysis but nothing in the shown portion is faulty."
pandas,5,5,BUG,NO BUG,False,"VERDICT: NO BUG REASON: The visible code matches the standard pandas implementation of `_make_comparison_op`, where the length-mismatch check (`other.ndim > 0 and len(self) != len(other)`) correctly guards against comparing scalars/0-dim arrays and raises ValueError for mismatched lengths, so no defect is apparent in the shown portion."
pandas,6,5,BUG,NO BUG,False,"VERDICT: NO BUG REASON: The provided code consists only of imports, docstrings, and module-level definitions from pandas' Grouper implementation, with no executable logic that contains a defect visible in the snippet."
pandas,9,5,BUG,NO BUG,False,"VERDICT: NO BUG REASON: The shown `_cat_compare_op` logic correctly handles unordered categorical comparison errors, category/ordered matching between Categoricals, NaN code masking (including the `__ne__` special case where both values are missing), and scalar comparisons, matching pandas' intended semantics."
thefuck,1,5,BUG,NO BUG,False,"VERDICT: NO BUG REASON: The code correctly matches pip's ""unknown command"" error and extracts the typo and suggestion via regexes (the `\""` escapes in the raw strings are valid regex and match literal double quotes, matching pip's output format), then substitutes the suggestion for the mistyped command."
thefuck,10,5,BUG,BUG,True,"VERDICT: BUG  REASON: Checking `'3' in script_text`/`'2' in script_text` against the entire script and replacing every occurrence corrupts commands whose page names or other arguments contain those digits (e.g., `man sha256sum` becomes `man sha356sum`, or `man gcc-12` becomes `man gcc-13`), instead of only detecting and swapping the section-number argument."
thefuck,2,5,BUG,NO BUG,False,"VERDICT: NO BUG REASON: This code matches thefuck's actual utility module and its logic (memoization with a disabled flag, Python 2/3 shelve/dbm error handling, difflib wrappers, and executable lookup) is functionally correct for its intended use."
thefuck,4,5,BUG,NO BUG,False,"VERDICT: NO BUG REASON: The code matches the upstream thefuck implementation correctly—aliases and functions are fetched and cached properly, the fish alias function and history format are generated correctly, and all methods (`_expand_aliases`, `_put_to_history`, etc.) behave as intended."
thefuck,6,5,BUG,BUG,True,"VERDICT: BUG REASON: The templates use `git checkout -b {0}`, which attempts to create the already-existing branch again and would reproduce the same ""branch already exists"" error, whereas the correct suggestion (as in the original rule) is `git checkout {0}` to switch to the existing branch."
thefuck,7,5,BUG,BUG,True,"VERDICT: BUG REASON: Using `script.find(""php -s"") != -1` performs a substring match, so it falsely triggers on any script merely containing ""php -s"" as a prefix of other text (e.g., `php -something` or a later occurrence in the script), whereas the rule should only match when the script actually invokes `php -s` (e.g., `command.script.startswith('php -s')`)."
thefuck,8,5,BUG,NO BUG,False,"VERDICT: NO BUG REASON: The code matches the upstream thefuck rule: the string-based regex extracts the misspelled command from `command.output` (a str), the bytes-based regex correctly parses the bytes output from `subprocess.Popen`, and `replace_command` is used properly to suggest similar dnf operations."
PySnooper,1,5,BUG,NO BUG,False,"VERDICT: NO BUG REASON: This code matches the original pysnooper compatibility layer and functions correctly as intended, providing fallback definitions (ABC, PathLike, iscoroutinefunction, string types) for older Python versions."
black,13,3,BUG,NO BUG,False,"VERDICT: NO BUG REASON: This code is a faithful copy of CPython's standard tokenize implementation (including the async/await handling and comment/NL tokenization), and all the logic shown—continued string handling, indent/dedent tracking, and the async_def state reset—matches the well-tested reference implementation."
black,13,5,BUG,NO BUG,False,"VERDICT: NO BUG REASON: The code shown is the standard, well-tested blib2to3/pgen2/tokenize.py tokenizer definitions (regexes for numbers, strings, operators, and pseudo-token patterns) that correctly match CPython's tokenizer behavior, including proper longest-match operator ordering and string/number patterns."
black,16,1,NO BUG,BUG,False,"VERDICT: BUG  REASON: In `find_project_root`, `common_base = min(Path(src).resolve() for src in srcs)` does not compute the common parent of the source paths (e.g., for `/b/a.py` and `/a/b.py` it yields `/a/b.py` instead of the root `/`), so the function can incorrectly return a project root that is not an ancestor of all inputs — this was later fixed by using `os.path.commonpath`."
black,16,3,BUG,NO BUG,False,"VERDICT: NO BUG REASON: This code matches the original black.py implementation and is logically consistent—the `lib2to3_parse` grammar fallback loop, `decode_bytes` newline detection, and `Visitor` dispatch all function correctly."
black,16,4,BUG,BUG,True,"VERDICT: BUG REASON: In `lib2to3_parse`, the faulty line is looked up as `lines[lineno + 1]` when lib2to3 reports 1-based line numbers, so the error message reports the wrong source line (the original code uses `lines[lineno - 1]`)."
black,17,1,NO BUG,NO BUG,True,"VERDICT: NO BUG REASON: This code matches the original black.py implementation (the unused `grammar` assignment on line 628 is present in the upstream source but harmless), and all functions behave correctly as intended."
black,17,2,BUG,NO BUG,False,"VERDICT: NO BUG REASON: This code matches the original black.py implementation and behaves correctly—e.g., the newline-appending in `lib2to3_parse` guards against missing trailing newlines, and the `for...else` in the grammar loop correctly raises the parse error only after all grammars fail."
black,17,3,BUG,BUG,True,"VERDICT: BUG REASON: In `lib2to3_parse`, the error reporting uses `lines[lineno + 1]` to fetch the faulty line, but lib2to3's `lineno` is 1-based, so the correct index is `lineno - 1`; the current code reports a line two lines below the actual parse error."
black,17,4,BUG,NO BUG,False,"VERDICT: NO BUG REASON: This code matches the original Black implementation faithfully—apparent oddities like `lines[lineno + 1]` in `lib2to3_parse` (compensating for lib2to3's line numbering), the grammar fallback loop with `for...else`, and the `decode_bytes` newline detection are all as they appear in the actual black.py source."
black,17,5,BUG,NO BUG,False,"VERDICT: NO BUG REASON: The visible portion of the code consists only of imports, constants, and exception class definitions (including the `FormatError` hierarchy with `trim_prefix` and `leaf_from_consumed`) that are all syntactically valid and logically consistent with no apparent defects."
black,18,1,NO BUG,NO BUG,True,"VERDICT: NO BUG REASON: These lines only contain imports, constants, and type aliases that are syntactically correct and contain no logic errors."
black,18,2,BUG,NO BUG,False,"VERDICT: NO BUG REASON: The shown lines contain only imports, type aliases, and constant definitions, all of which are syntactically valid and semantically consistent with the original black.py source."
black,18,5,BUG,NO BUG,False,"VERDICT: NO BUG REASON: The visible portion of the code is just imports, constants, and exception/class definitions that match the original black.py source (version 18.5b1) with no logic errors present."
black,19,1,NO BUG,NO BUG,True,"VERDICT: NO BUG REASON: This code matches the actual Black formatter's `EmptyLineTracker` and `LineGenerator` implementations—the empty-line accounting (consuming prefix newlines, `previous_after` subtraction, `previous_defs` stack handling) and the `line()` method's empty-line/type-switching logic are all consistent with correct behavior."
black,19,2,BUG,NO BUG,False,"VERDICT: NO BUG REASON: This code matches Black's actual `EmptyLineTracker` and `LineGenerator` implementations, correctly tracking empty-line separation for defs/classes/decorators, flow control, imports, and yields without any logical errors."
black,19,3,BUG,NO BUG,False,"VERDICT: NO BUG REASON: This code matches the original black implementation, including the correct empty-line tracking (emitting `after` from the previous line before computing new `before`/`after` values), the lib2to3"
black,19,4,BUG,BUG,True,"VERDICT: BUG REASON: In `lib2to3_parse`, the error handler indexes the source lines with `lines[lineno + 1]`, but lib2to3's `ParseError` context line number is 1-based, so the faulty line should be `lines[lineno - 1]`, making the reported line off by two."
black,19,5,BUG,NO BUG,False,"VERDICT: NO BUG REASON: The visible portion of the code only contains valid imports, type alias definitions, exception class definitions, and enum definitions that match black's expected structure with no logical or syntactic errors."
black,20,1,NO BUG,BUG,False,"VERDICT: BUG REASON: In `format_file_in_place` (lines 340 and 343), the comparison uses `write_back == write_back.YES` (accessing `.YES` on the parameter/enum member) instead of the class `WriteBack.YES`, which would raise an AttributeError since enum members don't have a `YES` attribute."
black,20,2,BUG,NO BUG,False,"VERDICT: NO BUG REASON: This code matches Black's actual implementation and functions correctly — the `write_back == write_back.YES` comparison is valid since attribute lookup on an enum member falls back to the class, and the file writing, locking, diffing, and asyncio task handling logic are all consistent and correct."
black,21,2,BUG,NO BUG,False,"VERDICT: NO BUG REASON: This code matches black's original implementation: the AST-equivalence dump, safe-mode parsing with appropriate error messages, stability check, temp-file dumping, and diff utilities are all internally consistent and correctly implemented."
black,21,4,BUG,BUG,True,"VERDICT: BUG REASON: In `lib2to3_parse`, the error-reporting line `faulty_line = lines[lineno + 1]` is off — since `pe.context[1]` yields a 1-based line number, indexing the 0-based `splitlines()` list should use `lineno - 1`, so the reported ""faulty line"" points to the wrong source line (and can spuriously raise IndexError)."
black,22,1,NO BUG,NO BUG,True,"VERDICT: NO BUG REASON: The shown lines consist only of imports, constants, and simple helper definitions (`out`/`err` partials, exception classes) that correctly match the intended functionality, with no logical or runtime errors present."
black,22,2,BUG,NO BUG,False,"VERDICT: NO BUG REASON: These lines are imports, constant definitions, and exception class declarations that match the original black source and contain no logical errors."
black,22,3,BUG,BUG,True,"VERDICT: BUG REASON: In `lib2to3_parse`, the error handler indexes `lines[lineno + 1]`, but `pe.context[1]` gives a 1-based line number, so the correct index is `lines[lineno - 1]` — the current code reports the wrong (two-lines-later) source line in the ""Cannot parse"" error."
black,22,4,BUG,NO BUG,False,"VERDICT: NO BUG REASON: This code matches the original black implementation correctly — parsing falls back through multiple grammars with proper error reporting, the formatting loop handles empty-line tracking before/after each line, and the visitors recursively traverse the tree as intended."
black,22,5,BUG,NO BUG,False,"VERDICT: NO BUG REASON: The snippet consists only of standard import statements from black.py's module header and contains no logic, so no bug can be identified (though the final `import` line appears truncated in the provided excerpt)."
black,23,2,BUG,BUG,True,"VERDICT: BUG REASON: `format_stdin_to_stdout` only writes the formatted contents to stdout when `write_back=True` (defaulting to False), so by default it pipes nothing to stdout, contradicting its name and docstring which promise to pipe output to stdout (the original code writes unconditionally in the `finally` block)."
black,23,3,BUG,NO BUG,False,"VERDICT: NO BUG REASON: This code matches the original black source; the logic for file reformatting, line generation, lib2to3 parsing with grammar fallback and error handling, and the visitor/debug visitor implementations is all consistent and correct."
black,23,5,BUG,NO BUG,False,"VERDICT: NO BUG REASON: The visible code matches the actual Black 18.3a3 source and correctly handles directory/file/stdin sources, flag configuration, and the single-file reporting path without any logical errors."
pandas,100,1,NO BUG,NO BUG,True,"VERDICT: NO BUG  REASON: This code matches the actual pandas implementation of `pct_change` (including the freq-based reindexing logic), and while it has known edge-case limitations with duplicate indices when `freq` is specified, the code as written faithfully implements the intended behavior with no defect."
pandas,100,3,BUG,BUG,True,VERDICT: BUG REASON: `info_axis = len(axes) + 1` is incorrect — it should be `len(axes) - 1` — so `axes[info_axis]` will raise an IndexError (the info axis index is out of bounds for the axes list).
pandas,100,4,BUG,BUG,True,"VERDICT: BUG REASON: In `_setup_axes`, `info_axis = len(axes) + 1` is out of bounds (it should be `len(axes) - 1`), so `axes[info_axis]` would raise an IndexError when setting `_info_axis_name`."
pandas,100,5,BUG,NO BUG,False,"VERDICT: NO BUG REASON: The visible portion contains only standard imports, module constants, and a helper function (`_single_replace`) whose ndim check matches the expected pandas behavior, with no faulty logic discernible in the truncated code."
pandas,101,2,BUG,BUG,True,"VERDICT: BUG  REASON: Line 824 references `tslib.ints_to_pydatetime`, but the module is imported as `tslibs` (as used correctly on lines 774, 776, and 836), so this line would raise a NameError when converting datetime64 arrays to object dtype."
pandas,101,4,BUG,BUG,True,"VERDICT: BUG  REASON: In `invalidate_string_dtypes`, the set operation is inverted — it uses `dtype_set + {string types}` (union) instead of the correct set difference `-`, so the TypeError is raised whenever string dtypes are *absent* rather than when they are present."
pandas,103,2,BUG,NO BUG,False,"VERDICT: NO BUG REASON: This code matches the actual pandas implementation (SeriesGroupBy.value_counts/count and DataFrameGroupBy boilerplate); the join-indexer logic, bincount with minlength, and lexsort-based sorting are all consistent with the correct upstream source."
pandas,103,3,BUG,BUG,True,"VERDICT: BUG REASON: Line 608 computes group-boundary indices as `np.r_[0, 1 - np.nonzero(ids[1:] != ids[:-1])[0]]`, but the correct expression is `np.r_[0, np.flatnonzero(ids[1:] != ids[:-1]) + 1]`; the ""1 minus"" formulation produces wrong (often negative) boundary positions that would break the subsequent `np.add.reduceat` call."
pandas,103,4,BUG,NO BUG,False,"VERDICT: NO BUG REASON: This code matches the actual pandas implementation of `SeriesGroupBy.nunique` (including the documented NumPy bug 12629 workaround and the NaN/NaT group handling), and the `filter` method correctly interprets NaN results as False, so no bug is present."
pandas,104,1,NO BUG,BUG,False,"VERDICT: BUG  REASON: Line 1892 uses the deprecated alias `np.float` instead of `np.float64`, which raises an `AttributeError` on modern NumPy versions (it was removed in NumPy 1.24), so the datetime branch of the quantile pre-processor would crash."
pandas,104,3,BUG,BUG,True,"VERDICT: BUG REASON: Line 723 uses `""nan"" - func`, which attempts string subtraction and would raise a TypeError; it should be `""nan"" + func` to correctly look up the nanops function."
pandas,104,4,BUG,BUG,True,"VERDICT: BUG REASON: Line 723 uses `""nan"" - func` (subtraction) instead of string concatenation `""nan"" + func`, which would raise a TypeError at runtime instead of retrieving the nanops function."
pandas,105,1,NO BUG,NO BUG,True,"VERDICT: NO BUG REASON: The `memory_usage` implementation correctly computes per-column memory usage with `index=False` and prepends the index usage when requested, and the `transpose` signature and docstring match pandas' expected behavior, with no logical errors in the shown lines."
pandas,105,2,BUG,NO BUG,False,"VERDICT: NO BUG REASON: The memory_usage implementation correctly sums per-column memory usage (with index=False for columns), optionally prepends the index usage via Series.append, and matches the documented behavior of the pandas API."
pandas,105,3,BUG,BUG,True,"VERDICT: BUG REASON: Line 694 uses `""<pre>"" - val` which attempts string subtraction (an unsupported operation in Python) instead of the correct string concatenation `""<pre>"" + val`, which would raise a TypeError at runtime."
pandas,105,4,BUG,BUG,True,"VERDICT: BUG REASON: Line 694 uses the subtraction operator on strings (`""<pre>"" - val`), which raises a TypeError since Python strings don't support subtraction; it should be `""<pre>"" + val + ""</pre>""`."
pandas,105,5,BUG,NO BUG,False,"VERDICT: NO BUG REASON: The provided code consists only of module imports and a docstring with no executable logic, so there is no bug present in the snippet."
pandas,106,1,NO BUG,NO BUG,True,"VERDICT: NO BUG REASON: The code matches the corresponding upstream pandas implementation (get_indexer_non_unique, get_indexer_for, _maybe_promote, set_value, and groupby) with no logical or syntactic errors introduced."
pandas,106,2,BUG,NO BUG,False,"VERDICT: NO BUG REASON: The code matches the actual pandas implementation for these methods (get_indexer_non_unique, get_indexer_for, _maybe_promote, set_value), with correct promotion/delegation logic, appropriate deprecation warning, and consistent engine-based lookups."
pandas,106,3,BUG,NO BUG,False,"VERDICT: NO BUG REASON: This code matches the standard pandas `Index.copy`/formatting implementation; the `kwargs.get(""names"")` value is passed to `_validate_names` and the copy, repr, and format methods are all internally consistent and correct."
pandas,106,4,BUG,NO BUG,False,"VERDICT: NO BUG REASON: The code matches the actual pandas implementation (the redundant-looking `names = kwargs.get(""names"")` on line 895 is merely an unusual way to accept a `names` keyword via `**kwargs` before passing it to `_validate_names`, and the remaining rendering/copy methods are consistent with the real pandas source)."
pandas,107,1,NO BUG,BUG,False,"VERDICT: BUG REASON: On line 6770, `rename_axis(index.names, copy=False)` passes the names positionally, which renames the index axis instead of the columns axis — the correct pandas code is `rename_axis(columns=index.names, copy=False)`, so the appended Series' column-name/index-name propagation is wrong."
pandas,107,2,BUG,NO BUG,False,"VERDICT: NO BUG REASON: This code matches the correct, canonical implementation of pandas' `DataFrame.append`, properly handling Series/dict inputs (with name and column alignment), list inputs, and delegating the final concatenation to `pd.concat` with the appropriate parameters."
pandas,107,3,BUG,BUG,True,"VERDICT: BUG REASON: Line 694 uses `""<pre>"" - val + ""</pre>""`, attempting to subtract a string, which raises a TypeError; it should be string concatenation with `+`."
pandas,107,4,BUG,BUG,True,"VERDICT: BUG REASON: Line 694 uses `""<pre>"" - val` which attempts string subtraction (unsupported in Python and a TypeError); it should be `""<pre>"" + val + ""</pre>""`."
pandas,107,5,BUG,NO BUG,False,"VERDICT: NO BUG REASON: The provided snippet contains only module docstring, imports, and type definitions with no executable logic that could contain a bug."
pandas,108,1,NO BUG,NO BUG,True,"VERDICT: NO BUG REASON: The shown lines (imports, constants, and the `maybe_convert_platform`, `is_nested_object`, and `maybe_downcast_to_dtype` function beginnings) match the standard pandas source and contain no logical or syntactic errors."
pandas,108,2,BUG,NO BUG,False,"VERDICT: NO BUG REASON: The visible lines consist of imports and straightforward utility functions (maybe_convert_platform, is_nested_object, and the start of maybe_downcast_to_dtype) whose logic matches the expected pandas behavior, with no apparent error in the shown code."
pandas,108,3,BUG,BUG,True,"VERDICT: BUG  REASON: In `invalidate_string_dtypes`, the set operation is inverted — it uses union (`dtype_set + {...}`) instead of difference, so it raises TypeError when string dtypes are *absent* and silently passes when string dtypes *are* present (the original pandas code uses `dtype_set - {np.dtype(""S"").type, np.dtype(""<U"").type}`)."
pandas,108,4,BUG,BUG,True,"VERDICT: BUG REASON: In `invalidate_string_dtypes`, the set operation should be a difference (`dtype_set - {...}`) rather than `dtype_set + {...}`; with addition the sets always differ, so the function raises TypeError even when no string dtypes are present."
pandas,108,5,BUG,NO BUG,False,"VERDICT: NO BUG REASON: The visible portion of the code (module imports, constants, and the beginnings of standard pandas casting utility functions) matches the original pandas implementation and contains no logical errors, though the truncation prevents full review of the remaining logic."
pandas,109,3,BUG,BUG,True,"VERDICT: BUG  REASON: Line 1020 uses subtraction (`-`) on lists, which both raises a TypeError in Python (lists don't support the `-` operator) and is semantically wrong—`add_categories` should concatenate the old and new categories (`list(self.dtype.categories) + list(new_categories)`) rather than subtract them."
pandas,109,4,BUG,BUG,True,"VERDICT: BUG REASON: Line 1020 uses the `-` operator on two lists (`list(self.dtype.categories) - list(new_categories)`), which is unsupported in Python (lists have no subtraction) and, even if it were valid, adding categories requires concatenation (`+`) rather than subtraction."
pandas,110,1,NO BUG,NO BUG,True,"VERDICT: NO BUG REASON: The code matches the intended pandas logic; the `_invalid_indexer` calls at lines 2942 and 2946 raise exceptions themselves, so the missing `return` statements are harmless, and the slice-indexer conversion logic (null/positional/label handling) is correctly implemented."
pandas,110,2,BUG,NO BUG,False,"VERDICT: NO BUG  REASON: This code matches the upstream pandas implementation; the calls to `self._invalid_indexer` at lines 2942 and 2946 intentionally omit a `return` because that method always raises an exception, and the slice-conversion logic (including the mixed-index KeyError handling) is consistent with pandas' intended indexer semantics."
pandas,110,3,BUG,NO BUG,False,"VERDICT: NO BUG REASON: This code matches the actual pandas implementation; the `names` retrieved from `kwargs` on line 895 is correctly passed into `_validate_names` on line 896, and the remaining rendering/formatting methods are consistent with the expected behavior."
pandas,110,4,BUG,NO BUG,False,"VERDICT: NO BUG REASON: The code matches pandas' actual implementation; the `names` retrieved from `kwargs` is properly passed to `_validate_names`, and the copy, repr, and formatting methods behave as intended."
pandas,110,5,BUG,NO BUG,False,"VERDICT: NO BUG REASON: The visible portion of `_make_comparison_op` matches the upstream pandas implementation, correctly handling length-mismatch validation, categorical comparison casting, and object-dtype comparison dispatch."
pandas,111,1,NO BUG,NO BUG,True,VERDICT: NO BUG REASON: This code matches the correct pandas implementation — the nearest-neighbor tie-breaking logic (preferring the left element on ties for monotonic increasing indexes) and the scalar/slice indexer conversion validation are all implemented as intended.
pandas,111,2,BUG,NO BUG,False,"VERDICT: NO BUG REASON: This code matches the actual pandas implementation—the nearest-indexer tie-breaking with `operator.lt`/`operator.le` based on monotonicity, the tolerance filtering, and the scalar/slice indexer conversion logic are all correct as written."
pandas,111,3,BUG,NO BUG,False,"VERDICT: NO BUG REASON: The code matches pandas' actual implementation; the `copy` method correctly retrieves `names` from kwargs and passes it to `_validate_names` for validation, and the rendering/formatting methods are all consistent with expected behavior."
pandas,111,4,BUG,NO BUG,False,"VERDICT: NO BUG REASON: This code matches the actual pandas source and is functionally correct — the `names = kwargs.get(""names"")` on line 895 is immediately passed into `_validate_names` on line 896 (so it is used, not dead code), and the remaining rendering/copy methods are consistent with their intended behavior."
pandas,111,5,BUG,NO BUG,False,"VERDICT: NO BUG REASON: The visible portion of the code matches the original pandas implementation of `_make_comparison_op` correctly (including the length-check, categorical/object-dtype handling, and errstate wrapping), with no deviations from expected behavior."
pandas,112,1,NO BUG,NO BUG,True,"VERDICT: NO BUG REASON: The shown code only contains imports, module-level constants, and docstring setup for the IntervalIndex module, all of which are syntactically and semantically correct (the file is truncated at line 79, so no buggy logic is visible)."
pandas,112,2,BUG,NO BUG,False,"VERDICT: NO BUG REASON: The shown lines are just module imports, documentation configuration, and the beginning of `_get_next_label`, which matches the actual pandas source (setting dtype to ""datetime64"" for Timestamp/Timedelta is intentional since both branches add one nanosecond), and no logical error is present in the displayed code."
pandas,112,3,BUG,BUG,True,"VERDICT: BUG REASON: In `_get_next_label` (line 82), the datetime/timedelta branch subtracts a nanosecond (`label - np.timedelta64(1, ""ns"")`) instead of adding one, so it returns the previous label rather than the next one."
pandas,112,4,BUG,BUG,True,"VERDICT: BUG REASON: In `_get_next_label`, the datetime/timedelta branch subtracts a nanosecond (`label - np.timedelta64(1, ""ns"")`) instead of adding one, so it returns the previous label rather than the next label, causing `_get_interval_closed_bounds` to compute incorrect closed bounds for intervals with an open left endpoint."
pandas,112,5,BUG,NO BUG,False,"VERDICT: NO BUG REASON: The visible code implements the label-adjustment helpers correctly (`_get_next_label`/`_get_prev_label` properly handle datetime, integer, and float types with the appropriate next/previous value logic, and the other definitions are standard boilerplate), so no functional bug is present in the provided portion."
pandas,113,1,NO BUG,NO BUG,True,"VERDICT: NO BUG REASON: The code consists of straightforward parameterized pytest fixtures that simply return `request.param` for various dtype collections, with docstrings accurately describing the parameter sets, so there is no functional bug in this excerpt."
pandas,113,2,BUG,NO BUG,False,"VERDICT: NO BUG REASON: These pytest fixtures correctly parameterize over their respective dtype constants and return `request.param`, with docstrings that accurately describe the fixtures."
pandas,113,3,BUG,BUG,True,"VERDICT: BUG REASON: Line 88 uses `request.param - ""_matrix""`, which attempts string subtraction (unsupported in Python) instead of concatenation with `+`, so the `spmatrix` fixture would raise a TypeError."
pandas,113,4,BUG,BUG,True,"VERDICT: BUG REASON: Line 88 uses string subtraction (`request.param - ""_matrix""`), which is invalid in Python; it should be `request.param + ""_matrix""` to build the scipy sparse class name (e.g., ""bsr_matrix"")."
pandas,113,5,BUG,BUG,True,"VERDICT: BUG REASON: The hypothesis profile's `deadline` argument must be a `timedelta` (e.g., `timedelta(milliseconds=500)`), so passing the integer `500` will cause hypothesis to raise an `InvalidArgument`/`TypeError` when the profile settings are applied."
pandas,114,1,NO BUG,NO BUG,True,"VERDICT: NO BUG REASON: This is a faithful reproduction of pandas' `_make_comparison_op` implementation, which correctly handles length checking, object-dtype/categorical comparisons, and falls back to `invalid_comparison` for non-boolean results."
pandas,114,2,BUG,NO BUG,False,"VERDICT: NO BUG REASON: This code matches the standard pandas Index implementation—the `_make_comparison_op` helper correctly handles length validation, categorical comparison via `type(other)(self._values, dtype=other.dtype)`, and object-dtype comparison dispatch, with no logic errors."
pandas,114,3,BUG,NO BUG,False,"VERDICT: NO BUG REASON: The code matches the standard pandas implementation and functions correctly; the `kwargs.get(""names"")` line on 909 is redundant but harmless since its result is properly passed to `_validate_names` before being applied via `set_names`."
pandas,115,1,NO BUG,NO BUG,True,"VERDICT: NO BUG REASON: The code matches the actual pandas implementation, correctly computing preserve_nans sets based on limit_direction and limit_area, sorting x-values before np.interp, and delegating scipy"
pandas,115,3,BUG,BUG,True,"VERDICT: BUG REASON: In `find_valid_index`, the ""last"" branch computes `idxpos = len(values) + 1 - is_valid[::-1].argmax()`, which is off by two — it should be `len(values) - 1 - is_valid[::-1].argmax()`, so the returned index can point past the array or to the wrong (invalid) position, causing `chk_notna` to raise an IndexError or return incorrect results."
pandas,115,4,BUG,BUG,True,"VERDICT: BUG REASON: In `find_valid_index`, the ""last"" branch computes `idxpos = len(values) + 1 - is_valid[::-1].argmax()`, which is off by 2 (should be `len(values) - 1 - ...`), producing an index that is out of bounds by one (or more) for the last valid element."
pandas,115,5,BUG,NO BUG,False,"VERDICT: NO BUG REASON: The visible portion of the code (mask_missing, clean_fill_method, clean_interp_method) matches the correct pandas implementation, properly handling NA targets, numeric-vs-string comparisons, and empty target lists."
pandas,116,1,NO BUG,NO BUG,True,"VERDICT: NO BUG REASON: This code matches the actual pandas implementation of `_maybe_coerce_merge_keys` and `_get_merge_keys`, and the apparent asymmetry at line 1085 is simply due to the snippet being truncated mid-function (the corresponding integer-left/float-right branch follows after line 1087)."
pandas,116,3,BUG,BUG,True,"VERDICT: BUG REASON: Line 129 uses `by - on`, which attempts list subtraction (both `by` and `on` are lists at that point) and raises a TypeError; the operation should be set-difference-like filtering such as `[k for k in by if k not in on]` (the actual pandas code uses `by + on`)."
pandas,116,4,BUG,BUG,True,"VERDICT: BUG  REASON: Line 129 uses `by - on`, but since `by` and `on` are lists, subtraction raises a TypeError (it should be `by + on`, matching the duplicated check on line 128 and the actual pandas source)."
pandas,116,5,BUG,NO BUG,False,"VERDICT: NO BUG REASON: The visible portion of the code matches the standard pandas merge implementation with correct imports, function signatures, and merge operation delegation, and no altered logic is apparent in the truncated excerpt."
pandas,117,1,NO BUG,NO BUG,True,"VERDICT: NO BUG REASON: This matches the actual pandas source for missing.py — the dispatch logic, the `_isna_new`/`_isna_old` split controlled by the `_use_inf_as_na` option callback, and the `_isna_ndarraylike` handling of extension dtypes are all consistent with the intended, correct behavior."
pandas,117,2,BUG,NO BUG,False,"VERDICT: NO BUG REASON: This code matches the actual pandas source for missing value detection, with correct handling of scalars, MultiIndex, extension arrays, and the `_use_inf_as_na` option switch between `_isna_new` and `_isna_old`."
pandas,117,3,BUG,NO BUG,False,"VERDICT: NO BUG REASON: This code matches the actual pandas implementation and correctly handles shape checks, string/object dtype comparison (distinguishing non-strict NaN/None equivalence from strict_nan mode with proper NaT, NaN, and tz-awareness comparisons)."
pandas,117,4,BUG,NO BUG,False,"VERDICT: NO BUG REASON: This code matches the actual pandas implementation (notna, _isna_compat, and array_equivalent with its strict_nan handling for NaT, NaN, and tz-awareness comparison errors), and its logic is correct for each function shown."
pandas,117,5,BUG,NO BUG,False,"VERDICT: NO BUG REASON: The shown portion contains only valid imports and a well-formed, accurate `isna` docstring consistent with pandas' actual implementation, with no erroneous logic to identify."
pandas,118,2,BUG,NO BUG,False,"VERDICT: NO BUG REASON: This code matches the actual pandas implementation of `melt`, correctly handling non-list-like inputs, MultiIndex column validation, and missing-column checks for both `id_vars` and `value_vars`."
pandas,118,3,BUG,BUG,True,"VERDICT: BUG  REASON: Line 80 uses `id_vars - value_vars`, but Python lists do not support the subtraction operator (this would raise a TypeError; the correct operation is something like `id_vars + value_vars` to select those columns), and subtracting value_vars from id_vars would also be logically wrong since melt needs both id and value columns in the frame."
pandas,118,4,BUG,BUG,True,"VERDICT: BUG REASON: On line 79, `id_vars - value_vars` attempts to subtract two Python lists, which is unsupported and would raise a TypeError (the intent was likely to select columns, e.g. `frame.loc[:, value_vars]` or a set difference), so this code crashes whenever `value_vars` is not None."
pandas,118,5,BUG,NO BUG,False,"VERDICT: NO BUG REASON: The code matches the correct pandas `melt` implementation—validation of `id_vars`/`value_vars`, MultiIndex handling of `var_name`, tiling of id columns by K (after subtracting len(id_vars) from the column count), raveling values in Fortran order, and repeating column-level values by N all correctly produce the reshaped melted DataFrame."
pandas,119,1,NO BUG,NO BUG,True,"VERDICT: NO BUG REASON: This code matches the actual pandas implementation of `_add_margins`/`_compute_grand_margin` in `pandas/core/reshape/pivot.py` (aside from a harmless comment typo ""DataFramae""), and its logic for building margin keys, computing grand margins, and appending margin rows is consistent and correct."
pandas,119,3,BUG,BUG,True,"VERDICT: BUG  REASON: Line 63 computes `keys = index - columns`, but since `_convert_by` returns lists, list subtraction raises a TypeError; the correct operation (as in the actual pandas source) is `keys = index + columns` to combine the index and columns keys for grouping and filtering."
pandas,119,4,BUG,NO BUG,False,"VERDICT: NO BUG REASON: This code matches the actual pandas `pivot_table` implementation, where `index` and `columns` are converted to sets by `_convert_by` so the set subtraction on line 63 is valid, and the recursive list-aggfunc handling, value filtering, and downcasting logic are all correct as shipped in pandas."
pandas,119,5,BUG,NO BUG,False,"VERDICT: NO BUG REASON: This is a faithful reproduction of pandas' `pivot_table` implementation, with correct handling of list-valued `aggfunc` (recursive calls combined via `concat`), value/key filtering, integer downcasting after `dropna`, and MultiIndex level resolution, so no defect is apparent in the shown portion."
pandas,120,1,NO BUG,NO BUG,True,"VERDICT: NO BUG REASON: This code matches the actual pandas implementation of `SeriesGroupBy.nunique` exactly — the sort-by-(group, value) approach with boundary detection, dropna handling, and NaN-group removal are all consistent with the correct upstream logic."
pandas,120,3,BUG,BUG,True,"VERDICT: BUG  REASON: On line 530, `np.r_[0, 1 - np.nonzero(ids[1:] != ids[:-1])[0]]` incorrectly computes group boundary indices as `1 - positions` instead of `positions + 1` (e.g., for boundary positions `[2, 5]` it yields `[0, -1, -4]`), which corrupts the reduceat offsets used to count unique values per group."
pandas,120,5,BUG,NO BUG,False,"VERDICT: NO BUG REASON: The provided code snippet contains only module docstring, imports, type aliases, and small utility functions (generate_property, pin_whitelisted_properties) with no apparent logical errors in the shown portion."
pandas,121,2,BUG,BUG,True,"VERDICT: BUG  REASON: On line 2782, `new_values[filt][mask] = ...` uses chained indexing where `new_values[filt]` with fancy (integer-array) indexing produces a copy, so the replacement assignment is silently lost instead of modifying `new_values`."
pandas,121,5,BUG,NO BUG,False,"VERDICT: NO BUG REASON: The code is just imports, class definition boilerplate, and attribute declarations copied verbatim from pandas' Block class, with no logic errors (it is simply truncated mid-statement, so no buggy behavior is present in what's shown)."
pandas,122,1,NO BUG,NO BUG,True,"VERDICT: NO BUG REASON: This code matches the original pandas implementation (including the historically misleading ""Indices must be nonzero"" error message and the `indexer == -1 | indexer >= n` check in `take`), and all other methods (`_make_na_block`, `equals`, `unstack`) are faithful to the upstream source with no logic errors."
pandas,122,2,BUG,NO BUG,False,"VERDICT: NO BUG REASON: The code matches the corresponding pandas source (`take`, `equals`, `unstack`, `_make_na_block`) with correct index validation,"
pandas,122,3,BUG,BUG,True,"VERDICT: BUG REASON: In `make_empty` (line 149), the `-` operator between two lists is invalid Python (lists don't support subtraction) and is clearly a typo for the `+` operator used to concatenate the empty items axis with the remaining axes."
pandas,122,4,BUG,BUG,True,"VERDICT: BUG REASON: Line 149 uses the subtraction operator (`-`) on lists in `make_empty` (trying to combine an empty index with the remaining axes), which raises a TypeError since list subtraction is unsupported in Python and should be concatenation (`+`)."
pandas,122,5,BUG,NO BUG,False,VERDICT: NO BUG REASON: The visible portion of the code consists only of standard imports and the beginning of the BlockManager class definition with no logic errors present.
pandas,123,2,BUG,NO BUG,False,"VERDICT: NO BUG REASON: The code is consistent with the actual pandas `Index.__new__` implementation—dtype dispatch (datetime/timedelta/period/extension), integer and float coercion via `lib.infer_dtype`, NaN-to-integer checks, and the object-dtype fallback branches all handle their cases correctly with no apparent logic errors."
pandas,123,3,BUG,NO BUG,False,"VERDICT: NO BUG REASON: This code matches the standard pandas Index implementation, with `copy`, `__deepcopy__`, and rendering methods functioning as intended (the `kwargs.get(""names"")` in `copy` is the documented pattern for handling both `name` and `names` arguments, which are validated and applied via `set_names`)."
pandas,123,4,BUG,NO BUG,False,"VERDICT: NO BUG  REASON: The code is functionally equivalent to the actual pandas implementation—the unusual `kwargs.get(""names"")` pattern correctly retrieves the `names` argument before passing it to `_validate_names`, and the rest (copy, repr, formatting methods) matches the expected behavior of `Index`."
pandas,123,5,BUG,NO BUG,False,"VERDICT: NO BUG REASON: The code matches the corresponding section of the actual pandas source (imports, module setup, and the start of `_make_comparison_op`'s length-check logic are all consistent with the original), with the only apparent issue being that the snippet is simply truncated mid-expression rather than containing an actual defect."
pandas,124,1,NO BUG,NO BUG,True,"VERDICT: NO BUG REASON: The code correctly defines each `is*` string method (isalnum, isalpha, isdigit, isspace, islower, isupper, istitle, isnumeric, isdecimal) by consistently pairing each lambda, name, and docstring with its corresponding `_doc_args` entry and forcing the boolean return dtype per GH 29624."
pandas,124,2,BUG,NO BUG,False,"VERDICT: NO BUG REASON: Each `is*` method is correctly mapped to its corresponding Python string method with the matching `_doc_args` entry, and the docstring examples produce the shown outputs."
pandas,124,4,BUG,BUG,True,"VERDICT: BUG REASON: The `if`/`else` branches at lines 2380-2383 are identical, but the comments indicate the NaN-present case requires special handling (masking NaN values and propagating them into the result) rather than calling `cat_safe` directly, which would stringify NaNs instead of propagating them."
pandas,124,5,BUG,BUG,True,"VERDICT: BUG REASON: The code is truncated mid-statement — `from typing import` ends without listing any names, which is a SyntaxError and prevents the module from being imported."
pandas,125,1,NO BUG,NO BUG,True,"VERDICT: NO BUG REASON: This code matches the correct pandas implementations of `_concat_same_type`, `isin` (which properly handles null values and unmatched values by filtering via `null_mask | (code_values >= 0)` before matching against"
pandas,125,2,BUG,NO BUG,False,"VERDICT: NO BUG REASON: The `isin` implementation correctly validates list-like input, maps values to category codes, retains null values and valid matches via the `null_mask | (code_values >= 0)` filter, and checks membership against `self.codes`, matching the expected pandas behavior."
pandas,125,3,BUG,BUG,True,"VERDICT: BUG REASON: Line 1068 uses the `-` operator on two lists (`list(self.dtype.categories) - list(new_categories)`), which raises a TypeError since lists don't support subtraction; it should be concatenation with `+` to append the new categories to the existing ones."
pandas,125,4,BUG,BUG,True,"VERDICT: BUG REASON: In `add_categories`, line 1068 uses the `-` operator on two lists (`list(self.dtype.categories) - list(new_categories)`), which raises a TypeError (lists don't support subtraction) and is semantically wrong since adding categories requires concatenation with `+`, not removal."
pandas,125,5,BUG,NO BUG,False,"VERDICT: NO BUG REASON: The visible portion of the code matches the upstream pandas implementation of `_cat_compare_op`, correctly handling length validation, ordered/unordered comparison rules, category equality checks, code recoding for unordered categoricals with different category ordering, and NaN masking, with no apparent logic errors."
pandas,126,1,NO BUG,NO BUG,True,"VERDICT: NO BUG REASON: This code matches the standard pandas `DataFrame.append` implementation, correctly handling Series/dict inputs, list inputs, and delegating final concatenation to `concat` without any logic errors."
pandas,126,2,BUG,NO BUG,False,"VERDICT: NO BUG REASON: This code faithfully reproduces pandas' `DataFrame.append` implementation—the Series/dict handling, column combination, list handling, and final `concat` call all match the intended, correct behavior."
pandas,126,3,BUG,BUG,True,"VERDICT: BUG REASON: Line 694 uses `-` instead of `+` when concatenating the HTML pre tag (`""<pre>"" - val + ""</pre>""`), which would raise a TypeError since strings don't support subtraction."
pandas,126,4,BUG,BUG,True,"VERDICT: BUG REASON: Line 694 uses a minus operator (`""<pre>"" - val + ""</pre>""`) instead of string concatenation (`""<pre>"" + val + ""</pre>""`), which would raise a TypeError since strings don't support subtraction."
pandas,127,1,NO BUG,NO BUG,True,"VERDICT: NO BUG REASON: This code matches the actual historical pandas implementation of `pct_change`, correctly handling fill methods, axis alignment, duplicate-index removal via `reindex_like`, and NaN masking when `freq` is None."
pandas,127,4,BUG,NO BUG,False,"VERDICT: NO BUG REASON: This code matches the actual pandas implementation (including the intentionally odd `@staticmethod def _construct_axes_dict_from(self, ...)` signature, which is called with the instance passed explicitly), and the axis setup, alias resolution, and positional argument handling all behave correctly."
pandas,128,1,NO BUG,NO BUG,True,"VERDICT: NO BUG REASON: The shown excerpt from `read_json` matches the standard pandas implementation—the parameter validation, dtype/convert_axes defaults for non-'table' orientations, and JsonReader construction are all correct and consistent with the intended behavior."
pandas,128,2,BUG,NO BUG,False,"VERDICT: NO BUG REASON: The code correctly validates conflicting arguments for orient='table', applies sensible defaults for dtype and convert_axes, and properly constructs/uses the JsonReader (returning it for chunked reads or reading and closing the buffer otherwise), with no apparent defects in the shown lines."
pandas,128,3,BUG,BUG,True,"VERDICT: BUG REASON: Line 719 uses a minus sign instead of a plus sign (`""["" - "","".join(lines) + ""]""), which attempts to subtract a string from a string and raises a TypeError; it should be `""["" + "","".join(lines) + ""]""`."
pandas,128,4,BUG,BUG,True,"VERDICT: BUG  REASON: Line 717 uses subtraction on strings (`""["" - "","".join(lines)`) instead of concatenation (`""["" + ...`), which would raise a TypeError whenever `_combine_lines` is called."
pandas,128,5,BUG,NO BUG,False,"VERDICT: NO BUG REASON: The shown code matches the expected pandas implementation—validations for `index=False`, `lines`/`records` orientation, and writer selection are all consistent with correct behavior, and no logic error is visible in the provided portion."
pandas,129,1,NO BUG,NO BUG,True,"VERDICT: NO BUG REASON: This code matches the actual pandas implementation of `__sub__`, `__rsub__`, `__iadd__`, and `__isub__`"
pandas,129,2,BUG,NO BUG,False,"VERDICT: NO BUG REASON: This code matches the actual pandas implementation; the `__sub__` dispatch order (scalars before array-likes, timedelta64 check before integer checks) and the `__rsub__` special cases (datetime-timedelta reversal, GH#19959 TypeError, and the freq-preserving negation order for timedelta arrays) are all consistent with the intended, correct behavior."
pandas,129,3,BUG,BUG,True,"VERDICT: BUG  REASON: On line 208, the docstring's list item uses a ""+"" marker (""+ 'NaT' will return NaT..."") instead of the ""-"" marker used for all other items in the same list, which would break the reStructuredText list rendering."
pandas,129,4,BUG,NO BUG,False,"VERDICT: NO BUG REASON: The only executable code (line 182, `self._format_native_types(date_format=date_format).astype(object)`) is correct, and the rest is docstring text—though line 208 uses `+` instead of `-` for the 'NaT' list item, which is merely a cosmetic documentation typo, not a functional bug."
pandas,129,5,BUG,NO BUG,False,VERDICT: NO BUG REASON: The visible code consists only of imports and abstract method declarations (raising AbstractMethodError) with no executable logic that could contain a bug.
pandas,130,1,NO BUG,NO BUG,True,"VERDICT: NO BUG REASON: This code matches the actual pandas implementation of `BinGrouper` (get_iterator, indices, group_info, etc.) and its handling of NaT labels, sentinel -1 group ids, and edge cases is internally consistent and correct."
pandas,130,2,BUG,NO BUG,False,"VERDICT: NO BUG REASON: This code matches the actual pandas implementation of `BinGrouper` (get_iterator, indices, group_info, result_index, etc.) and correctly handles NaT labels, offset comp_ids when a NaT bin is present, and the trailing partial group after the last bin edge."
pandas,130,4,BUG,BUG,True,"VERDICT: BUG REASON: Line 467 `out_shape = (self.ngroups,) - values.shape[1:]` attempts tuple subtraction, which is unsupported in Python (the original code uses `+` to concatenate tuples), so it would raise a TypeError for 2D inputs instead of building the output shape."
pandas,130,5,BUG,NO BUG,False,"VERDICT: NO BUG REASON: The shown code is a faithful excerpt of pandas' BaseGrouper implementation (imports, class docstring, `__init__`, and basic properties like `shape`, `nkeys`, and `get_iterator`) with no incorrect logic, and the intentionally chained assignment `self._filter_empty_groups = self.compressed = len(groupings) != 1` matches the original design where multi-grouping groupers are compressed."
pandas,131,1,NO BUG,NO BUG,True,VERDICT: NO BUG REASON: The code matches the correct upstream pandas implementation—the `_get_values` dispatching by dtype and the `_delegate_property_get` upcasting/list-like handling are all consistent with the intended datetimelike delegation logic.
pandas,131,2,BUG,NO BUG,False,"VERDICT: NO BUG REASON: This code faithfully mirrors the actual pandas `Properties` accessor implementation (datetime/timedelta/period delegation logic, integer upcasting, and error handling are all consistent with the original source)."
pandas,132,1,NO BUG,NO BUG,True,"VERDICT: NO BUG REASON: This code matches the correct upstream pandas implementation of `_get_counts_nanvar`, `nanstd`, and `nanvar`, including the proper handling of counts/degrees-of-freedom (returning NaN instead of inf when count <= ddof) and the two-pass variance setup."
pandas,132,2,BUG,BUG,True,"VERDICT: BUG REASON: The helper's docstring (and its callers at lines 751-753, which pass `values.shape`) indicate its first parameter is named `values_shape`, yet line 662 references an undefined variable `value_counts`, which would raise a NameError at runtime."
pandas,132,3,BUG,BUG,True,"VERDICT: BUG REASON: In `_na_for_min_count`, line 396 computes `result_shape = values.shape[:axis] - values.shape[axis + 1 :]`, but tuple subtraction is not defined in Python (and dimensionally the result shape should concatenate the remaining axes with `+`), so this raises a TypeError for multi-dimensional inputs."
pandas,132,4,BUG,BUG,True,"VERDICT: BUG REASON: In `_na_for_min_count` (line 396), `values.shape[:axis] - values.shape[axis + 1:]` subtracts two tuples, which is unsupported in Python and raises a TypeError; it should concatenate them with `+` to build the reduced result shape."
pandas,133,1,NO BUG,NO BUG,True,"VERDICT: NO BUG REASON: This code matches the authentic pandas implementation—the axis transposition logic (using `_info_axis_name` for axis 0 and transposing for axis 1), the resulting `alt_ax` index selection, MultiIndex/object-dtype validation, and NaN-index checks are all consistent with pandas' `interpolate` behavior."
pandas,133,2,BUG,NO BUG,False,"VERDICT: NO BUG REASON: This code matches the known-correct pandas implementation of `interpolate`, correctly handling axis transposition, axis/alt-axis determination, MultiIndex validation, object-dtype column checks, and index selection for linear versus other interpolation methods."
pandas,133,3,BUG,BUG,True,"VERDICT: BUG  REASON: In `_construct_axes_from_arguments`, the `sentinel` parameter is never used — the `except IndexError` branch is missing the `kwargs[a] = sentinel` fallback, so axes not supplied in args/kwargs are silently omitted from the returned kwargs instead of being set to the sentinel value (and the `require_all` code path's return of `(axes, kwargs)`/error handling is incomplete as shown)."
pandas,134,2,BUG,BUG,True,"VERDICT: BUG REASON: The parametrized expected values for ""min"" and ""max"" are wrong — with ordered categories first < second < third < fourth, groupby payload -2 (rows ""second"",""fourth"") has min ""second"" and max ""fourth"", so min should be [""second"", ""first""] and max [""fourth"", ""third""], not [""fourth"", ""first""] and [""second"", ""third""]."
pandas,135,1,NO BUG,NO BUG,True,"VERDICT: NO BUG REASON: This code matches the actual pandas implementation (the seemingly redundant re-assignment of `comp_ids` from `self.group_info` in `_transform` exists in the real source and is harmless, and the error-handling fallbacks in `agg_series` correctly mirror the upstream logic)."
pandas,135,2,BUG,NO BUG,False,"VERDICT: NO BUG REASON: This code matches the actual pandas implementation faithfully — the `_aggregate_series_fast`/`_aggregate_series_pure_python` fallback logic, dimension checks, and Cython operation dispatch are all consistent with the intended behavior."
pandas,135,3,BUG,BUG,True,"VERDICT: BUG REASON: The while loop condition `j <= lenidx` allows `values[j]` to be evaluated when `j == lenidx`, causing an IndexError (it should be `j < lenidx`)."
pandas,135,4,BUG,BUG,True,"VERDICT: BUG REASON: The inner while loop uses `j <= lenidx` instead of the correct `j < lenidx`, so when j reaches the end of the array, `values[j]` accesses one element past the end and raises an IndexError."
pandas,135,5,BUG,NO BUG,False,"VERDICT: NO BUG REASON: The `generate_bins_generic` function shown matches the correct pandas implementation, properly handling bin edge generation with the `closed` parameter and validation of values against binner endpoints."
pandas,136,1,NO BUG,NO BUG,True,"VERDICT: NO BUG REASON: The shown code is only imports and a straightforward `merge` wrapper that correctly forwards all arguments to `_MergeOperation` and returns its result, with no logic errors present."
pandas,136,2,BUG,NO BUG,False,"VERDICT: NO BUG REASON: The visible code is a standard, correct pandas `merge` function definition that properly forwards all arguments to `_MergeOperation` and returns its result, with the `__debug__` docstring substitution matching the original pandas implementation."
pandas,136,3,BUG,BUG,True,"VERDICT: BUG REASON: On line 123, `by - on` attempts to subtract lists, which is not a valid Python operation (the original pandas code uses `by + on`), so `drop_duplicates` would raise a TypeError whenever `check_duplicates` is True and duplicates exist."
pandas,136,4,BUG,BUG,True,"VERDICT: BUG REASON: Line 124 uses `by - on` on lists (which raises a TypeError since list subtraction is not supported, and semantically should be `by + on` to match the duplication check on line 123)."
pandas,136,5,BUG,NO BUG,False,"VERDICT: NO BUG REASON: The shown code consists only of module imports and the (truncated) signature of the `merge` function, all of which are syntactically valid and consistent with the actual pandas implementation, so no bug is present in the visible code."
pandas,137,1,NO BUG,NO BUG,True,"VERDICT: NO BUG REASON: The shown snippet (imports and the beginning of `_cat_compare_op`) matches the actual pandas source, with correct validation for unordered categorical comparisons, length mismatches, and differing categories/orderedness, so no bug is evident in these lines."
pandas,137,2,BUG,NO BUG,False,VERDICT: NO BUG REASON: This snippet matches the actual pandas source (imports and the `_cat_compare_op` logic for validating category equality/length/orderedness before comparison) and contains no logical or syntactic errors.
pandas,137,3,BUG,BUG,True,"VERDICT: BUG  REASON: Line 1072 in `add_categories` uses the `-` operator on two lists (`list(self.dtype.categories) - list(new_categories)`), which is unsupported in Python and semantically wrong — new categories should be appended (`+`), not subtracted, before creating the new dtype."
pandas,137,4,BUG,BUG,True,"VERDICT: BUG REASON: Line 1070 uses `list(self.dtype.categories) - list(new_categories)`, which raises a TypeError since lists don't support subtraction, and the intended operation to append the new categories is `+` (concatenation), not `-`."
pandas,137,5,BUG,NO BUG,False,"VERDICT: NO BUG REASON: The visible portion of the code matches pandas' actual Categorical comparison logic and correctly handles length validation, unordered-comparison errors, and category/ordered equality checks, with no apparent defect (though the code is truncated before the function completes)."
pandas,138,1,NO BUG,NO BUG,True,"VERDICT: NO BUG REASON: The shown lines contain only imports and the beginning of a docstring for the `cut` function, with no executable logic that could contain a bug."
pandas,138,2,BUG,NO BUG,False,"VERDICT: NO BUG REASON: The shown lines consist only of module imports and the beginning of the `cut` function's docstring, all of which are syntactically correct and consistent with the expected pandas codebase."
pandas,138,3,BUG,NO BUG,False,"VERDICT: NO BUG REASON: This code matches the standard pandas `cut` implementation—the integer-bins edge adjustment, IntervalIndex overlap check, monotonicity validation via `np.diff` on float64-cast bins (allowing duplicates to be handled later by the `duplicates` parameter), and the pre/post-processing calls are all consistent with expected behavior."
pandas,138,4,BUG,NO BUG,False,"VERDICT: NO BUG REASON: This code matches the actual pandas implementation of `cut`, correctly handling edge cases such as infinite values, degenerate ranges (mn == mx), monotonicity checks with float64 casting to avoid overflow, and overlapping IntervalIndex inputs."
pandas,138,5,BUG,NO BUG,False,"VERDICT: NO BUG REASON: The visible portion of the code contains only module imports and the docstring for `cut`, neither of which contains any incorrect logic or identifiable defect."
pandas,139,1,NO BUG,NO BUG,True,"VERDICT: NO BUG REASON: This code matches the genuine pandas `Grouping.__init__` implementation and correctly handles all the grouper variants (level-based, Grouper objects, lists, categoricals with observed/sort codes, and 1-d validation), so there is no defect in the shown lines."
pandas,139,2,BUG,NO BUG,False,"VERDICT: NO BUG REASON: This code matches the actual pandas `Grouping.__init__` implementation, correctly handling level-based grouping, passed Grouper objects, categoricals (including observed/sort logic), dimensionality validation, and datetime/timedelta unit coercion."
pandas,139,3,BUG,NO BUG,False,"VERDICT: NO BUG REASON: The visible lines are consistent with pandas' actual Grouper implementation (the `__new__` method correctly delegates to `TimeGrouper` when a `freq` is specified), and the snippet is truncated before any potentially buggy logic appears."
pandas,139,4,BUG,NO BUG,False,"VERDICT: NO BUG REASON: The shown lines are a faithful excerpt of pandas' `Grouper` class definition, and the `__new__` override that dispatches to `TimeGrouper` when a `freq` argument is supplied is correct, standard behavior with no errors."
pandas,139,5,BUG,NO BUG,False,"VERDICT: NO BUG REASON: The visible portion of the code faithfully matches the standard pandas `Grouper` implementation (correct `__new__` dispatch to `TimeGrouper` when `freq` is given, consistent constructor defaults matching the documented `sort=False`, `axis=0`, and correct imports), with no deviations that would introduce incorrect behavior."
pandas,140,1,NO BUG,NO BUG,True,"VERDICT: NO BUG REASON: The code matches the actual pandas implementation—although the helper name `_managle_lambda_list` is misspelled, the typo is consistent with its definition elsewhere in the same file, so the logic (passing through non-dict/non-list-like specs and mangling lambdas otherwise) works correctly."
pandas,140,2,BUG,NO BUG,False,"VERDICT: NO BUG REASON: This code matches the actual pandas implementation—the dict/list-like branching, lambda mangling, and datetimelike recasting logic are all correct, and the unusual function name `_managle_lambda_list` is the genuine (misspelled) name used in the pandas codebase, so calls resolve properly."
pandas,140,3,BUG,BUG,True,"VERDICT: BUG  REASON: In the deleted-items adjustment, `indexer = (ai + mask.cumsum())[indexer]` uses the wrong sign: positions of surviving items in the reduced item set should be computed by *subtracting* the cumulative count of deleted"
pandas,141,3,BUG,BUG,True,"VERDICT: BUG REASON: In `_format_with_header` (line 227), the formatted index values are concatenated with `header - list(...)` (subtraction) instead of `header + list(...)` (concatenation), which would raise a TypeError instead of producing the rendered header string."
pandas,141,4,BUG,BUG,True,"VERDICT: BUG REASON: In `_format_with_header`, the expression `header - list(map(pprint_thing, self._range))` uses subtraction instead of concatenation (`header + ...`), which would raise a TypeError when formatting since a list cannot be subtracted from a header list."
pandas,141,5,BUG,BUG,True,"VERDICT: BUG REASON: When constructing from another RangeIndex, `cls._simple_new(rng, dtype=dtype, name=name)` passes a `dtype` keyword that `_simple_new` does not accept (its signature only takes `value` and `name`), causing a TypeError; the correct call is `cls._simple_new(rng, name=name)`."
pandas,142,2,BUG,NO BUG,False,"VERDICT: NO BUG REASON: This is a faithful implementation of pandas' `diff` function—edge cases like `n=0` (where `slice(-n, None)` becomes `slice(0, None)` covering all elements), timedelta NaT masking, and the specialized 2D paths are all handled correctly."
pandas,143,3,BUG,BUG,True,"VERDICT: BUG REASON: In `_format_with_header` (line 227), the operator should be `+` to concatenate the header with the formatted values; using `-` attempts to subtract a list from a string, which raises a TypeError and breaks repr rendering."
pandas,143,4,BUG,BUG,True,"VERDICT: BUG REASON: In `_format_with_header`, the code uses `header - list(map(pprint_thing, self._range))` instead of `header + ...`, which would attempt to subtract a list from a string and raise a TypeError."
pandas,144,1,NO BUG,NO BUG,True,"VERDICT: NO BUG REASON: This code matches the standard pandas bar/barh plotting implementation—position offsets, stacked priors, edge calculations, and tick decoration are all consistent with the expected correct behavior."
pandas,144,2,BUG,NO BUG,False,"VERDICT: NO BUG REASON: The code matches the corresponding logic in pandas' actual BarPlot/BarhPlot/PiePlot implementations (stacked-bar prior accumulation, edge/limit computation, and pie validation are all consistent with the expected behavior)."
pandas,144,3,BUG,BUG,True,"VERDICT: BUG REASON: Line 353 computes `invalid_log` from `input_log + valid_log` (the union, which may return a valid option) instead of `input_log - valid_log`, so the error-check produces a wrong/meaningless invalid value and may report a valid option as invalid."
pandas,144,4,BUG,BUG,True,"VERDICT: BUG  REASON: Line 353 uses `input_log + valid_log`, but Python sets do not support the `+` operator (it should be `input_log - valid_log` to extract the invalid option), so the error-reporting path raises a `TypeError` instead of the intended `ValueError` when an invalid log value is supplied."
pandas,144,5,BUG,NO BUG,False,"VERDICT: NO BUG REASON: The truncated code shown is a faithful reproduction of the standard pandas `MPLPlot` base class (imports, class attributes, and `__init__` signature) with no errors or deviations from the original implementation."
pandas,145,3,BUG,BUG,True,"VERDICT: BUG REASON: In `_maybe_match_name`, the condition `if a_has or b_has` should be `if a_has and b_has`, because when only one operand has a `name` attribute, evaluating `a.name == b.name` will raise an AttributeError on the operand lacking `.name`, making the subsequent `elif a_has` / `elif b_has` branches unreachable."
pandas,145,4,BUG,BUG,True,"VERDICT: BUG  REASON: In `_maybe_match_name`, the condition `if a_has or b_has:` followed by `a.name == b.name` will raise an AttributeError when only one of the objects has a `name` attribute (it should be `if a_has and b_has:`, making the subsequent `elif a_has:` / `elif b_has:` branches unreachable dead code as written)."
pandas,145,5,BUG,NO BUG,False,"VERDICT: NO BUG REASON: The visible code consists only of standard imports and straightforward utility functions (get_op_result_name, _maybe_match_name) whose logic is correct and consistent with pandas' expected behavior."
pandas,146,2,BUG,NO BUG,False,"VERDICT: NO BUG REASON: This code matches the actual pandas implementation of `array_equivalent` and correctly handles shape checks, string/object paths (including the strict_nan distinction between NaN and None), float/complex NaN comparison, datetimelike-vs-numeric mismatch, i8-view conversion for datetimelike dtypes, and structured dtype comparison."
pandas,146,4,BUG,NO BUG,False,"VERDICT: NO BUG REASON: This code matches the actual pandas implementation; the strict_nan loop and notna/isna logic are correct as written (including the intentional handling of NaT, NaN/None pairs, and scalar inversion)."
pandas,146,5,BUG,NO BUG,False,"VERDICT: NO BUG REASON: The visible code consists only of imports, module aliases, and the docstring for `isna` (the implementation is truncated), and nothing shown contains any defect."
pandas,147,1,NO BUG,NO BUG,True,"VERDICT: NO BUG REASON: This matches the actual pandas implementation where a falsy-but-not-None tz (e.g., an empty string) correctly raises pytz.UnknownTimeZoneError and a missing tz raises TypeError, and the deprecated string-alias path is handled before the ns-unit check."
pandas,147,2,BUG,NO BUG,False,"VERDICT: NO BUG REASON: This matches the actual pandas implementation — the `if tz:` / `elif tz is not None:` / `elif tz is None:` chain correctly handles valid timezones, falsy-but-not-None invalid timezone arguments (raising `UnknownTimeZoneError`), and a missing `tz` (raising `TypeError`), and the deprecated string-alias handling with `FutureWarning` is intentional."
pandas,147,3,BUG,NO BUG,False,"VERDICT: NO BUG REASON: The code matches pandas' actual implementation, including the intentional chained comparison `categories is ordered is None` and the correct precedence logic in `_from_values_or_dtype` where a passed `dtype` overrides `values.dtype` and raises an error when combined with `categories` or `ordered`."
pandas,147,4,BUG,NO BUG,False,"VERDICT: NO BUG REASON: The shown code correctly implements the documented priority order for constructing a CategoricalDtype from values, categories, ordered, and dtype parameters, matching the original pandas source."
pandas,147,5,BUG,NO BUG,False,"VERDICT: NO BUG REASON: The truncated code matches the standard pandas implementation—the Registry's register/find logic correctly handles both ExtensionDtype classes and instances, and no logical errors are present in the visible portion."
pandas,148,2,BUG,BUG,True,"VERDICT: BUG REASON: `get_result` calls `self.apply_broadcast()` with no arguments (line 176), but `apply_broadcast` is defined to require a `target` parameter (line 235), so it would raise a `TypeError` whenever the ""broadcast"" result_type path is taken."
pandas,148,3,BUG,BUG,True,"VERDICT: BUG  REASON: Line 334 uses `e.args = e.args - (...)` (tuple subtraction, which removes elements) instead of the correct `e.args = e.args + (...)` used in actual pandas code, so the ""occurred at index"" context is stripped from the exception's args rather than appended."
pandas,148,5,BUG,BUG,True,"VERDICT: BUG REASON: The class selection is inverted: axis=0 (applying over columns) is mapped to FrameRowApply and axis=1 (applying over rows) to FrameColumnApply, whereas pandas maps axis==0 to FrameColumnApply and axis==1 to FrameRowApply, so functions would be applied along the wrong axis."
pandas,149,1,NO BUG,NO BUG,True,"VERDICT: NO BUG REASON: The engine resolution logic correctly handles the ""auto"" case by trying each implementation and catching ImportError, validates explicit engine names, and returns the appropriate implementation for both ""pyarrow"" and ""fastparquet"" without falling through to return None."
pandas,149,2,BUG,NO BUG,False,"VERDICT: NO BUG REASON: This code matches the original pandas implementation—engine selection, engine validation, and dataframe validation (string column names, string index level names) are all logically correct."
pandas,149,3,BUG,BUG,True,"VERDICT: BUG  REASON: The condition on line 150 uses `or` instead of `and`, so it raises a ""Cannot use both partition_on and partition_cols"" error whenever either one is specified alone (e.g., passing only `partition_cols` or only `partition_on`), when it should only raise when both are actually provided."
pandas,149,4,BUG,BUG,True,"VERDICT: BUG REASON: In `FastParquetImpl.write`, the condition `""partition_on"" in kwargs or partition_cols is not None` should be `and`, so any non-None `partition_cols` (even without `partition_on` in kwargs) incorrectly raises a ValueError and makes the subsequent `elif` branch unreachable."
pandas,149,5,BUG,NO BUG,False,"VERDICT: NO BUG REASON: The visible portion of the code correctly implements engine selection with proper fallback and error handling, and the dataframe validation, write dispatch, and method signatures match the expected pandas parquet implementation logic (the code is truncated so the remainder of `read` cannot be fully verified, but nothing shown is incorrect)."
pandas,150,1,NO BUG,BUG,False,"VERDICT: BUG REASON: In the strict_nan string-dtype path, when both `left_value` and `right_value` are NaT, the code falls through to the `np.any(left_value != right_value)` comparison where `NaT != NaT` evaluates to True, so arrays with NaT in corresponding locations are incorrectly reported as not equivalent."
pandas,150,2,BUG,NO BUG,False,"VERDICT: NO BUG REASON: This code matches the actual pandas implementation of `array_equivalent` and related helpers, with correct handling of shape checks, string/object arrays (including strict_nan), NaN in float/complex arrays, datetimelike-vs-numeric comparisons, i8 conversion views, and structured dtypes."
pandas,150,3,BUG,NO BUG,False,"VERDICT: NO BUG REASON: This code matches the original pandas implementation; the `notna` function correctly inverts `isna` results (handling scalars and arrays), and `array_equivalent` correctly handles string/object dtype comparison including the strict_nan logic distinguishing NaT, NaN/None, and regular values."
pandas,150,4,BUG,NO BUG,False,"VERDICT: NO BUG REASON: The code matches the actual pandas implementation—`notna` correctly inverts `isna`, `_isna_compat` correctly blocks NaN fills for bool/integer dtypes, and `array_equivalent`'s strict_nan loop correctly distinguishes NaT and NaN from other values per its documented semantics."
pandas,150,5,BUG,NO BUG,False,"VERDICT: NO BUG REASON: The shown code consists only of the standard imports and the beginning of the `isna` docstring, which match the actual pandas source and contain no logical errors."
pandas,151,1,NO BUG,NO BUG,True,"VERDICT: NO BUG REASON: The code correctly implements the ExtensionArray interface (delegating to the underlying ndarray, unwrapping PandasArray in `__array_ufunc__`, re-boxing only non-scalar results, and handling fillna/take/copy/unique via the wrapped `_ndarray`), matching pandas' intended semantics without any apparent defects."
pandas,151,4,BUG,NO BUG,False,"VERDICT: NO BUG REASON: The code matches the upstream pandas implementation of PandasArray; the constructor validation, `_from_sequence` handling, `_concat_same_type` (which relies on `np.concatenate` coercing via `__array__`), and the `__array_ufunc__` unwrapping/re-boxing logic are all correct."
pandas,151,5,BUG,BUG,True,"VERDICT: BUG  REASON: The `construct_array_type` method is defined to take a `cls` parameter but is missing the `@classmethod` decorator, so calling `PandasDtype.construct_array_type()` on the class (as pandas internals and the `ExtensionDtype` API expect) would raise a TypeError for the missing argument."
pandas,152,1,NO BUG,NO BUG,True,"VERDICT: NO BUG REASON: The code matches the correct pandas implementation of `Series.append` and `Series._binop`, properly handling list/tuple inputs for concatenation, index alignment with fill values, and special-casing divmod results."
pandas,152,2,BUG,NO BUG,False,"VERDICT: NO BUG REASON: The `append` implementation correctly builds the concatenation list (handling both single Series and list/tuple inputs) and passes `ignore_index` and `verify_integrity` through to `concat`, matching the documented behavior, and `_binop`/`combine` shown are also consistent with standard pandas logic."
pandas,152,3,BUG,NO BUG,False,"VERDICT: NO BUG REASON: The `argsort` implementation correctly handles NaN values by assigning -1 to masked positions and placing `np.argsort` results at the non-NA locations, matching the documented behavior, and the surrounding code (take/_update_inplace and the `nlargest` docstring) is also consistent and correct."
pandas,152,4,BUG,BUG,True,"VERDICT: BUG REASON: Line 2733 uses `[self] - to_append` (list subtraction, which raises a TypeError) instead of the correct list concatenation `[self] + to_append` when appending a list or tuple of Series."
pandas,153,1,NO BUG,NO BUG,True,"VERDICT: NO BUG REASON: The shown lines consist entirely of standard import statements with no logic, and all imports appear correctly formed with no syntax errors or misplaced names."
pandas,153,2,BUG,NO BUG,False,"VERDICT: NO BUG REASON: The shown lines are only import statements with no executable logic, so there is no bug present in the provided code."
pandas,153,4,BUG,NO BUG,False,"VERDICT: NO BUG REASON: This code matches the actual pandas Block implementation (concat_same_type, delete, apply, fillna, and split_and_operate) with correct axis handling, in-place semantics, limit validation, and per-column splitting, and no logical errors are introduced."
pandas,153,5,BUG,NO BUG,False,"VERDICT: NO BUG REASON: The visible portion (imports and the `Block.__init__` header with its ndim/placement consistency check) matches the standard pandas implementation, and no defect is apparent in the code shown before truncation."
pandas,154,1,NO BUG,BUG,False,"VERDICT: BUG REASON: Lines 2250-2252 check `callable(pre_processing)` when validating `post_processing`, so a non-callable `post_processing` is never properly validated (and the check tests the wrong argument entirely)."
pandas,154,2,BUG,BUG,True,"VERDICT: BUG  REASON: Line 2251 validates `pre_processing` inside the `if post_processing:` block instead of checking `callable(post_processing)`, so an invalid `post_processing` argument is never caught (and a valid non-callable `pre_processing` is misreported), as later fixed in pandas (GH#34348)."
pandas,154,3,BUG,NO BUG,False,"VERDICT: NO BUG REASON: The code matches the known-correct pandas implementation; the seemingly suspicious precedence in line 830 (`numeric_only and is_numeric_dtype(dtype) or not numeric_only`) still yields the documented behavior of casting numerics only when numeric_only is set and casting everything otherwise, and the other methods (_cumcount_array, apply, _try_cast) correctly implement their documented logic."
pandas,154,5,BUG,NO BUG,False,"VERDICT: NO BUG REASON: The shown excerpt contains only module imports, docstrings, and documentation templates with no executable logic, so no bug can be present in the provided code."
pandas,155,2,BUG,NO BUG,False,"VERDICT: NO BUG REASON: The code matches the corresponding upstream pandas implementation (rolling `corr` with pairwise handling, `Rolling._on`, `validate` with datetimelike window checks, `_validate_monotonic`), and all logic such as the `window < 0` non-negative check and the `closed` restriction to datetimelike indexes is correct."
pandas,155,5,BUG,NO BUG,False,"VERDICT: NO BUG REASON: The visible portion of the code correctly implements the `_Window` class initialization and validation (checking that `center` is boolean, `min_periods` is an integer, `closed` is one of the allowed strings, and the object is a Series or DataFrame), matching the expected pandas behavior with no errors introduced."
pandas,156,1,NO BUG,BUG,False,"VERDICT: BUG  REASON: In `_get_op_result_fill_value`, the equality check `own_default == other_default` (line 627) is False when both fill values are `np.nan` (since NaN != NaN), causing execution to fall through to the `else` branch and return `fill_value = None` instead of NaN, as even the code's own comment on line 628 suspects."
pandas,156,2,BUG,BUG,True,"VERDICT: BUG  REASON: In `_get_op_result_fill_value`, when both frames have NaN fill values the check `own_default == other_default` evaluates False (since NaN != NaN), so the code falls through both `np.isnan` branches and incorrectly sets `fill_value = None` instead of NaN (exactly as the ""TOOD"" comment suspects), and `np.isnan` would also raise for non-float fill values like integer 0."
pandas,156,3,BUG,BUG,True,"VERDICT: BUG  REASON: Line 97's condition `if columns is None or hasattr(data, ""name"")` should be `and` (as in the original pandas source), so with `or` it overwrites user-supplied columns and assigns `columns = [None]` when the data has no name, making the ""cannot pass a series w/o a name or columns"" check on line 99-100 unreachable dead code."
pandas,156,4,BUG,NO BUG,False,"VERDICT: NO BUG REASON: This code matches the actual pandas SparseDataFrame constructor implementation (with its intended deprecation warning, default handling, and dispatch to the appropriate initialization path), and the somewhat convoluted SparseSeries/SparseArray name-and-columns logic is consistent with the upstream design where a SparseSeries always has a `name` attribute and a SparseArray without columns raises an error."
pandas,157,1,NO BUG,NO BUG,True,"VERDICT: NO BUG REASON: The shown lines consist of standard imports and the `merge` function signature that correctly matches pandas' documented API (default `how=""inner""`, `suffixes=(""_x"", ""_y"")`, `copy=True`, etc.) with all parameters properly forwarded to `_MergeOperation`, so no defect is present in this excerpt."
pandas,157,2,BUG,NO BUG,False,"VERDICT: NO BUG REASON: The shown lines are just standard imports and the signature/setup of the `merge` function, which correctly constructs a `_MergeOperation` with all its parameters, and contain no erroneous logic."
pandas,157,3,BUG,BUG,True,"VERDICT: BUG  REASON: Line 123 uses `by - on` (list subtraction), which raises a `TypeError` since Python lists don't support the `-` operator; the correct pandas code is `by + on` for `drop_duplicates`."
pandas,157,4,BUG,BUG,True,"VERDICT: BUG REASON: Line 124 uses `by - on`, but `by` and `on` are lists (or tuples) at that point, and Python lists don't support the subtraction operator, so this raises a `TypeError` instead of the intended `by + on` used in the corresponding `duplicated` check on line 123."
pandas,157,5,BUG,NO BUG,False,"VERDICT: NO BUG REASON: The code consists solely of module-level docstring and imports with no executable logic, so there is no bug to be found in this fragment."
pandas,158,1,NO BUG,NO BUG,True,"VERDICT: NO BUG REASON: This code matches the actual pandas implementation—the `rename` method correctly dispatches callables/dict-likes to the parent class and scalars to `_set_name` after validating the `inplace` kwarg, and the `drop` method's signature and docstring are consistent with pandas' API."
pandas,158,2,BUG,NO BUG,False,"VERDICT: NO BUG REASON: The code matches the standard pandas `Series.rename` implementation—scalar/list-like arguments are correctly routed to `_set_name` to change the Series name, while dict-like or callable arguments fall through to the superclass rename to transform the index."
pandas,158,3,BUG,BUG,True,"VERDICT: BUG REASON: Line 2736 uses `-` instead of `+` (`to_concat = [self] - to_append`), which raises a TypeError since list subtraction is not a valid operation in Python; it should be `[self] + to_append` to concatenate the Series with the list/tuple of Series to append."
pandas,158,4,BUG,BUG,True,"VERDICT: BUG REASON: Line 2736 uses `[self] - to_append` (list subtraction, which is invalid in Python and semantically wrong); it should be `[self] + to_append` to concatenate the Series list for `concat`."
pandas,159,1,NO BUG,NO BUG,True,"VERDICT: NO BUG REASON: The shown excerpt contains only import statements and docstring/constant definitions, with no executable logic that could contain a bug."
pandas,159,2,BUG,NO BUG,False,"VERDICT: NO BUG REASON: The shown lines contain only import statements and docstring template definitions, with no executable logic that could contain a bug."
pandas,159,3,BUG,BUG,True,"VERDICT: BUG REASON: Line 669 uses `""<pre>"" - val` (string subtraction), which raises a TypeError; it should be string concatenation (`""<pre>"" + val + ""</pre>""`)."
pandas,159,4,BUG,BUG,True,"VERDICT: BUG REASON: Line 668 uses `""-""` instead of `""+""` to concatenate `""<pre>""` and `val`, which raises a TypeError since Python strings don't support subtraction."
pandas,160,1,NO BUG,NO BUG,True,"VERDICT: NO BUG  REASON: This code matches the actual pandas implementation, and its logic (numexpr eligibility checks via `_can_use_numexpr`, safe fallback to `_evaluate_standard` when numexpr can't be used, and the documented `reversed` operand swap) behaves correctly as intended."
pandas,160,3,BUG,NO BUG,False,"VERDICT: NO BUG REASON: This code matches the actual pandas implementation, and its logic is correct — the `>=` set comparison properly checks that the allowed dtypes are a superset of the operands' dtypes, and swapping `a`/`b` for reversed operations before constructing the numexpr expression is the intended behavior."
pandas,160,4,BUG,NO BUG,False,"VERDICT: NO BUG REASON: This code matches the standard pandas numexpr evaluation logic — the dtype superset check (`_ALLOWED_DTYPES[dtype_check] >= dtypes`), the size threshold, reversed-operand swapping, and error handling are all consistent with the intended behavior."
pandas,161,1,NO BUG,BUG,False,"VERDICT: BUG  REASON: In the Series branch of `fillna`, `codes = self._codes` is assigned without being copied before `codes[indexer] = values_codes[indexer]`, so filling with a Series mutates the original Categorical's underlying codes in place (unlike the scalar branch, which does `codes = codes.copy()`), corrupting the source object."
pandas,161,2,BUG,BUG,True,"VERDICT: BUG  REASON: In the `ABC Series` branch (line 1844), `codes` is a reference to `self._codes` (assigned at line 1823 without a copy), so `codes[indexer] = values_codes[...]` mutates the original Categorical's underlying codes in place—unlike the scalar branch, which defensively does `codes = codes.copy()` before modifying."
pandas,161,3,BUG,BUG,True,"VERDICT: BUG REASON: Line 1067 uses list subtraction (`list(self.dtype.categories) - list(new_categories)`), which is invalid for lists (and logically wrong even if it worked — it should be concatenation with `+` to append the new categories to the existing ones)."
pandas,161,4,BUG,BUG,True,"VERDICT: BUG REASON: Line 1067 in `add_categories` uses list subtraction (`list(self.dtype.categories) - list(new_categories)`), which is unsupported in Python (lists have no `-` operator, and even conceptually it should be concatenation `+` to add the new categories), causing a TypeError and contradicting the method's purpose."
pandas,161,5,BUG,NO BUG,False,"VERDICT: NO BUG REASON: The visible portion of the code matches the standard pandas `Categorical` implementation, including correct handling of comparison operators (rejecting ordering comparisons on unordered categoricals, validating matching categories/ordered flags between two Categoricals, and returning `NotImplemented` for pandas container types), with no apparent defects in the truncated excerpt."
pandas,162,2,BUG,NO BUG,False,"VERDICT: NO BUG  REASON: This code matches the actual pandas crosstab/_normalize implementation, where the margins logic (dropping margin rows/columns, recursively normalizing the core table, then re-normalizing and re-attaching margins) is correctly handled, including the use of `DataFrame.append` for rows, which was valid in that pandas version."
pandas,162,3,BUG,BUG,True,"VERDICT: BUG REASON: On line 58, `keys = index - columns` attempts set subtraction on lists (which raises TypeError) and, semantically, `keys` should be the concatenation of index and columns keys (`index + columns`) since it is used both to filter columns and in `data.groupby(keys, ...)` on line 95, which must group by both the index and columns keys."
pandas,162,4,BUG,BUG,True,"VERDICT: BUG REASON: Line 58 computes `keys = index - columns`, but `_convert_by` returns lists which don't support subtraction (and the correct pandas source uses `index + columns` to build the full set of grouping keys), so this would raise a TypeError or, if index/columns were other types, silently drop the column keys used for grouping."
pandas,162,5,BUG,NO BUG,False,"VERDICT: NO BUG REASON: The visible code faithfully matches the actual pandas `pivot_table` implementation (list-of-aggfunc recursion, values/key filtering with GH14938 check, dropna with integer downcasting per gh-21123), with no logic altered."
pandas,163,1,NO BUG,NO BUG,True,"VERDICT: NO BUG REASON: This code matches the standard pandas Window implementation with correct dtype coercion to float64, inf-to-nan conversion, and result wrapping logic; no logical errors are present in the shown lines."
pandas,163,2,BUG,NO BUG,False,"VERDICT: NO BUG REASON: This code is a faithful reproduction of pandas' rolling window internals (repr, _prep_values dtype coercion, and result wrapping) with logic that matches the intended, correct behavior of the original implementation."
pandas,163,5,BUG,NO BUG,False,"VERDICT: NO BUG REASON: The visible portion of the code correctly matches pandas' standard window implementation—validation of `center`, `min_periods`, and `closed` parameters, attribute assignment, and axis resolution all behave as expected, and no logical error is present in the shown code."
pandas,164,2,BUG,NO BUG,False,"VERDICT: NO BUG REASON: This code matches the actual pandas library implementation (from ~0.25/1.0) with correct handling of tz-aware/naive datetime shortcuts, unit-based conversion with tz_localize/tz_convert ordering per GH 23758/25546, and proper format inference logic."
pandas,164,5,BUG,NO BUG,False,"VERDICT: NO BUG REASON: The visible code matches the standard pandas implementation (the duplicated comment block and slightly confusing docstring wording are present in the original but don't affect correctness), and no functional error appears in the truncated portion shown."
pandas,165,3,BUG,NO BUG,False,"VERDICT: NO BUG REASON: The shown lines consist entirely of docstrings and doctest examples (with escaped `%%` for sphinx formatting), containing no executable logic that could be buggy."
pandas,165,4,BUG,NO BUG,False,"VERDICT: NO BUG REASON: The shown code consists entirely of docstrings and a straightforward `strftime` implementation; the only anomaly is a cosmetic docstring typo on line 210 (`+ 'NaT'` instead of `- 'NaT'`), which has no functional impact on the code's behavior."
pandas,165,5,BUG,NO BUG,False,"VERDICT: NO BUG REASON: The truncated code only contains imports and abstract method declarations in `AttributesMixin` (which intentionally raise `AbstractMethodError` for subclass implementation), so no bug is present in the visible portion."
pandas,166,1,NO BUG,NO BUG,True,"VERDICT: NO BUG REASON: The code matches the known-correct pandas implementation — the `left` join path via outer concat followed by `reindex(self.index)`, the `left_index=on is None` logic for single-DataFrame joins, and the fallback pairwise-merge for non-unique indexes all behave as intended."
pandas,166,2,BUG,NO BUG,False,"VERDICT: NO BUG REASON: This code matches pandas' actual implementation of `join`/`_join_compat`/`merge`, correctly handling Series conversion, index-vs-column joining (`left_index=on is None`), the concat fast path for unique indexes (using outer concat plus reindex for left joins to preserve the left frame's index), and falling back to iterative merges for non-unique indexes."
pandas,166,3,BUG,BUG,True,"VERDICT: BUG REASON: Line 668 uses the subtraction operator on strings (`""<pre>"" - val + ""</pre>""`), which raises a TypeError in Python; it should be string concatenation with `+`."
pandas,166,4,BUG,BUG,True,"VERDICT: BUG REASON: Line 668 uses `""<pre>"" - val` which attempts string subtraction and would raise a TypeError; it should be `""<pre>"" + val + ""</pre>""`."
pandas,167,1,NO BUG,NO BUG,True,"VERDICT: NO BUG REASON: This code faithfully reproduces the pandas Index constructor logic (deprecation warning for fastpath, dispatching to RangeIndex/CategoricalIndex/IntervalIndex subclasses), and all branches are consistent with the actual pandas implementation."
pandas,167,2,BUG,NO BUG,False,"VERDICT: NO BUG REASON: This is standard pandas `Index.__new__` constructor logic that correctly dispatches to specialized index subclasses (RangeIndex, CategoricalIndex, IntervalIndex) based on the input data type, and passing a RangeIndex as `start` is handled by RangeIndex's own constructor."
pandas,167,3,BUG,NO BUG,False,"VERDICT: NO BUG REASON: The code is functionally correct; line 978 retrieving `names` from `kwargs` and immediately passing it into `_validate_names` on line 979 is redundant but harmless, and the rest of the methods (copy, deepcopy, repr, formatting) match their intended pandas behavior."
pandas,168,1,NO BUG,NO BUG,True,"VERDICT: NO BUG  REASON: This code matches the standard pandas `get_grouper` implementation, with correct handling of index replacement, level references, exclusions, categorical length validation, and empty-grouping fallback, so there is no identifiable defect."
pandas,168,3,BUG,NO BUG,False,"VERDICT: NO BUG REASON: The visible portion contains only the Grouper class docstring, attribute definition, and the standard `__new__` dispatch to TimeGrouper when `freq` is provided, which matches the known correct pandas implementation (the code is simply truncated, not buggy)."
pandas,168,4,BUG,NO BUG,False,"VERDICT: NO BUG REASON: The shown lines contain the standard, correct pandas `Grouper` implementation where `__new__` returns a `TimeGrouper` instance when a frequency is specified, which is the intended dispatch behavior and not a defect."
pandas,168,5,BUG,NO BUG,False,"VERDICT: NO BUG REASON: The visible code matches pandas' actual Grouper implementation (including the `sort=False` default and the `__new__` dispatch to TimeGrouper when `freq` is given), and no logic error is present in the shown portion."
pandas,169,2,BUG,NO BUG,False,"VERDICT: NO BUG REASON: This code matches the actual pandas implementation — in the BlockManager, axis 1 corresponds to the DataFrame index and axis 0 to the columns, so the `set_axis` calls in `to_timestamp` correctly convert the requested axis, and the `quantile` implementation correctly handles transposition for axis=1."
pandas,169,3,BUG,BUG,True,"VERDICT: BUG REASON: Line 671 uses `""<pre>"" - val` which attempts string subtraction (an unsupported operation in Python) instead of string concatenation with `+`, so `_repr_html_` would raise a TypeError when the info repr path is taken."
pandas,169,4,BUG,BUG,True,"VERDICT: BUG REASON: Line 671 uses `""<pre>"" - val` (string subtraction), which raises a TypeError; it should be string concatenation `""<pre>"" + val + ""</pre>""`."
pandas,21,5,BUG,NO BUG,False,"VERDICT: NO BUG REASON: The snippet contains only module imports, a docstring, and type annotations with no executable logic in which a bug could exist."
pandas,24,5,BUG,NO BUG,False,"VERDICT: NO BUG REASON: The shown code (imports, `tz_to_dtype`, and `_field_accessor`) faithfully matches the corresponding pandas source, with correct timezone handling (`is_utc` check before localizing timestamps) and correct `startingMonth`/`month` keyword fallback for `is_month_start`/`is_month_end` style fields."
pandas,25,5,BUG,NO BUG,False,"VERDICT: NO BUG REASON: The visible `_field_accessor` implementation and surrounding code match the correct pandas logic (properly handling tz-aware values, start/end frequency fields, and masking of results), and no erroneous statement is present in the shown portion."
pandas,26,3,BUG,BUG,True,"VERDICT: BUG REASON: In `add_categories`, line 1020 subtracts lists (which raises `TypeError` since lists don't support the `-` operator) and, even if it worked, subtraction is the wrong operation — adding categories should concatenate the new categories to the existing ones (e.g., `list(self.dtype.categories) + list(new_categories)`), not remove them."
pandas,26,4,BUG,BUG,True,"VERDICT: BUG REASON: Line 1020 uses the `-` operator on two lists, which raises a TypeError in Python (it should concatenate them with `+` to append the new categories to the existing ones)."
pandas,26,5,BUG,NO BUG,False,"VERDICT: NO BUG REASON: The visible portion matches pandas' canonical implementation of `_cat_compare_op`, including the correct NaN-handling for comparisons (both-missing values yielding `True` only for `__ne__`, `False` otherwise) and the proper category/ordered validation checks, so no defect is apparent."
pandas,27,1,NO BUG,NO BUG,True,"VERDICT: NO BUG REASON: The shown code consists of standard imports and a correctly implemented `tz_to_dtype` helper that returns a naive datetime64[ns] dtype for None and a `DatetimeTZDtype` otherwise, matching the original pandas source."
pandas,27,2,BUG,NO BUG,False,VERDICT: NO BUG REASON: The visible lines contain only imports and correctly-implemented helper functions (`tz_to_dtype` and the start of `_field_accessor`) that match the expected pandas behavior of returning `datetime64[ns]` for naive timezones and `DatetimeTZDtype` for tz-aware ones.
pandas,27,3,BUG,BUG,True,"VERDICT: BUG REASON: Line 187 attempts to subtract lists (`_field_ops - _object_ops`), which is an unsupported operation in Python and would raise a TypeError (the original pandas code uses `_field_ops + _bool_ops + _object_ops + _other_ops`)."
pandas,27,4,BUG,BUG,True,"VERDICT: BUG  REASON: Line 186 computes `_field_ops - _object_ops`, but `_field_ops` and `_object_ops` are defined as lists (lines 167, 166), and Python lists do not support the subtraction operator, so this would raise a `TypeError` at class definition time (these must be tuples for the set-like operations to work)."
pandas,27,5,BUG,NO BUG,False,"VERDICT: NO BUG REASON: The code matches the actual pandas implementation of `_field_accessor` and `tz_to_dtype` from `datetimes.py` (the truncation prevents full review, but the visible logic—timezone handling for field accessors, the `get_start_end_field` call with `month_kw` derived from frequency keywords, and proper masking of results—is correct and consistent with the upstream pandas source)."
pandas,28,2,BUG,NO BUG,False,"VERDICT: NO BUG REASON: This code matches the corresponding pandas implementation correctly — the index/Series result wrapping, expansion handling, and recursive `_get_series_list` logic (including mutating the local `others` list and appropriate TypeError for invalid inputs) are all consistent with the intended behavior."
pandas,28,3,BUG,BUG,True,"VERDICT: BUG REASON: The `if`/`else` branches at lines 2528-2531 are identical, meaning the case intended to handle NaN values (the `if` branch, which should apply a mask/fill missing values before concatenation) just calls `cat_safe` the same as the non-NaN path, so NaN handling is lost."
pandas,28,4,BUG,BUG,True,"VERDICT: BUG REASON: The if/else branches at lines 2528-2531 are identical (both call `cat_safe(all_cols, sep)`), whereas the no-NaN ""else"" branch should call the faster `cat_core` (or `np.concatenate`-based path), indicating the wrong function was used in the else branch."
pandas,29,3,BUG,BUG,True,"VERDICT: BUG REASON: On line 759, `nbytes` returns `self.left.nbytes - self.right.nbytes` instead of adding them, which can yield zero or negative values and underreports the array's memory usage."
pandas,29,4,BUG,BUG,True,"VERDICT: BUG REASON: The `nbytes` property on line 759 subtracts `self.right.nbytes` instead of adding it, returning an incorrect (typically zero or negative) total memory footprint for the IntervalArray's left and right components."
pandas,3,5,BUG,NO BUG,False,"VERDICT: NO BUG REASON: The visible code consists only of module imports, documentation, and configuration constants with no logic errors, as the actual Series implementation is truncated."
pandas,30,1,NO BUG,NO BUG,True,"VERDICT: NO BUG REASON: The code matches the actual pandas implementation in pandas/io/json/_json.py verbatim, with no logically altered conditions, swapped operands, or changed exception handling introduced."
pandas,30,2,BUG,NO BUG,False,"VERDICT: NO BUG REASON: This code matches the actual pandas implementation and the logic (float/int coercion with error handling, date parsing with range checks, and orient-based Series construction) is internally consistent and correct."
pandas,30,3,BUG,BUG,True,"VERDICT: BUG REASON: Line 719 uses the subtraction operator (`""["" - "","".join(lines) + ""]""`) instead of string concatenation, which would raise a TypeError since strings cannot be subtracted; it should be `""["" + "","".join(lines) + ""]""`."
pandas,30,4,BUG,BUG,True,"VERDICT: BUG REASON: Line 719 uses string subtraction (`""["" - "","".join(lines) + ""]""`), which is invalid in Python and should be `""["" + "","".join(lines) + ""]""`, causing a TypeError whenever `_combine_lines` is called."
pandas,30,5,BUG,NO BUG,False,"VERDICT: NO BUG REASON: This code matches the actual pandas `to_json` implementation (validation of `index`/`orient`/`lines` arguments, writer selection, and output handling via `get_handle` or direct buffer write are all consistent with correct behavior)."
pandas,31,1,NO BUG,NO BUG,True,"VERDICT: NO BUG REASON: The shown lines contain only module imports, type imports, and documentation strings with no executable logic, so there is no bug present in this portion of the code."
pandas,31,2,BUG,NO BUG,False,"VERDICT: NO BUG REASON: The shown lines contain only module documentation, imports, and docstring templates with no executable logic that could contain a bug."
pandas,31,3,BUG,BUG,True,"VERDICT: BUG REASON: Line 726 uses `""nan"" - func` for string concatenation instead of `""nan"" + func`, which would raise a TypeError since strings cannot be subtracted."
pandas,31,4,BUG,BUG,True,"VERDICT: BUG REASON: Line 724 uses `""nan"" - func`, which is invalid string subtraction (should be `""nan"" + func`), so the elif branch would raise a TypeError instead of retrieving the nanops function."
pandas,32,1,NO BUG,BUG,False,"VERDICT: BUG REASON: `_correct_header1` is truncated — it is missing the trailing ""140000000"" portion of the MEMBER header record (""...000000000000000001600000000140000000""), so the header check will never match valid XPORT files."
pandas,32,2,BUG,NO BUG,False,"VERDICT: NO BUG REASON: The displayed lines only contain module documentation, imports, header-record constant definitions, field name lists, and docstring templates, all of which correctly match the SAS XPORT format specification and contain no executable logic errors."
pandas,32,3,BUG,BUG,True,"VERDICT: BUG REASON: In `_split_line`, the slice `s[start : start - length]` should be `s[start : start + length]`; since lengths are positive, `start - length` is less than `start`, producing empty or incorrectly-offset substrings and corrupting the parsing of every fixed-width header line."
pandas,32,4,BUG,BUG,True,"VERDICT: BUG REASON: In `_split_line`, the slice `s[start : start - length]` uses a negative end index, so it extracts the wrong substring for each field instead of the intended `s[start : start + length]`."
pandas,32,5,BUG,NO BUG,False,"VERDICT: NO BUG REASON: The excerpt contains only module-level constants, documentation strings, and imports that match the expected XPORT format header records and field key definitions, with no executable logic that exhibits a defect."
pandas,33,1,NO BUG,NO BUG,True,"VERDICT: NO BUG REASON: This code matches the actual pandas implementation of `IntegerArray.astype`, `_values_for_argsort`, and the comparison method factory, and its logic (fast-path dtype conversion, NA propagation via combined masks, and handling of `pd.NA` as ""other"") is correct."
pandas,33,5,BUG,NO BUG,False,"VERDICT: NO BUG REASON: The visible portion of the code matches the correct pandas `IntegerArray`/`_IntegerDtype` implementation (imports, `__repr__`, cached properties, `construct_array_type`, and the `__from_arrow__` chunk-handling logic are all consistent with the expected behavior)."
pandas,34,1,NO BUG,NO BUG,True,"VERDICT: NO BUG REASON: This code matches the corresponding section of pandas' `resample.py` exactly, including the bin edge adjustment for super-daily frequencies, label shifting based on `closed`/`label`, NaT insertion for missing values, and the GH4076 label truncation logic, all of which are correct."
pandas,34,2,BUG,NO BUG,False,"VERDICT: NO BUG REASON: This code matches the upstream pandas implementation (including the GH 21459/9119 bin-edge adjustment for super-daily frequencies and the closed/label handling), and the bin/label trimming logic correctly handles empty indexes, NaT values, and mismatched label/bin counts."
pandas,34,3,BUG,BUG,True,"VERDICT: BUG REASON: In `_apply_loffset`, the loffset should be **added** to the result index (`result.index = result.index + self.loffset`, as in the original pandas source), but this code subtracts it, applying the offset in the wrong direction."
pandas,34,4,BUG,BUG,True,"VERDICT: BUG REASON: In `_apply_loffset`, the line `result.index = result.index - self.loffset` subtracts the offset, but pandas' actual implementation (and the documented semantics of `loffset`) adds it, i.e. it should be `result.index = result.index + self.loffset`."
pandas,34,5,BUG,NO BUG,False,"VERDICT: NO BUG REASON: The visible portion of the code (imports, class definition, `__init__`, `__str__`, `__getattr__`, and `__iter__`) faithfully mirrors the original pandas implementation with no logical or syntactic errors apparent in what is shown."
pandas,35,1,NO BUG,NO BUG,True,"VERDICT: NO BUG REASON: This code matches the actual pandas PeriodIndex implementation (including `_maybe_convert_timedelta`, `__contains__`, `_engine` weakref handling, and `__array_wrap__` ufunc logic) with no logic altered or injected errors."
pandas,35,2,BUG,NO BUG,False,"VERDICT: NO BUG REASON: The code matches the original pandas implementation of `PeriodIndex._maybe_convert_timedelta`, `__contains__`, and `__array_wrap__`, with correct frequency-compatibility checks, name propagation on subtraction results, and ufunc type validation."
pandas,35,3,BUG,BUG,True,"VERDICT: BUG REASON: Line 183 uses `set(fields) + valid_field_set`, but sets do not support the `+` operator (union should be `|`), so when an invalid keyword argument is passed, this line itself raises an unrelated `TypeError: unsupported operand type(s) for +: 'set' and 'set'` instead of the intended error message identifying the unexpected keyword argument."
pandas,35,4,BUG,BUG,True,"VERDICT: BUG  REASON: On line 183, `set(fields) + valid_field_set` uses set union (and sets don't even support the `+` operator, so it raises a TypeError) instead of the set difference `set(fields) - valid_field_set`, meaning the code fails to correctly identify the unexpected keyword argument when building the error message."
pandas,35,5,BUG,NO BUG,False,"VERDICT: NO BUG REASON: The visible code is just the standard imports, module-level helpers, and class definition of pandas' PeriodIndex (with `_new_PeriodIndex` correctly handling int64 ordinals by wrapping them in a PeriodArray with the popped freq), and contains no logic error."
pandas,36,1,NO BUG,NO BUG,True,"VERDICT: NO BUG REASON: The shown lines contain only imports and the beginning of a docstring with no executable logic, so there is no bug present in this excerpt."
pandas,36,2,BUG,NO BUG,False,"VERDICT: NO BUG REASON: The shown lines contain only imports, module aliases, and a docstring for `isna` with no executable logic, so no bug is present in the displayed code."
pandas,36,3,BUG,NO BUG,False,"VERDICT: NO BUG REASON: The shown code (notna's scalar/array handling, _isna_compat's dtype check, and array_equivalent's shape, string-dtype, and strict_nan comparison logic) matches the correct pandas implementation and handles NaN/None/NaT cases consistently."
pandas,36,4,BUG,NO BUG,False,"VERDICT: NO BUG REASON: The shown code matches the correct pandas implementations—`notna` properly inverts `isna` (handling scalars), `_isna_compat` correctly disallows NaN filling for bool/integer dtypes, and `array_equivalent` correctly handles shape checks and string-dtype comparisons including the strict_nan path."
pandas,36,5,BUG,NO BUG,False,"VERDICT: NO BUG REASON: The visible code consists only of module imports and the docstring for `isna`, with no executable logic that could contain a bug (the implementation is truncated)."
pandas,37,1,NO BUG,NO BUG,True,"VERDICT: NO BUG REASON: The shown lines correctly define StringDtype with na_value set to pandas.NA (libmissing.NA) consistent with the inline comment; the only oddity is the outdated docstring warning referencing numpy.nan, which is cosmetic and not a functional bug."
pandas,37,2,BUG,NO BUG,False,"VERDICT: NO BUG REASON: This code matches the standard pandas StringDtype implementation, correctly setting `na_value = libmissing.NA` (pandas.NA), defining `type` as `str`, and properly returning `StringArray` from `construct_array_type`."
pandas,37,3,BUG,BUG,True,"VERDICT: BUG REASON: In `_validate`, the condition `if len(self._ndarray) or not lib.is_string_array(...)` uses `or` instead of `and`, so any non-empty array raises a ValueError regardless of whether its contents are valid strings."
pandas,37,4,BUG,BUG,True,"VERDICT: BUG REASON: In `_validate` (line 184), the condition `if len(self._ndarray) or not lib.is_string_array(...)` raises a ValueError for any non-empty array, since the `len(self._ndarray)` term is always truthy when the array has elements — it should be simply `if not lib.is_string_array(self._ndarray, skipna=True):`."
pandas,37,5,BUG,NO BUG,False,"VERDICT: NO BUG REASON: The visible code matches the standard pandas StringDtype/StringArray implementation (imports, dtype registration, `__from_arrow__` chunk handling, and `_from_sequence` conversion are all correct), and no defective logic is present in the shown portion."
pandas,38,4,BUG,BUG,True,"VERDICT: BUG REASON: Line 148 uses subtraction (`codes[:v] - codes[v + 1 :]`) instead of concatenation (`+`) when building `to_sort`, which would raise a TypeError on list operands and contradicts the intended (and matching `sizes` computation on line 149) concatenation of the level codes."
pandas,39,2,BUG,BUG,True,"VERDICT: BUG  REASON: The docstring states that None is only returned for SparseArray, but the SparseArray handling branch (and its corresponding `_arith_method_SPARSE`/`_comp_method_SPARSE` imports and `elif issubclass(cls, ABCSparseArray)` case present in the original pandas code) has been removed, so calling this function with a SparseArray subclass would hit the `return` with unbound local variables (`arith_flex`, etc.), raising an UnboundLocalError instead of returning None."
pandas,39,3,BUG,BUG,True,"VERDICT: BUG REASON: Line 233 uses `force and name not in cls.__dict__`, which never overwrites existing methods, contradicting the comment (and the original pandas code) which requires `force or name not in cls.__dict__` so that methods are overwritten except for SparseArray inplace methods."
pandas,39,5,BUG,BUG,True,"VERDICT: BUG REASON: The code is missing the `else` branch in `_get_method_wrappers` for `ABCSparseArray` (the docstring even says None is returned for SparseArray, and `ABCSparseArray` is imported but unused), so calling it with a SparseArray would raise an `UnboundLocalError`; additionally the imported `rxxor` does not exist in `pandas.core.ops.roperator` (the correct name is `rxor`), which would cause an `ImportError`."
pandas,40,1,NO BUG,NO BUG,True,"VERDICT: NO BUG REASON: The shown lines contain only imports and the start of a function signature, with no executable logic that could contain a bug."
pandas,40,2,BUG,NO BUG,False,"VERDICT: NO BUG REASON: The shown lines contain only standard imports and the beginning of the `merge` function signature, with no erroneous logic present."
pandas,41,1,NO BUG,NO BUG,True,VERDICT: NO BUG REASON: The shown code consists solely of import statements and contains no logic in which a bug could exist.
pandas,41,2,BUG,NO BUG,False,VERDICT: NO BUG REASON: The shown code is only the import section of the file and contains no executable logic that could harbor a bug.
pandas,41,4,BUG,BUG,True,"VERDICT: BUG REASON: In `fillna`, `mask[mask.cumsum(self.ndim + 1) > limit] = False` uses an off-by-one axis (should be `self.ndim`), so the cumulative sum is computed along the wrong axis, producing incorrect limit enforcement or an axis-out-of-bounds error."
pandas,41,5,BUG,NO BUG,False,"VERDICT: NO BUG REASON: The visible portion is the standard, correct `Block` class initialization from pandas' internals, with consistent imports and a proper `_check_ndim`/placement/values assignment that matches the upstream pandas source."
pandas,42,1,NO BUG,NO BUG,True,"VERDICT: NO BUG REASON: The code correctly compares Series lengths, indexes, dtypes, and values with appropriate branching for exact, datetimelike, interval, categorical, and extension-array cases, and `is_categorical_dtype` accepts Series objects as well as dtypes, so all logic matches the intended behavior of pandas' `assert_series_equal`."
pandas,42,5,BUG,NO BUG,False,"VERDICT: NO BUG REASON: The visible portion of the code matches the actual pandas `_testing.py` implementation (including the environment-variable-based testing mode logic, which is intentional), and no logical or syntactic errors are present in the shown excerpt."
pandas,43,3,BUG,BUG,True,"VERDICT: BUG  REASON: In `_maybe_match_name`, the condition `if a_has or b_has:` should be `if a_has and b_has:`, because when only one operand has a `name` attribute, accessing the other's `.name` (e.g., `a.name == b.name`) raises an AttributeError and makes the subsequent `elif a_has` / `elif b_has` branches unreachable."
pandas,43,4,BUG,BUG,True,"VERDICT: BUG  REASON: In `_maybe_match_name`, the condition `if a_has or b_has:` should be `if a_has and b_has:` — with `or`, when only one operand has a `name` attribute, the code still evaluates `a.name == b.name` (potentially raising an AttributeError) and the subsequent `elif a_has`/`elif b_has` branches that handle the one-sided case become unreachable dead code."
pandas,43,5,BUG,NO BUG,False,"VERDICT: NO BUG REASON: The visible code matches the actual pandas source (imports, `ARITHMETIC_BINOPS`/`COMPARISON_BINOPS` sets, and `get_op_result_name`/`_maybe_match_name` are all consistent with the original implementation), and no logic errors are present in the shown portion."
pandas,44,1,NO BUG,NO BUG,True,VERDICT: NO BUG REASON: The shown lines consist entirely of import statements and a TYPE_CHECKING guard with no logic that could contain a bug.
pandas,44,2,BUG,NO BUG,False,"VERDICT: NO BUG REASON: This excerpt contains only import statements with no executable logic, and the imports are consistent and correctly ordered, so there is no bug to identify in these lines."
pandas,44,3,BUG,NO BUG,False,"VERDICT: NO BUG REASON: This code matches the actual pandas Index implementation—the `copy`, `__deepcopy__`, `__repr__`, `_format_data`, and `format` methods correctly use the expected helpers (`_shallow_copy`, `_validate_names`, `set_names`, `format_object_summary`, `_format_with_header`) with no logic errors in the shown lines."
pandas,44,4,BUG,NO BUG,False,"VERDICT: NO BUG REASON: This code matches the genuine pandas Index implementation, with copy/deepcopy, repr formatting, and format methods all implemented consistently and correctly."
pandas,44,5,BUG,NO BUG,False,"VERDICT: NO BUG REASON: The visible code (imports, module-level constants, and the `_make_comparison_op` helper with its length-matching check) matches the correct pandas implementation and contains no apparent logic errors."
pandas,45,1,NO BUG,NO BUG,True,"VERDICT: NO BUG REASON: The visible portion only contains imports and a function signature/docstring with no logic, so there is no bug detectable in the shown code."
pandas,45,2,BUG,NO BUG,False,"VERDICT: NO BUG REASON: The shown lines contain only module imports, type-checking setup, and the beginning of a function signature with its docstring, so there is no executable logic in which a bug could exist."
pandas,45,5,BUG,NO BUG,False,"VERDICT: NO BUG REASON: The visible portion contains only module imports and a docstring with no executable logic, so there is no bug to identify in the provided code."
pandas,46,1,NO BUG,NO BUG,True,"VERDICT: NO BUG REASON: The `from_product` and `from_tuples` implementations shown are consistent with pandas' actual behavior (proper iterator handling, name inference, lossless cartesian product of factorized codes), with no logical or API errors visible in this excerpt."
pandas,46,2,BUG,NO BUG,False,"VERDICT: NO BUG REASON: The code correctly implements `from_product` (validating list-like input, factorizing iterables, inferring names, and computing the cartesian product of codes) and `from_frame` exactly as in the standard pandas implementation, with no logic errors."
pandas,46,4,BUG,NO BUG,False,"VERDICT: NO BUG REASON: This code matches the actual pandas MultiIndex implementation—the `set_codes` input validation correctly normalizes scalar-level input into lists, the inplace/copy handling is standard, and the `_engine` bit-offset computation (right-to-left cumulative sums for lexicographic ordering with a 64-bit overflow fallback to `MultiIndexPyIntEngine`) is logically correct."
pandas,47,1,NO BUG,NO BUG,True,"VERDICT: NO BUG REASON: This code matches the actual pandas `DataFrame.__setitem__`/`_set_item` implementation; the fallback positional lookup at lines 2643-2645 correctly converts both column and index labels to positions before calling `_get_value(..., takeable=True)`, and all other methods follow standard pandas behavior."
pandas,47,2,BUG,NO BUG,False,"VERDICT: NO BUG REASON: This code matches the actual pandas implementation of `__setitem__`, `_setitem_slice`, `_setitem_array`, `_setitem_frame`, `_iset_item`, and `_set_item` in pandas/core/frame.py, with correct handling of slice, boolean, array-like, and DataFrame key types as well as appropriate copy/writeability checks."
pandas,47,3,BUG,NO BUG,False,"VERDICT: NO BUG REASON: This matches pandas' actual `iterrows`/`itertuples` implementation—the use of `self._constructor_sliced` for row Series, integer positional indexing to handle duplicate column names, and the `PY37 or len(self.columns) + index < 255` namedtuple-size guard (where the bool `index` counts as 0/1) are all correct and consistent with the documented behavior."
pandas,47,4,BUG,NO BUG,False,"VERDICT: NO BUG REASON: The `iterrows`, `itertuples`, and `__len__` implementations match the actual pandas source (including the correct handling of duplicate column names via integer-based `.iloc` indexing, the `rename=True` sanitization of namedtuple fields, and the Python <3.7 255-argument fallback) and behave correctly for their documented semantics."
pandas,48,3,BUG,BUG,True,"VERDICT: BUG REASON: Line 601 computes group boundaries as `np.r_[0, 1 - np.nonzero(ids[1:] != ids[:-1])[0]]`, which subtracts the change positions from 1 instead of adding 1 to them (the correct code is `np.flatnonzero(ids[1:] != ids[:-1]) + 1`), producing incorrect group-start indices that break the `nunique` computation."
pandas,48,4,BUG,BUG,True,"VERDICT: BUG REASON: In `nunique`, line 601 computes group boundary indices as `1 - np.nonzero(ids[1:] != ids[:-1])[0]` (subtracting 1 from the change positions) instead of the correct `np.flatnonzero(ids[1:] != ids[:-1]) + 1` (adding 1), which misplaces group boundaries and yields wrong unique counts."
pandas,49,1,NO BUG,NO BUG,True,"VERDICT: NO BUG REASON: The code matches the expected pandas implementation—`str_repeat` correctly handles scalar and sequence repeats (with NA handling and bytes/str fallback), `str_match` correctly compiles the regex with case flags and applies `regex.match` via `_na_map`, and the `regex=False` replace path properly rejects compiled patterns and callables before using `str.replace` with count `n`."
pandas,49,2,BUG,NO BUG,False,"VERDICT: NO BUG REASON: The code matches the standard pandas implementation—`str_replace` with `regex=False` correctly rejects compiled regexes and callables, `str_repeat` properly handles both scalar and per-element repeat values with a bytes/str fallback, and `str_match` correctly uses `re.match` (which anchors at the start) to produce boolean results via `_na_map`."
pandas,49,3,BUG,BUG,True,"VERDICT: BUG REASON: The if/else branches at lines 2467-2470 are identical (`result = cat_safe(all_cols, sep)` in both cases), meaning the NaN-handling logic that the branch comment implies (""no NaNs - can just concatenate"") is missing, so rows containing NaN are not given the special concatenation treatment the conditional was intended to provide."
pandas,49,4,BUG,NO BUG,False,"VERDICT: NO BUG REASON: The if/else at lines 2465-2468 is redundant since both branches call `cat_safe(all_cols, sep)` identically, but `cat_safe` correctly handles both the NaN and no-NaN cases, so there is no functional defect—only dead/duplicated code."
pandas,50,1,NO BUG,NO BUG,True,"VERDICT: NO BUG REASON: This code matches the actual pandas implementation of `_cat_compare_op` and `contains`, and its logic (length checks, ordered/unordered handling, category comparison, NaN masking for comparison operators) is internally consistent and correct."
pandas,50,2,BUG,NO BUG,False,"VERDICT: NO BUG REASON: The code matches the standard pandas implementation of `_cat_compare_op` and `contains` helpers, with correct handling of ordered/unordered comparisons, NaN (missing) code masking, and scalar/list-like comparison semantics."
pandas,50,3,BUG,BUG,True,VERDICT: BUG  REASON: Line 1029 in `add_categories` uses `-` to subtract two lists (which raises a TypeError in Python) when it should use `+` to concatenate the existing categories with the new ones.
pandas,50,4,BUG,BUG,True,"VERDICT: BUG REASON: Line 1026 uses the `-` operator on two lists (`list(self.dtype.categories) - list(new_categories)`), which raises a TypeError since list subtraction is unsupported — it should be concatenation with `+` to append the new categories."
pandas,51,1,NO BUG,NO BUG,True,"VERDICT: NO BUG REASON: The shown lines contain only imports, decorator registrations, and the beginning of a class docstring, none of which contain any erroneous logic."
pandas,51,2,BUG,NO BUG,False,"VERDICT: NO BUG REASON: The shown lines contain only imports, decorator configurations, and the class docstring, all of which are consistent with the actual pandas source and contain no logic errors."
pandas,51,4,BUG,NO BUG,False,"VERDICT: NO BUG REASON: The code is a faithful reproduction of pandas' CategoricalIndex constructors and helpers, with consistent handling of scalar/None data, dtype inference, copying, and code-based construction, and no logical errors are present in the shown lines."
pandas,51,5,BUG,NO BUG,False,"VERDICT: NO BUG REASON: The provided code consists only of imports, class decorators, and a truncated docstring with no executable logic that could contain a bug."
pandas,52,3,BUG,BUG,True,"VERDICT: BUG REASON: Line 601 computes group boundary indices as `np.r_[0, 1 - np.nonzero(...)]` when it should be `1 + np.nonzero(...)` (boundaries must be strictly increasing positions after each change in group id), so `reduceat` is given a corrupted, non-monotonic index array and nunique returns wrong results."
pandas,52,4,BUG,BUG,True,"VERDICT: BUG  REASON: Line 613 computes group boundary indices as `1 - np.nonzero(ids[1:] != ids[:-1])[0]` (i.e., 1 minus the positions), when it should be `np.nonzero(...)[0] + 1`, so the reduceat indices used to count unique values per group are wrong."
pandas,53,1,NO BUG,NO BUG,True,"VERDICT: NO BUG REASON: The shown code matches the corresponding upstream pandas implementation (e.g., `_filter_indexer_tolerance`, `_convert_scalar_indexer`, and `_convert_slice_indexer` behave as intended with correct conditions and validation calls), and no logic has been altered or broken."
pandas,53,2,BUG,NO BUG,False,"VERDICT: NO BUG REASON: This code matches the corresponding logic in pandas' actual implementation—`_filter_indexer_tolerance` correctly masks out-of-tolerance matches with -1, and the scalar/slice indexer conversion methods correctly validate and handle loc/getitem semantics, so no defect is present."
pandas,53,3,BUG,NO BUG,False,"VERDICT: NO BUG REASON: The code matches pandas' actual Index implementation, with correct copy semantics (shallow copy with `_data.copy()` when deep), proper `__deepcopy__` delegation to `copy(deep=True)`, and consistent rendering/formatting logic."
pandas,53,4,BUG,NO BUG,False,"VERDICT: NO BUG REASON: The code faithfully reproduces pandas' standard `Index.copy`, `__deepcopy__`, `__repr__`, and formatting methods with consistent logic, correct handling of deep copies and name validation, and no apparent logical errors."
pandas,53,5,BUG,NO BUG,False,"VERDICT: NO BUG REASON: The visible code consists of imports and a `_make_comparison_op` implementation that correctly validates length matching before comparison and handles object-dtype comparison with categoricals and extension arrays, matching the actual pandas source behavior."
pandas,54,1,NO BUG,NO BUG,True,"VERDICT: NO BUG REASON: This code faithfully implements the documented precedence logic (dtype > categorical values' dtype > new construction from categories/ordered) with appropriate validation errors for invalid inputs, matching the well-tested pandas implementation."
pandas,54,2,BUG,BUG,True,"VERDICT: BUG  REASON: When `dtype` is neither a string nor a `CategoricalDtype` (e.g., an int or arbitrary object), the code fails to validate it—unlike upstream pandas which raises a TypeError—and instead falls through and returns the invalid `dtype` object unchanged from `_from_values_or_dtype`."
pandas,54,3,BUG,NO BUG,False,"VERDICT: NO BUG REASON: The logic in `_from_values_or_dtype` correctly handles the string ""category"" case, raises errors when `categories`/`ordered` conflict with an explicit `CategoricalDtype`, and rejects invalid dtypes, matching the documented precedence rules."
pandas,54,4,BUG,NO BUG,False,"VERDICT: NO BUG REASON: This code matches the actual pandas implementation; the chained comparison `categories is ordered is None` correctly checks both are None, and the dtype precedence/validation logic in `_from_values_or_dtype` is consistent with its documented behavior."
pandas,54,5,BUG,NO BUG,False,"VERDICT: NO BUG REASON: The shown code matches pandas' actual implementation, and the Registry.find logic correctly handles both dtype instances and classes by checking type(dtype) before the issubclass test and returning the original dtype, so no bug is evident in the provided (truncated) snippet."
pandas,55,1,NO BUG,NO BUG,True,"VERDICT: NO BUG REASON: This code matches the genuine pandas implementation of `xs`, the item cache, slicing, and copy-tracking helpers, with correct handling of MultiIndex/non-unique index lookups and consistent `_set_is_copy` logic."
pandas,55,4,BUG,NO BUG,False,"VERDICT: NO BUG REASON: The code matches the expected pandas implementation—axis resolution, args/kwargs construction, and resolver logic all behave correctly for their intended purposes."
pandas,56,1,NO BUG,NO BUG,True,"VERDICT: NO BUG REASON: This code matches the corresponding sections of pandas' actual `DataFrame` implementation, and the logic for boolean indexing, multilevel `__getitem__`, `_get_value`, and `__setitem__` dispatch is internally consistent and correct (e.g., the empty-string placeholder handling in `_getitem_multilevel` and the KeyError fallback in `_get_value` follow the documented pandas behavior)."
pandas,56,2,BUG,NO BUG,False,"VERDICT: NO BUG REASON: This code matches the genuine pandas DataFrame implementation (boolean-mask row selection, multilevel column getitem, `_get_value` with its takeable fallback, and `__setitem__` dispatch), with no logic altered or injected errors present."
pandas,56,3,BUG,NO BUG,False,"VERDICT: NO BUG  REASON: This matches the actual pandas implementation—`iterrows` correctly yields (index, Series) pairs (with documented dtype upcasting from `self.values`), and `itertuples` correctly handles duplicate column names via integer-based `iloc` indexing, the Python <3.7 namedtuple argument limit, and the fallback to plain tuples when `name is None`."
pandas,56,4,BUG,NO BUG,False,"VERDICT: NO BUG REASON: This is the standard pandas implementation of `iterrows` and `itertuples`; it correctly handles duplicate column names via positional indexing, renames invalid identifier fields via `rename=True`, and appropriately falls back to regular tuples when there are too many columns for namedtuple construction on older Python versions."
pandas,56,5,BUG,NO BUG,False,VERDICT: NO BUG REASON: The snippet contains only module documentation and import statements with no executable logic in which a bug could exist.
pandas,57,1,NO BUG,NO BUG,True,"VERDICT: NO BUG REASON: This code matches the upstream pandas `_testing.py` implementation — the `asi8` fast path is properly guarded by checking both arrays share the same type, NA masks are compared separately, and the valid values are compared either exactly or approximately based on `check_exact`."
pandas,57,2,BUG,NO BUG,False,"VERDICT: NO BUG REASON: This is faithful pandas testing code — the `asi8` fast path is safe because `type(right) == type(left)` guarantees both arrays share the type, integer codes compare exactly, and NA positions are implicitly encoded in the codes (e.g., -1/iNaT), while the remaining logic correctly handles masks, exact, and approximate comparisons."
pandas,57,4,BUG,NO BUG,False,"VERDICT: NO BUG REASON: The shown code matches the standard pandas `makeCustomIndex`/`makeCustomDataframe` implementation (Counter-based label duplication, tuple zipping, index construction, and the parameter assertions/calls are all correct and consistent with the actual pandas source)."
pandas,57,5,BUG,NO BUG,False,"VERDICT: NO BUG REASON: The visible portion of the code consists of standard imports, module constants, and correctly implemented utility functions (set_testing_mode, reset_testing_mode, reset_display_options, round_trip_pickle) with no logical errors."
pandas,58,1,NO BUG,NO BUG,True,"VERDICT: NO BUG REASON: The `from_codes` implementation correctly validates that categories are provided, checks codes are integer-like, rejects NA values in extension arrays, and ensures codes fall within [-1, len(categories)-1] before construction, matching the standard pandas behavior."
pandas,58,2,BUG,NO BUG,False,"VERDICT: NO BUG  REASON: The code correctly validates that codes are integer-like and within the range [-1, len(categories)-1], and this matches the actual pandas implementation of `Categorical.from_codes` with no logical errors present in the shown lines."
pandas,58,3,BUG,BUG,True,"VERDICT: BUG REASON: In `add_categories` (line 1030), the new categories are combined with `list(self.dtype.categories) - list(new_categories)` (list subtraction, which raises a TypeError) instead of `+`, so new categories are never actually added."
pandas,58,4,BUG,BUG,True,"VERDICT: BUG  REASON: In `add_categories`, line 1024 uses list subtraction (`list(self.dtype.categories) - list(new_categories)`), which is not a valid operation on lists and is also logically backwards—new categories should be appended with `+` to the existing ones, not removed from them."
pandas,59,1,NO BUG,NO BUG,True,"VERDICT: NO BUG REASON: This code matches the standard pandas implementation of `Rolling.corr`, correctly defaulting `pairwise=True` when `other` is None, propagating window parameters to the rolling covariance/std computations, and delegating to `_flex_binary_moment` as intended."
pandas,59,2,BUG,NO BUG,False,"VERDICT: NO BUG REASON: This is the standard, correct pandas implementation of rolling correlation, computing corr as cov/(std_a*std_b) with consistent window/min_periods/center parameters (matching the actual pandas source), and the docstring examples are consistent with numpy.corrcoef results."
pandas,59,5,BUG,NO BUG,False,"VERDICT: NO BUG REASON: The visible portion of the code (imports, class definition, `__init__`, and start of `validate`) matches pandas' standard rolling window implementation with correct attribute initialization and validation logic, and no defect is apparent in the shown fragment."
pandas,60,2,BUG,BUG,True,"VERDICT: BUG  REASON: The code references a nonexistent `self._numba_func_cache` attribute and passes an unsupported `use_numba_cache` parameter to `self._apply`, both of which would raise AttributeError/TypeError at runtime since neither exists in pandas' Rolling implementation."
pandas,60,4,BUG,BUG,True,VERDICT: BUG  RE
pandas,60,5,BUG,NO BUG,False,"VERDICT: NO BUG REASON: The visible code matches the standard pandas `_Window` class implementation, with imports, `__init__` attribute assignment, and validation checks that are all consistent with the original source."
pandas,61,1,NO BUG,NO BUG,True,"VERDICT: NO BUG REASON: This is standard, correct pandas Series indexing logic handling scalars, bool indexers, tuples, slices, and list-like keys with appropriate fallbacks and error handling, matching the well-tested upstream implementation."
pandas,61,3,BUG,NO BUG,False,VERDICT: NO BUG REASON: The `argsort` implementation matches pandas' actual behavior—assigning `np.argsort` ranks of non-NA values back to their original positions (with -1 for NAs) and returning a finalized Series with the original index—and the remaining lines are only a docstring for `nlargest`.
pandas,61,4,BUG,NO BUG,False,"VERDICT: NO BUG REASON: The code matches pandas' intended behavior for `argsort` (placing subset-relative sort positions at non-NA locations with -1 for NA) and the `nlargest` docstring/implementation is standard, with no logic errors present in the shown lines."
pandas,61,5,BUG,NO BUG,False,"VERDICT: NO BUG REASON: The provided snippet contains only the beginning of a module docstring with no executable code, so there is no bug to identify."
pandas,62,1,NO BUG,NO BUG,True,"VERDICT: NO BUG REASON: This code faithfully reproduces pandas' `Block.replace` and `Block.setitem` logic — the `_can_hold_element` checks, dtype-promotion fallbacks, and object-dtype retry in the exception handler all match the expected behavior for handling values not storable in the block's dtype."
pandas,62,2,BUG,NO BUG,False,"VERDICT: NO BUG REASON: This code matches the established pandas Block implementation for `replace`/`setitem`, with consistent dtype coercion, retry-with-object-cast on TypeError/ValueError (avoiding infinite loops by re-raising for object blocks), and standard empty-indexer and length-check handling."
pandas,62,3,BUG,NO BUG,False,"VERDICT: NO BUG REASON: This code matches the actual pandas implementation of these methods (e.g., the fillna limit handling via `mask.cumsum(self.ndim + 1)`, the per-column `split_and_operate` fallback, and the delete/apply logic), and each operation is internally consistent with its docstring and calling conventions."
pandas,62,5,BUG,NO BUG,False,VERDICT: NO BUG REASON: The shown code consists only of imports and the Block class declaration with its attributes; no logic is present that could contain a bug.
pandas,63,1,NO BUG,NO BUG,True,VERDICT: NO BUG  REASON: This code matches the canonical pandas implementation of the scalar access indexers (`at
pandas,63,2,BUG,NO BUG,False,"VERDICT: NO BUG REASON: This code matches the actual pandas implementation correctly, with proper validation in the scalar access indexers (`_AtIndexer` enforcing type-compatible keys, `_iAtIndexer` enforcing integer indexers) and correct slice/float handling in the iloc key conversion."
pandas,64,1,NO BUG,NO BUG,True,"VERDICT: NO BUG REASON: This code matches the original pandas `ExcelFormatter` implementation, and its logic (cols validation, header/"
pandas,64,2,BUG,BUG,True,"VERDICT: BUG REASON: Line 438 wraps the formatted value in `float(...)`, converting the `float_format` result back to a plain float and discarding the intended formatting (the correct pandas code returns the formatted string `self.float_format % val`)."
pandas,64,3,BUG,BUG,True,"VERDICT: BUG REASON: Line 326 uses `-` (subtraction) between strings, which raises a TypeError; short hex colors like ""#fff"" should be expanded with string concatenation (`val[1]*2 + val[2]*2 + val[3]*2`), not arithmetic subtraction."
pandas,64,4,BUG,BUG,True,"VERDICT: BUG REASON: Line 326 uses subtraction (`val[1] * 2 - val[2] * 2 + val[3] * 2`) on strings, which raises a TypeError; the correct code expands a 4-digit hex color with string concatenation using `+` for all three components (e.g., `val[1]*2 + val[2]*2 + val[3]*2`)."
pandas,64,5,BUG,NO BUG,False,"VERDICT: NO BUG REASON: The visible portion (ExcelCell definition and CSSToExcelConverter initialization/style-building logic) matches the correct upstream pandas implementation, with no apparent logical or syntactic errors in what is shown."
pandas,65,1,NO BUG,NO BUG,True,"VERDICT: NO BUG REASON: The visible code correctly implements URL validation by checking that the parsed scheme is in the set of valid URL schemes, and the remaining shown lines are just imports and a docstring with no logic errors."
pandas,65,2,BUG,NO BUG,False,VERDICT: NO BUG REASON: The visible code correctly checks URL validity against known protocols and contains no logical errors in the imports or the `is_url` function shown.
pandas,65,3,BUG,BUG,True,"VERDICT: BUG REASON: `_VALID_URLS` is computed as `uses_relative - uses_netloc + uses_params` (subtraction), which incorrectly removes URL schemes that require a netloc (like `http`, `https`, `ftp`), causing `is_url` to wrongly return False for such URLs; it should be `uses_relative + uses_netloc + uses_params`."
pandas,65,4,BUG,BUG,True,"VERDICT: BUG REASON: `_VALID_URLS` is computed as `uses_relative - uses_netloc + uses_params`, but the correct pandas code uses `uses_relative + uses_netloc + uses_params`; the subtraction removes netloc-based schemes (e.g., http, ftp), causing `is_url` to incorrectly reject valid URLs."
pandas,65,5,BUG,NO BUG,False,"VERDICT: NO BUG REASON: The shown code (is_url, _expand_user, validate_header_arg, stringify_path) matches the correct pandas implementation with proper type checks, protocol validation against _VALID_URLS, and fspath/string path handling."
pandas,66,2,BUG,NO BUG,False,"VERDICT: NO BUG REASON: This is a faithful reproduction of pandas' `xs` method — the level-based indexing, axis handling, MultiIndex `get_loc_level` branch, boolean/array indexer handling, and scalar fast-path logic all match the correct, well-established implementation."
pandas,66,3,BUG,BUG,True,"VERDICT: BUG REASON: In `_setup_axes`, `info_axis = len(axes) + 1` is off by one (should be `len(axes) - 1`), causing `axes[info_axis]` on line 334 to use an out-of-range index and raise an IndexError."
pandas,66,4,BUG,BUG,True,"VERDICT: BUG REASON: In `_setup_axes`, `info_axis = len(axes) + 1` is out of bounds (it should be `len(axes) - 1`, the index of the last axis), so `axes[info_axis]` on line 334 will raise an IndexError whenever this method is called."
pandas,66,5,BUG,NO BUG,False,"VERDICT: NO BUG REASON: The visible portion only contains imports and shared doc-string constants with no executable logic, so no bug can be identified (though the code is truncated, preventing review of the actual implementation)."
pandas,67,1,NO BUG,NO BUG,True,"VERDICT: NO BUG REASON: The shown lines are only import statements with no executable logic, and none of the imports contain errors or indicate a bug."
pandas,67,2,BUG,NO BUG,False,"VERDICT: NO BUG REASON: The shown lines 1-67 contain only import statements with no executable logic, so there is no bug present in the provided code."
pandas,67,3,BUG,BUG,True,"VERDICT: BUG REASON: In `fillna`, the limit mask computation uses `mask.cumsum(self.ndim + 1)`, which passes an out-of-bounds axis (e.g., axis=2 for a 1D block or axis=3 for a 2D block) to `cumsum` and will raise an AxisError whenever `limit` is specified; the correct expression is `mask.cumsum(self.ndim > 1)` so the axis is 1 for 2D blocks and 0 for 1D blocks."
pandas,67,4,BUG,NO BUG,False,"VERDICT: NO BUG REASON: This code matches the actual pandas implementation in `pandas/core/internals/blocks.py` — methods like `delete`, `apply`, `_split_op_result`, `fillna`, and `split_and_operate` all handle placement, masking, limit validation, and per-column splitting correctly."
pandas,67,5,BUG,NO BUG,False,"VERDICT: NO BUG REASON: The shown code consists only of imports and the beginning of the `Block` class definition, which correctly match the standard pandas internals implementation with no errors present."
pandas,68,1,NO BUG,NO BUG,True,"VERDICT: NO BUG REASON: The shown lines contain only imports, constants, and docstring definitions with no executable logic that could contain a bug."
pandas,68,2,BUG,NO BUG,False,"VERDICT: NO BUG REASON: The shown lines contain only imports, constants, and a docstring template, with no executable logic that could contain a bug."
pandas,68,3,BUG,BUG,True,"VERDICT: BUG REASON: The `nbytes` property returns `self.left.nbytes - self.right.nbytes` instead of summing them (`self.left.nbytes + self.right.nbytes`), which produces an incorrect (and potentially negative) total memory size for the IntervalArray."
pandas,68,4,BUG,BUG,True,"VERDICT: BUG REASON: The `nbytes` property at line 785 subtracts `self.right.nbytes` from `self.left.nbytes` instead of adding them, producing an incorrect (and potentially negative) total memory size."
pandas,69,1,NO BUG,NO BUG,True,"VERDICT: NO BUG REASON: This code faithfully reproduces pandas' scalar access indexing logic (`at`/`iat` get/set item, key validation, and tuplification), with correct type checks, error handling, and matching semantics to the reference implementation."
pandas,69,2,BUG,NO BUG,False,"VERDICT: NO BUG REASON: This is standard, correct pandas indexing code where the scalar access, at/iat key conversion, and tuplify helpers all behave as intended."
pandas,69,3,BUG,BUG,True,"VERDICT: BUG REASON: In `_convert_scalar_indexer`, the axis is clamped with `min(axis, self.ndim + 1)` instead of the correct `min(axis, self.ndim - 1)`, which allows an out-of-bounds axis (e.g., for a 1-d object, axis 2) to be passed to `_get_axis`, raising an error or indexing the wrong axis."
pandas,69,4,BUG,BUG,True,"VERDICT: BUG REASON: In `_convert_scalar_indexer`, line 705 uses `min(axis, self.ndim + 1)` instead of `min(axis, self.ndim - 1)`, which contradicts the comment ""use the last dim"" and can cause an out-of-bounds axis access (the last axis index is `ndim - 1`), unlike the correctly implemented `_convert_slice_indexer` at line 711."
pandas,7,5,BUG,NO BUG,False,"VERDICT: NO BUG REASON: The visible portion of the code matches the standard pandas Index comparison operator implementation (length validation and object-dtype special-case handling are all correct), and no defect can be identified in the shown snippet."
pandas,70,1,NO BUG,NO BUG,True,"VERDICT: NO BUG REASON: This code matches the corresponding pandas implementation (including the intentionally parenthesized-but-precedence-correct condition `numeric_only and is_numeric_dtype(dtype) or not numeric_only` in `_try_cast`), and all logic in `_cumcount_array`, `_cython_transform`, and the helper methods is consistent and correct."
pandas,70,3,BUG,BUG,True,"VERDICT: BUG REASON: Line 723 uses `""nan"" - func` (a subtraction operator on strings, which would raise a TypeError) instead of the intended string concatenation `""nan"" + func` when looking up the nanops function."
pandas,70,4,BUG,BUG,True,"VERDICT: BUG REASON: Line 723 uses `""nan"" - func` (string subtraction, which raises a TypeError) instead of the intended string concatenation `""nan"" + func` when looking up the nanops function."
pandas,70,5,BUG,NO BUG,False,"VERDICT: NO BUG REASON: The visible portion of the code consists only of module imports and documentation strings (docstring templates), which contain no executable logic in which a bug could manifest."
pandas,71,1,NO BUG,NO BUG,True,"VERDICT: NO BUG REASON: The shown lines contain only imports and the beginning of the `cut` function's docstring, with no executable logic that could contain a bug."
pandas,71,2,BUG,NO BUG,False,"VERDICT: NO BUG REASON: The shown code consists only of module imports and the beginning of a docstring for `cut`, with no executable logic that could contain a bug."
pandas,71,3,BUG,NO BUG,False,"VERDICT: NO BUG REASON: This code matches the actual pandas `cut` implementation, correctly handling edge cases such as empty arrays, infinite values, constant data (mn == mx), monotonicity validation of bins, and overlapping IntervalIndex bins."
pandas,71,4,BUG,NO BUG,False,"VERDICT: NO BUG REASON: The shown `cut` implementation matches pandas' actual source logic (endpoint adjustment for degenerate ranges, monotonicity check with float64 casting to avoid overflow, and proper handling of scalar, IntervalIndex, and array-like bins) without any deviations that would introduce incorrect behavior."
pandas,71,5,BUG,NO BUG,False,"VERDICT: NO BUG REASON: The provided code is truncated within the `cut` function's docstring and contains only the standard imports and documentation, with no implementation logic in which a bug could exist."
pandas,72,2,BUG,NO BUG,False,"VERDICT: NO BUG REASON: This code is a faithful reproduction of pandas' `Block.setitem` implementation, with correct dtype coercion, transposition handling, length checking, and indexer dispatching all matching the original library logic."
pandas,72,3,BUG,NO BUG,False,"VERDICT: NO BUG REASON: This code matches the actual pandas implementation (Block.delete, apply, _split_op_result, fillna, split_and_operate) with correct axis handling in np.delete, proper limit masking via cumsum along the last axis, and correct per-column splitting logic."
pandas,72,5,BUG,NO BUG,False,VERDICT: NO BUG REASON: The shown code is just the standard imports and class header of pandas' Block class with no logical or syntactic errors in the visible portion.
pandas,73,2,BUG,NO BUG,False,"VERDICT: NO BUG REASON: The code matches the correct pandas implementation—`swaplevel`/`reorder_levels` properly validate MultiIndex axes and swap/reorder levels, `_combine_frame` and `_combine_match_index` correctly dispatch or apply operations on values (with appropriate"
pandas,73,3,BUG,NO BUG,False,"VERDICT: NO BUG REASON: This code matches the correct pandas implementation—the `len(self.columns) + index < 255` check correctly accounts for the index (True adds 1 as an int) when falling back to regular tuples for namedtuple argument limits, and `iterrows`/`itertuples` are implemented as expected."
pandas,73,4,BUG,NO BUG,False,"VERDICT: NO BUG REASON: This is the standard pandas implementation of `iterrows` and `itertuples`; the dtype-loss in `iterrows` (due to `self.values`) is documented behavior, and the namedtuple fallback logic (`PY37 or len(self.columns) + index < 255`) correctly handles the 255-argument limit."
pandas,74,1,NO BUG,NO BUG,True,"VERDICT: NO BUG REASON: The code matches the actual pandas implementation of `TimedeltaIndex.__new__` and `_simple_new`, correctly handling scalar inputs, deprecated units, TimedeltaArray/TimedeltaIndex fast paths with copy semantics, and constructing the underlying TimedeltaArray consistently."
pandas,74,4,BUG,NO BUG,False,"VERDICT: NO BUG REASON: The code matches the standard pandas TimedeltaIndex implementation, with correct imports and properly structured delegate mixin and class definitions that consistently delegate TimedeltaArray attributes and methods."
pandas,74,5,BUG,NO BUG,False,"VERDICT: NO BUG REASON: The visible code is a standard, correctly-structured excerpt from pandas' TimedeltaIndex implementation, with proper class definitions, mixin composition, and decorator usage that matches the actual pandas source."
pandas,75,1,NO BUG,BUG,False,"VERDICT: BUG REASON: In `get_indexer` and `get_indexer_non_unique`, the no-match fallback uses `np.ones(self.shape, ...)` instead of `target.shape`, so the returned indexer array has the length of the index rather than the length of the target it is supposed to align with."
pandas,75,2,BUG,BUG,True,"VERDICT: BUG REASON: In both `get_indexer` and `get_indexer_non_unique`, when the target has a mismatched frequency, the ""no matches"" array is created with `self.shape` (length of the index) instead of the target's shape, so the returned indexer has the wrong length and doesn't correspond to the target values being looked up."
pandas,75,3,BUG,NO BUG,False,"VERDICT: NO BUG REASON: This code matches the standard pandas PeriodIndex implementation; the delegation setup (set operations on `_datetimelike_ops`/`_datetimelike_methods`, raw properties/methods) and the `_new_PeriodIndex` unpickling helper are all syntactically and semantically correct."
pandas,75,4,BUG,NO BUG,False,"VERDICT: NO BUG REASON: The code matches the standard pandas PeriodIndex implementation — the `_new_PeriodIndex` unpickling helper, the `PeriodDelegateMixin` delegation configuration (subtracting raw properties from `_datetimelike_ops` is valid set arithmetic), and the class declaration with its docstring are all consistent with the correct upstream source."
pandas,75,5,BUG,NO BUG,False,"VERDICT: NO BUG REASON: The visible code (imports, `_new_PeriodIndex` for GH13277 unpickling, and the `PeriodDelegateMixin` delegation setup) matches the correct upstream pandas implementation, and no logic in the shown portion is flawed."
pandas,76,1,NO BUG,NO BUG,True,"VERDICT: NO BUG REASON: This code matches the actual pandas implementation in `_json.py` (including its intentional quirks like comparing `data.dtype == ""int""`/""float"" and the object-to-int64 epoch conversion guarded by range checks), and the type-conversion and date-parsing logic is internally consistent with no introduced defect."
pandas,76,3,BUG,BUG,True,"VERDICT: BUG REASON: Line 725 in `_combine_lines` uses a subtraction operator (`""["" - "","".join(lines) + ""]""`) instead of concatenation (`""["" + "","".join(lines) + ""]""`), which would raise a TypeError since strings cannot be subtracted."
pandas,76,4,BUG,BUG,True,"VERDICT: BUG REASON: Line 725 uses a minus sign (`""["" - "","".join(lines)`) instead of a plus sign, which attempts to subtract a string from a string and will raise a TypeError instead of building the combined JSON array."
pandas,76,5,BUG,NO BUG,False,"VERDICT: NO BUG REASON: The visible code matches the standard pandas `to_json` implementation, with correct validation of `index`/`lines`/`orient` combinations, proper writer class selection, line-delimit conversion, and correct handle management (open in try, close in finally) for both string paths and buffer-like objects."
pandas,77,2,BUG,NO BUG,False,"VERDICT: NO BUG REASON: This code matches the actual pandas implementation (the `fill_bool` helper correctly converts NA values to False for dtypes that can hold NA before casting to bool, and the surrounding comparison/logical-op dispatch logic is faithful to the upstream source)."
pandas,77,3,BUG,NO BUG,False,"VERDICT: NO BUG REASON: The code faithfully matches pandas' original `na_arithmetic_op`, `arithmetic_op`, and `comparison_op` implementations, correctly handling extension dispatch, masked arithmetic fallback, fill-zero dispatch, length validation, and NA scalar comparisons."
pandas,77,4,BUG,NO BUG,False,"VERDICT: NO BUG REASON: The code matches the corresponding pandas source logic (extension dispatch, length checking, and NaN comparison handling all behave correctly), with no incorrect conditions or misplaced operations."
pandas,77,5,BUG,BUG,True,"VERDICT: BUG  REASON: The check `if op is pow` compares against the builtin `pow` function, but arithmetic ops are passed as `operator.pow` (e.g., from the `operator` module which is imported), so this identity check will never be true and the ""1 ** np.nan is 1"" masking fix will never be applied for the power operator; it should be `op is operator.pow`."
pandas,78,2,BUG,NO BUG,False,"VERDICT: NO BUG REASON: This is a faithful reproduction of pandas' DataFrame._reduce method, where the numeric_only branching, TypeError fallback paths (column-by-column apply via frame_apply, then _get_data), object-dtype coercion to float64/bool_, and final Series construction all match the established upstream logic."
pandas,78,3,BUG,NO BUG,False,"VERDICT: NO BUG REASON: This is a faithful reproduction of pandas' `iterrows`/`itertuples` implementations, and the `len(self.columns) + index < 255` check correctly handles the pre-3.7 namedtuple argument limit (accounting for the possible extra ""Index"" field) while falling back to regular tuples otherwise."
pandas,78,4,BUG,NO BUG,False,"VERDICT: NO BUG  REASON: This is faithful pandas `iterrows`/`itertuples` implementation code — the `iterrows` docstring/loop, the itertuples namedtuple construction with integer indexing for duplicate columns, and the Python<3.7 255-argument fallback (`len(self.columns) + index < 255`, consistent with the "">254"" note) all match the intended, correct behavior."
pandas,79,1,NO BUG,NO BUG,True,"VERDICT: NO BUG REASON: The shown lines contain only the module docstring, imports, and the beginning of the Grouper class docstring, with no executable logic that could contain a bug."
pandas,79,2,BUG,NO BUG,False,"VERDICT: NO BUG REASON: The shown lines consist only of standard imports and the Grouper class docstring, all of which match the actual pandas source and contain no functional defects."
pandas,79,3,BUG,NO BUG,False,"VERDICT: NO BUG REASON: The shown code is standard, correct pandas source (docstring, imports, `_attributes` tuple, and the `__new__` dispatch to `TimeGrouper` when `freq` is given) with no logical or syntactic errors visible in these lines."
pandas,79,4,BUG,NO BUG,False,"VERDICT: NO BUG REASON: The shown code is imports, docstrings, and a `__new__` that correctly dispatches to `TimeGrouper` when a `freq` kwarg is provided, matching the intended pandas behavior."
pandas,79,5,BUG,NO BUG,False,"VERDICT: NO BUG REASON: The visible portion of the code correctly implements the Grouper class (including dispatching to TimeGrouper when freq is set in `__new__`), matching the expected pandas behavior with no detectable errors."
pandas,8,5,BUG,NO BUG,False,"VERDICT: NO BUG REASON: The visible code consists of imports and the beginning of the standard Block class definition that match the upstream pandas implementation, with no faulty logic present in the shown portion (it is simply truncated mid-class definition)."
pandas,80,1,NO BUG,BUG,False,"VERDICT: BUG REASON: In `__invert__`, the new array is constructed with `self._mask` directly instead of `self._mask.copy()`, so the inverted array shares its mask with the original, allowing mutations of one to silently corrupt the other."
pandas,80,2,BUG,NO BUG,False,"VERDICT: NO BUG REASON: The shown code matches the standard pandas BaseMaskedArray implementation: `__getitem__` correctly handles integer indexing (returning NA for masked values), boolean indexers, and slices, and the `to_numpy` docstring is accurate."
pandas,80,4,BUG,BUG,True,"VERDICT: BUG REASON: In `take()`, the line `mask = mask ^ fill_mask` incorrectly uses XOR, so a filled position (indexer == -1) whose original mask value was `False` gets flipped to `True` and the valid fill value is wrongly reported as missing (and a position already masked would be unmasked); it should instead unconditionally clear the mask at fill positions (e.g., `mask[fill_mask] = False`)."
pandas,80,5,BUG,NO BUG,False,"VERDICT: NO BUG REASON: The visible code correctly implements `__getitem__` (handling integer indexing with mask-aware NA return, boolean indexer validation, and slice/array fallback via `type(self)(self._data[item], self._mask[item])`), `__iter__`, `__len__`, and the default `na_value` handling in `to_numpy` (since `libmissing.NA` is the same object as `pd.NA`), matching the standard, correct pandas BaseMaskedArray behavior."
pandas,81,1,NO BUG,NO BUG,True,"VERDICT: NO BUG REASON: The shown lines correctly implement the integer dtype's repr (prefixing ""U"" for unsigned), caching of kind/itemsize/numpy_dtype properties, and the numeric/signed/unsigned classification helpers, with no logical errors."
pandas,81,2,BUG,NO BUG,False,"VERDICT: NO BUG REASON: The shown lines match the standard, correct pandas `_IntegerDtype` implementation, with properly defined properties (`is_signed_integer`, `is_unsigned_integer`, `numpy_dtype`, `kind`, `itemsize`) and no logical or syntactic errors."
pandas,81,4,BUG,BUG,True,"VERDICT: BUG  REASON: In `_values_for_argsort`, setting masked values to `data.min() + 1` places NA values in the middle of the"
pandas,82,4,BUG,BUG,True,"VERDICT: BUG REASON: Line 428 computes `extra_shape = (join_unit.shape[0] - length,) - join_unit.shape[1:]`, which subtracts a tuple from a tuple (a `TypeError` at runtime) instead of concatenating them with `+` as done on the very next line and as required to build the extra block's shape."
pandas,82,5,BUG,NO BUG,False,"VERDICT: NO BUG REASON: This code matches the actual pandas implementation of `get_mgr_concatenation_plan`, where the fastpath check (length match plus either no ax0 reindexing with a sequential placement, or sequentially-diffing indexer locs) and the conditional omission of the ax0 indexer correctly determine when reindexing can be skipped."
pandas,83,1,NO BUG,NO BUG,True,"VERDICT: NO BUG REASON: The shown code matches the standard pandas implementation — the `textwrap` and `typing` imports used at lines 28, 95, and 100 reside on the omitted lines 1–2, `__all__` entries correspond to imported or later-defined names, and the function signatures and logic (e.g., `get_objs_combined_axis`, `_get_distinct_objs`, `_get_combined_index`) are all consistent and correct."
pandas,83,2,BUG,NO BUG,False,"VERDICT: NO BUG REASON: The code matches the actual pandas implementation—the id()-based deduplication in `_get_distinct_objs`, the axis extraction in `get_objs_combined_axis`, and the `__all__` exports are all consistent and correct (any seemingly missing imports like `textwrap` or `typing.List` reside in the truncated lines 1-2)."
pandas,83,3,BUG,NO BUG,False,"VERDICT: NO BUG REASON: The visible code is a faithful excerpt of pandas' index API utilities (get_objs_combined_axis, _get_distinct_objs, _get_combined_index) with no logical errors—the differing sort defaults are intentional since get_objs_combined_axis explicitly passes its value through."
pandas,83,4,BUG,NO BUG,False,"VERDICT: NO BUG REASON: The shown code matches the standard pandas implementation and contains no logical errors—the helper functions (`get_objs_combined_axis`, `_get_distinct_objs`, `_get_combined_index`) behave as documented, deduplicating by identity and correctly defaulting `intersect` and `sort` parameters."
pandas,83,5,BUG,NO BUG,False,"VERDICT: NO BUG REASON: The visible code matches the genuine pandas `indexes/api.py` implementation — the imports, `_sort_msg`, `__all__`, `get_objs_combined_axis`, and `_get_distinct_objs` (which correctly deduplicates by object identity while preserving order) are all consistent with correct, expected behavior."
pandas,84,3,BUG,BUG,True,"VERDICT: BUG REASON: In `_make_sorted_values_labels`, line 148 uses subtraction (`codes[:v] - codes[v + 1 :]`) to combine the code lists instead of concatenation with `+`, which would raise a TypeError (or produce wrong results) since lists cannot be subtracted, whereas the original pandas code concatenates them via `codes[:v] + codes[v + 1 :] + [codes[v]]`."
pandas,84,4,BUG,BUG,True,"VERDICT: BUG REASON: Line 148 uses `-` instead of `+` between `codes[:v]` and `codes[v + 1:]`; since these are lists of arrays, subtraction would raise a TypeError (and even if arrays, element-wise subtraction is semantically wrong), whereas the correct pandas code concatenates the code lists with `codes[:v] + codes[v + 1:] + [codes[v]]`."
pandas,84,5,BUG,NO BUG,False,"VERDICT: NO BUG REASON: The visible portion of the code matches the original pandas `_Unstacker.__init__` implementation (including the `remove_unused_levels`, level-number resolution, and the `lift` adjustment for NaN codes), with no deviations or errors introduced."
pandas,85,1,NO BUG,NO BUG,True,"VERDICT: NO BUG REASON: This code matches the actual pandas implementation—`_set_names` validation, `_get_grouper_for_level` NA/unobserved-level handling, and `_get_level_number` (including negative-level normalization and bounds checks) are all consistent with the correct upstream logic."
pandas,85,2,BUG,NO BUG,False,"VERDICT: NO BUG REASON: This code matches the actual pandas MultiIndex implementation, with correct name validation, NA handling in `_get_grouper_for_level`, proper negative/overflow level resolution in `_get_level_number` (including recovering the original level for the error message), and correct bit-offset computation in `_engine`."
pandas,85,3,BUG,BUG,True,"VERDICT: BUG REASON: In `_nbytes` (line 1034), the codes' byte count is subtracted rather than added (`level_nbytes - label_nbytes + names_nbytes`), which incorrectly reduces the reported memory usage instead of summing all components as the original pandas code does with `+`."
pandas,85,4,BUG,BUG,True,"VERDICT: BUG REASON: On line 1034, `result = level_nbytes - label_nbytes + names_nbytes` subtracts the codes' byte count instead of adding it (the correct computation is `level_nbytes + label_nbytes + names_nbytes`), causing `_nbytes`/`memory_usage` to under-report the MultiIndex's memory usage."
pandas,85,5,BUG,NO BUG,False,"VERDICT: NO BUG REASON: The visible code matches the corresponding pandas source (imports, `_mi_doc_kwargs` setup, and the `MultiIndexUIntEngine._codes_to_ints` bit-shifting/OR logic are all correct), and no erroneous modification is present in the shown portion."
pandas,86,1,NO BUG,NO BUG,True,"VERDICT: NO BUG REASON: This code matches the corresponding pandas implementation of `_generate_marginal_results_without_values`, including the early `return result` for the no-rows case (which the caller in `pivot_table` handles by checking `isinstance(result, tuple)`), so its logic for generating margins, keys, and row margins is correct."
pandas,86,3,BUG,BUG,True,"VERDICT: BUG REASON: Line 63 (`keys = index - columns`) attempts list subtraction, which is unsupported in Python and would raise a TypeError; the correct operation is concatenation (`index + columns`), as the grouping keys must include both index and columns."
pandas,86,4,BUG,NO BUG,False,"VERDICT: NO BUG REASON: This code matches the actual pandas implementation of `pivot_table` at this point in history, and its logic (recursive handling of list-valued `aggfunc`, key/value filtering with GH14938 check, integer downcasting per gh-21133, and dropna handling) is internally consistent and correct."
pandas,87,1,NO BUG,NO BUG,True,"VERDICT: NO BUG REASON: The code correctly implements pandas' `crosstab` and its `_normalize` helper, matching the expected upstream behavior (common index computation, dummy column creation for counting, dropping the extra `__dummy__` column level after `pivot_table`, and proper normalize dispatch), with no incorrect logic introduced."
pandas,87,2,BUG,NO BUG,False,"VERDICT: NO BUG REASON: This code matches the actual pandas `crosstab` and `_normalize` implementations — the index/columns handling, value/aggfunc validation, dummy column construction, and the normalize lambdas (row sums, column sums, and grand total all computed along the correct axes) are all consistent with correct behavior."
pandas,87,3,BUG,BUG,True,"VERDICT: BUG REASON: Line 63 uses `keys = index - columns`, but `_convert_by` returns lists which do not support the subtraction operator (the correct pandas code is `keys = index + columns`), so this raises a TypeError and the groupby keys also omit the columns."
pandas,87,4,BUG,BUG,True,"VERDICT: BUG  REASON: Line 63 uses `keys = index - columns` (set difference) instead of the correct `keys = index + columns` (union), so the groupby keys would omit the columns (or outright raise a TypeError since `_convert_by` returns lists that don't support the `-` operator), breaking pivot_table's grouping logic."
pandas,87,5,BUG,NO BUG,False,"VERDICT: NO BUG REASON: This code matches the canonical pandas `pivot_table` implementation, with correct handling of list-like aggfuncs, value/key filtering, integer downcasting after dropna, and recursive calls, and no logic errors are apparent."
pandas,88,2,BUG,BUG,True,"VERDICT: BUG REASON: On line 163, `_add_margins` is called with `observed=dropna` instead of `observed=observed`, incorrectly using the dropna flag to control whether marginal computations observe categorical categories."
pandas,88,3,BUG,BUG,True,"VERDICT: BUG  REASON: Line 63 computes `keys = index - columns`, but since `_convert_by` returns plain lists (which don't support the subtraction operator), this raises a `TypeError` on every call; the correct pandas code is `keys = index + columns`."
pandas,88,4,BUG,BUG,True,"VERDICT: BUG REASON: Line 63 computes `keys = index - columns`, but since `_convert_by` returns Python lists (which don't support subtraction), this raises a `TypeError`; the correct operation is `keys = index + columns` to combine the index and column keys for grouping/filtering."
pandas,88,5,BUG,NO BUG,False,"VERDICT: NO BUG REASON: The code matches the correct pandas `pivot_table` implementation, including proper recursive handling of list-valued `aggfunc`, validation of value labels against the data, filtering of columns, and the gh-21133 integer downcasting fix after dropping all-NaN groups, with no deviations introduced."
pandas,89,2,BUG,BUG,True,"VERDICT: BUG REASON: In the MultiIndex-columns branch of `_unstack_multiple`, the level adjustment `clocs = [v if i > v else v - 1 for v in clocs]` compares the loop counter `i` to the level value `v` instead of adjusting levels relative to the level just unstacked (the comparison should be `i < v`, as fixed in pandas GH#24937), so subsequent levels are decremented incorrectly when unstacking multiple levels."
pandas,89,3,BUG,BUG,True,"VERDICT: BUG REASON: Line 148 uses a subtraction operator (`codes[:v] - codes[v + 1 :]`) instead of concatenation (`codes[:v] + codes[v + 1 :]`), which would attempt to arithmetic-subtract code arrays rather than build the list of labels to sort, breaking the unstack logic."
pandas,89,4,BUG,BUG,True,"VERDICT: BUG REASON: In `_make_sorted_values_labels`, line 148 combines the level codes with a subtraction (`codes[:v] - codes[v + 1 :]`) instead of the correct concatenation (`codes[:v] + codes[v + 1 :]`), which would produce invalid/negative code values and break the sorting/reshape logic."
pandas,89,5,BUG,NO BUG,False,"VERDICT: NO BUG REASON: The visible portion of the code matches the corresponding upstream pandas `_Unstacker` implementation (including the `remove_unused_levels`, level-number lookup, `lift` computation for NaN codes, and the value_columns validation), and no incorrect logic is evident in what is shown."
pandas,90,1,NO BUG,NO BUG,True,"VERDICT: NO BUG REASON: The shown lines consist only of standard import statements that match the expected modules and names used by pandas/_testing.py, with no incorrect or misplaced imports."
pandas,90,2,BUG,NO BUG,False,VERDICT: NO BUG REASON: The shown lines consist only of import statements that are syntactically correct and consistent with the actual pandas/_testing.py module.
pandas,90,4,BUG,NO BUG,False,"VERDICT: NO BUG REASON: This code matches the actual pandas implementation of `makeCustomIndex`/`makeCustomDataframe` — the regex-based sort key, Counter duplication trick, and the tuple-to-Index conversion logic (handling single entry, single level"
pandas,90,5,BUG,NO BUG,False,"VERDICT: NO BUG REASON: The visible portion of the code is standard, correct pandas testing utility code (imports, testing-mode configuration, and helper functions) with no errors in logic or syntax."
pandas,91,2,BUG,NO BUG,False,"VERDICT: NO BUG REASON: This code matches the actual pandas TimedeltaIndex implementation (get_loc fallback handling, slice-bound casting with resolution-based rounding, searchsorted, and insert with frequency preservation are all consistent with correct upstream behavior)."
pandas,91,3,BUG,NO BUG,False,"VERDICT: NO BUG REASON: The shown code consists of standard imports, class decorators, and class definitions that match the expected pandas TimedeltaIndex implementation, with no logical or syntactic errors visible in these lines."
pandas,91,4,BUG,NO BUG,False,"VERDICT: NO BUG REASON: The shown code is standard boilerplate (imports, class decorators, and class definition with docstring) that matches the actual pandas TimedeltaIndex implementation and contains no logic errors."
pandas,91,5,BUG,NO BUG,False,"VERDICT: NO BUG REASON: The code shown (imports, delegate mixins, and class definition with documented parameters and attributes) matches the structure of pandas' actual TimedeltaIndex implementation and contains no logical or syntactic errors in the visible portion."
pandas,92,3,BUG,BUG,True,"VERDICT: BUG REASON: Line 307 computes `info_axis = len(axes) + 1` instead of the correct `len(axes) - 1`, so line 317's `axes[info_axis]` indexes out of range (e.g., IndexError for any axes list) and the info axis semantics are wrong."
pandas,92,4,BUG,BUG,True,"VERDICT: BUG REASON: In `_setup_axes`, `info_axis = len(axes) + 1` should be `len(axes) - 1`; with the `+ 1` the subsequent `axes[info_axis]` indexing is out of bounds and the info axis is computed incorrectly."
pandas,93,1,NO BUG,NO BUG,True,"VERDICT: NO BUG REASON: The shown code consists only of imports and the opening of a helper function, all of which are correct — notably `nat_result = opname == ""__ne__""` correctly flags that NaT comparisons should only evaluate True for inequality, so no bug is present in the displayed lines."
pandas,93,2,BUG,NO BUG,False,"VERDICT: NO BUG REASON: The shown lines contain only imports and the opening of a function definition, none of which contains any erroneous logic."
pandas,93,3,BUG,NO BUG,False,"VERDICT: NO BUG REASON: The shown snippet consists entirely of docstrings and class documentation with no executable logic (aside from the trivially correct `strftime` implementation), and the only imperfection is a cosmetic docstring typo on line 284 (""+ 'NaT'"" instead of ""- 'NaT'""), which is not a functional bug."
pandas,93,4,BUG,BUG,True,"VERDICT: BUG  REASON: In the `_round_doc` docstring (line 284), the bullet point for the 'NaT' ambiguous-time option incorrectly uses a `+` character instead of the `-` used for all other list items, breaking the docstring's reStructuredText list formatting."
pandas,93,5,BUG,NO BUG,False,"VERDICT: NO BUG REASON: This code matches the actual pandas implementation of `_datetimelike_array_cmp`, correctly handling scalar comparisons (with NaT filling for `__ne__`), length checking, list-like/ndarray comparison paths with mask application, and falling back to `invalid_comparison` for unrecognized types, with the remaining (truncated) portion simply returning the result."
pandas,94,1,NO BUG,NO BUG,True,"VERDICT: NO BUG REASON: The shown lines match the standard pandas implementation of `_join_i8_wrapper`, which correctly casts datelike inputs to int64 views, applies the join function, and restores the original datetime/timedelta dtype on the join index."
pandas,94,2,BUG,NO BUG,False,"VERDICT: NO BUG REASON: The shown lines (imports, `_join_i8_wrapper`, and the `inherit_names` decorators) match the correct pandas implementation—views are correctly converted to i8 before joining and back to the original dtype afterward, and the import/decorator usage is consistent with the actual pandas source."
pandas,94,3,BUG,BUG,True,"VERDICT: BUG REASON: In `_format_with_header` (line 399), the code uses `header - list(...)` instead of the correct `header + list(...)`, attempting to subtract a list from a list, which would raise a TypeError."
pandas,94,4,BUG,BUG,True,"VERDICT: BUG REASON: In `argmax`, NaN/iNaT entries are replaced with `0` instead of `iNaT` (the int64 minimum), so for datetimelike indexes whose valid values are all negative (before the epoch), argmax incorrectly returns the position of a NaT."
pandas,94,5,BUG,NO BUG,False,"VERDICT: NO BUG REASON: The shown code matches the expected pandas DatetimeIndexOpsMixin implementation—the imports, `_join_i8_wrapper` helper, `inherit_names` decorators, class attribute definitions, and `is_all_dates` property are all consistent with the correct upstream pandas source."
pandas,95,3,BUG,BUG,True,"VERDICT: BUG REASON: Line 217 attempts `_field_ops - _object_ops`, but `_field_ops` and `_object_ops` are lists, and Python lists do not support the subtraction operator, which would raise a TypeError at class definition time (the original pandas code uses `+` instead)."
pandas,95,4,BUG,BUG,True,"VERDICT: BUG REASON: Line 223 `_datetimelike_ops = _field_ops - _object_ops + _bool_ops` uses the `-` operator on lists (`_field_ops` and `_object_ops` are lists), which raises a TypeError at class definition time; it should be `+` (as in the original pandas source) or use sets."
pandas,96,3,BUG,BUG,True,"VERDICT: BUG REASON: The loop condition on line 2774 should be `while cur <= end:` (as in the original pandas source) — using `cur < end` means the documented inclusive end date is never yielded, violating the ""start <= date <= end"" contract stated in the docstring."
pandas,96,5,BUG,NO BUG,False,"VERDICT: NO BUG REASON: The visible portion of the code, including the `as_timestamp` helper and `apply_wraps` decorator, matches the correct pandas implementation (handling NaT, timedelta/Tick/DateOffset paths, DST adjustment via `_adjust_dst`, normalization, and nanosecond preservation)."
pandas,97,1,NO BUG,NO BUG,True,"VERDICT: NO BUG REASON: The code matches the actual pandas implementation of `TimedeltaIndex` (e.g., the `_fast_union`, `_union`, `astype`, and `_maybe_promote` methods correctly handle sorted/overlapping ranges, dtype conversion, and type promotion as intended), with no logical errors or deviations detectable in the shown lines."
pandas,97,3,BUG,NO BUG,False,"VERDICT: NO BUG REASON: The shown lines consist of imports, decorator setup, and class/docstring definitions that match the standard pandas TimedeltaIndex implementation and contain no logical errors."
pandas,97,4,BUG,NO BUG,False,VERDICT: NO BUG REASON: The shown code consists of standard imports and class/decorator definitions for TimedeltaIndex that match the actual pandas source and contain no logical errors.
pandas,97,5,BUG,NO BUG,False,"VERDICT: NO BUG REASON: This is the standard, correct pandas TimedeltaIndex implementation with proper imports, delegate mixin configuration, and class inheritance hierarchy matching the library's actual design."
pandas,98,1,NO BUG,NO BUG,True,"VERDICT: NO BUG REASON: This is a faithful reproduction of the standard pandas `Index.__new__` dispatch logic, where each dtype-specific branch (Range, Categorical, Interval, Datetime, Timedelta, Period, extension) correctly constructs the appropriate index subclass or coerces to object dtype as expected."
pandas,98,2,BUG,NO BUG,False,"VERDICT: NO BUG  REASON: This code matches the original pandas `Index.__new__` constructor, where each branch (RangeIndex, CategoricalIndex, IntervalIndex, DatetimeIndex, TimedeltaIndex, PeriodIndex, and extension dtype handling) correctly dispatches based on the data/dtype checks, including the documented special cases for object-dtype coercion (e.g., GH#23524)."
pandas,98,3,BUG,NO BUG,False,"VERDICT: NO BUG REASON: The code matches the genuine pandas Index implementation: `copy` correctly validates names and applies deep copying/astype when requested, and the rendering methods (`__repr__`, `format`, `_format_with_header`) behave as in the original source, with only a stylistic use of `**kwargs` in place of an explicit `names` parameter that is functionally equivalent."
pandas,98,4,BUG,NO BUG,False,"VERDICT: NO BUG REASON: The code matches the actual pandas implementation (e.g., `copy` correctly passes `names` from `kwargs` into `_validate_names` before applying them, and the rendering methods are consistent with the real source) and contains no logic errors."
pandas,98,5,BUG,NO BUG,False,"VERDICT: NO BUG REASON: The code is a truncated excerpt of the standard pandas `_make_comparison_op` implementation whose length-checking, object-dtype, and categorical comparison branches match the known-correct upstream logic, and no defective statement is present in the visible portion."
pandas,99,1,NO BUG,NO BUG,True,"VERDICT: NO BUG REASON: The visible portion of the code (imports, type definitions, and the first two helper functions) matches the standard pandas implementation and contains no errors, though the review is limited since only 98 of 1040 lines are shown."
pandas,99,2,BUG,NO BUG,False,"VERDICT: NO BUG REASON: The visible lines (imports, `_guess_datetime_format_for_array`, and the `should_cache` signature/docstring) contain no functional defect; the only imperfection is a grammatical typo in the docstring (""chosen empirically by."") at line 92, which does not affect behavior."
pandas,99,4,BUG,NO BUG,False,"VERDICT: NO BUG REASON: The code matches the corresponding original pandas source (the `tz_parsed` shortcut, the julian origin bounds check with `j_max`/`j_min`, the naive-origin validation, and the `objects_to_datetime64ns` fallback are all consistent with the intended behavior and contain no logic errors)."
pandas,99,5,BUG,NO BUG,False,"VERDICT: NO BUG REASON: The shown portion of this code matches the actual pandas source (e.g., `should_cache` correctly samples up to `check_count` elements and returns True for caching when the unique-element share is at or below `unique_share`), with no logic errors introduced."
thefuck,12,1,NO BUG,NO BUG,True,"VERDICT: NO BUG REASON: This code matches the actual thefuck `no_command` rule implementation and its logic (checking for a misspelled command via `which`, suggesting the closest previously-used executable from history plus close matches from all executables) is correct as written."
thefuck,12,2,BUG,NO BUG,False,"VERDICT: NO BUG REASON: The code correctly implements the ""command not found"" rule—checking that script parts exist and stderr contains 'not found' before matching, gathering closest previously-used executables from history with fallback disabled, appending remaining close matches from all executables while avoiding duplicates, and reconstructing full commands with original arguments."
thefuck,12,3,BUG,BUG,True,"VERDICT: BUG REASON: The expression `[new_command] - command.script_parts[1:]` uses the `-` operator on lists, which is unsupported in Python and would raise a TypeError; it should be `+` to concatenate the new command with the remaining arguments."
thefuck,12,4,BUG,BUG,True,"VERDICT: BUG REASON: The expression `[new_command] - command.script_parts[1:]` uses list subtraction, which Python does not support and will raise a TypeError; it should be `+` to concatenate the new command with the remaining arguments."
thefuck,13,1,NO BUG,NO BUG,True,"VERDICT: NO BUG REASON: The rule correctly matches git's ""branch already exists"" error, extracts the branch name via regex, and generates valid chained replacement commands using `shell.and_` with consistent `{0}` formatting, and the `eager` decorator works fine on a generator by materializing it into a list."
thefuck,13,2,BUG,NO BUG,False,"VERDICT: NO BUG REASON: The rule correctly matches the git error message, extracts the branch name from stderr via regex, and yields valid replacement commands (delete-then-recreate, force-delete-then-recreate, or checkout) using `shell.and_`, which is consistent with the intended behavior of the original thefuck rule."
thefuck,13,5,BUG,NO BUG,False,"VERDICT: NO BUG REASON: The code correctly matches the git ""branch already exists"" error, extracts the branch name via regex, and yields properly formatted alternative commands (the single-element tuple for checkout is handled fine by `shell.and_`), which matches the upstream implementation's behavior."
thefuck,14,1,NO BUG,NO BUG,True,"VERDICT: NO BUG REASON: The code correctly matches the expected functionality of thefuck's fish shell integration — the alias function properly captures history, pipes through thefuck, evaluates the corrected command, and cleans up history, while the other methods (alias caching, alias expansion, and history handling) are all implemented consistently and without error."
thefuck,14,5,BUG,NO BUG,False,"VERDICT: NO BUG REASON: The code is a faithful implementation matching the upstream thefuck fish shell integration: the alias template correctly encapsulates variables within the function, `get_aliases` properly filters overridden functions from fish's output, and history handling and command expansion logic are all consistent and correct."
thefuck,15,1,NO BUG,NO BUG,True,"VERDICT: NO BUG REASON: The rule correctly extracts the missing pathspec from the git error message and builds a new command that adds the file before re-running the original script, matching the intended behavior of the thefuck `git_add` rule."
thefuck,15,2,BUG,NO BUG,False,"VERDICT: NO BUG REASON: The code correctly matches the git ""pathspec did not match"" error message, extracts the missing file with a regex consistent with that message, and properly composes a corrected command using `shell.and_` with positional format arguments."
thefuck,15,5,BUG,NO BUG,False,"VERDICT: NO BUG REASON: The match() function guarantees the expected git error message is present before get_new_command() extracts the unmatched pathspec via regex, and the command is correctly constructed by formatting the path and original script into the `git add` && template."
thefuck,16,1,NO BUG,BUG,False,"VERDICT: BUG REASON: In `how_to_configure`, `os.path.join(...)` merely builds a path string (always truthy), so the intended `os.path.exists` existence checks never fall through to later branches, making the `elif`/`else` unreachable and the detected config file path always `~/.bashrc` (additionally, the `.bash_profile` branch incorrectly returns `~/.bashrc` anyway)."
thefuck,16,2,BUG,BUG,True,"VERDICT: BUG REASON: In `how_to_configure`, `os.path.join(...)` is used where `os.path.exists(...)` was intended, so the condition is always truthy (a non-empty path string) and the branch checks never actually test whether the config files exist."
thefuck,16,3,BUG,BUG,True,"VERDICT: BUG REASON: The line `return alias - "" && history -s $TF_CMD'""` attempts to subtract strings, which raises a TypeError in Python; it should use `+` to concatenate, and the appended string's trailing quote placement also needs to correctly close the alias string."
thefuck,16,4,BUG,BUG,True,"VERDICT: BUG REASON: The line `return alias - "" && history -s $TF_CMD'""` uses a minus operator on strings, which raises a TypeError (it should be `alias + "" && history -s $TF_CMD'""`), and additionally `how_to_configure` uses `os.path.join` where `os.path.exists` was clearly intended, making every branch's condition truthy."
thefuck,16,5,BUG,BUG,True,"VERDICT: BUG REASON: In `how_to_configure`, `os.path.join(home, '.bashrc')` always produces a non-empty (truthy) string, so the existence check is meaningless—it should be `os.path.exists(...)`—and the function always returns '~/.bashrc' regardless of which config files actually exist."
thefuck,17,1,NO BUG,BUG,False,"VERDICT: BUG REASON: In `how_to_configure`, the conditions use `os.path.join(...)` which always returns a non-empty (truthy) string instead of `os.path.exists(...)`, so the first branch always matches and the file-existence check never works (and the `.bash_profile` branch would incorrectly return `~/.bashrc`)."
thefuck,17,2,BUG,BUG,True,"VERDICT: BUG REASON: In `how_to_configure`, `if os.path.join(os.path.expanduser('~'), '.bashrc')` is always a non-empty (truthy) string, so the condition never falls through—`os.path.exists` was clearly intended to check whether the file actually exists."
thefuck,17,3,BUG,BUG,True,"VERDICT: BUG REASON: When `settings.alter_history` is true, the code uses `alias - "" && history -s $TF_CMD'""` (string subtraction, which raises a TypeError) instead of `alias + ...`, so it should be concatenation."
thefuck,17,4,BUG,BUG,True,"VERDICT: BUG REASON: In `app_alias`, the `alter_history` branch uses `alias - "" && history -s $TF_CMD'""`, attempting to subtract a string from a string (which raises a TypeError) instead of concatenating with `+`, and the alias string is also missing its closing quote when concatenated this way (additionally, `how_to_configure`'s `if os.path.join(...)` conditions are always truthy, so the intended file-existence checks never fall through)."
thefuck,17,5,BUG,BUG,True,"VERDICT: BUG REASON: In `how_to_configure`, `os.path.join(...)` is used where `os.path.exists(...)` was intended—`os.path.join` always returns a non-empty (truthy) path string, so the first branch is always taken and existing `.bash_profile`-only setups are never detected."
thefuck,18,1,NO BUG,NO BUG,True,"VERDICT: NO BUG REASON: The code matches the standard thefuck sudo rule implementation — it correctly guards against re-prefixing commands already using sudo, matches permission-related error patterns case-insensitively against stdout/stderr, and safely wraps commands containing shell redirection in `sudo sh -c`."
thefuck,18,3,BUG,BUG,True,"VERDICT: BUG REASON: The condition `command.script_parts or command.script_parts[0] == 'sudo'` should be `not command.script_parts or command.script_parts[0] == 'sudo'`; as written, `match` returns False for any non-empty command (so the rule never triggers) and raises an IndexError when `script_parts` is empty."
thefuck,18,5,BUG,NO BUG,False,"VERDICT: NO BUG REASON: The while-loop is a correct, functional equivalent of checking whether any (case-insensitively matched) permission pattern appears in stderr or stdout, and `get_new_command` correctly wraps redirection-containing scripts in `sudo sh -c ""...""` while prefixing plain scripts with `sudo`."
thefuck,19,1,NO BUG,NO BUG,True,"VERDICT: NO BUG REASON: The rule correctly matches failed pushes rejected for being behind the remote and replaces 'push' with 'push --force-with-lease', matching the intended behavior of the upstream thefuck rule (the extra match condition only narrows when the rule fires, which is safe)."
thefuck,19,2,BUG,NO BUG,False,"VERDICT: NO BUG REASON: The code matches the upstream thefuck implementation — it correctly detects a rejected non-fast-forward push via the specific git error messages and uses `replace_argument` to insert `--force` after `push`, with no logical or syntactic errors."
thefuck,21,1,NO BUG,BUG,False,"VERDICT: BUG REASON: The match condition uses `len(splited_script) > 1`, so a command like `git stash --bad-option` (which prints ""usage:"" to stderr with only two tokens) passes match, but then `get_new_command` indexes `command.script.split()[2]`, causing an IndexError; the check should be `len(spl"
thefuck,21,2,BUG,NO BUG,False,"VERDICT: NO BUG REASON: The rule correctly matches `git stash <typo>` commands via the 'usage:' stderr check, and the fix logic properly either substitutes the closest valid stash subcommand or inserts the default 'save' subcommand, matching the intended (and upstream thefuck) behavior."
thefuck,21,5,BUG,NO BUG,False,"VERDICT: NO BUG REASON: This matches the upstream thefuck rule verbatim; the logic (matching a failed `git stash` subcommand, suggesting the closest valid stash subcommand via `get_closest`, and falling back to inserting `save`) behaves as intended for the inputs it's designed to handle."
thefuck,22,1,NO BUG,BUG,False,"VERDICT: BUG REASON: In `_remove_duplicates`, the condition `command.script != self._cached[0]` compares a script string against a `CorrectedCommand` object (always true), so duplicates of the first cached command are never filtered out and will appear twice in the realised list; it should compare against `self._cached[0].script` (or the full command object)."
thefuck,22,2,BUG,BUG,True,"VERDICT: BUG REASON: In `_remove_duplicates`, the comparison `command.script != self._cached[0]` compares a script string against a `CorrectedCommand` object (it should be `self._cached[0].script`), so it never filters out duplicates of the already-cached first command."
thefuck,22,3,BUG,BUG,True,"VERDICT: BUG REASON: In `_realise`, the line `self._cached = [self._cached[0]] - sorted(commands, ...)` attempts list subtraction, which is unsupported in Python and would raise a TypeError; it should use `+` to concatenate the cached first command with the sorted remaining commands."
thefuck,22,4,BUG,BUG,True,"VERDICT: BUG REASON: In `_realise`, the expression `[self._cached[0]] - sorted(...)` attempts to subtract a list from a list, which raises a TypeError (it should use `+` to concatenate, and additionally `_remove_duplicates` compares `command.script` against the full `CorrectedCommand` object `self._cached[0]` instead of its `.script` field)."
thefuck,22,5,BUG,BUG,True,"VERDICT: BUG REASON: In `_strip_duplicates`, `cmd.script != self._cached[0]` compares a script string against a `CorrectedCommand` object (it should be `self._cached[0].script`), so the comparison is always True and duplicates of the first command's script are never filtered out."
thefuck,23,1,NO BUG,BUG,False,"VERDICT: BUG REASON: The memoization key `pickle.dumps((args, kwargs))` depends on the insertion order of keyword arguments, so calling a memoized function with the same kwargs in a different order produces a different key and bypasses the cache (the fix used in thefuck is `pickle.dumps((args, sorted(kwargs.items())))`)."
thefuck,23,2,BUG,NO BUG,False,"VERDICT: NO BUG REASON: The shown code correctly implements memoization (including the `memoize.disabled` re-computation check), a standard `which` lookup, and imports; nothing in lines 1–62 is functionally incorrect."
thefuck,23,3,BUG,BUG,True,"VERDICT: BUG REASON: The condition on line 31 is inverted — caching only happens when `memoize.disabled` is true, so with the default `memoize.disabled = False` the memo never gets populated and line 34 raises a `KeyError` on the first call; it should be `if key not in memo and not memoize.disabled`."
thefuck,23,4,BUG,BUG,True,"VERDICT: BUG REASON: In `memoize`, the condition `if key not in memo and memoize.disabled:` is inverted — it should check `not memoize.disabled`, so as written the function only caches/results when memoization is disabled and raises KeyError on cache misses."
thefuck,23,5,BUG,NO BUG,False,"VERDICT: NO BUG REASON: The code matches the established behavior of thefuck's utility module—`memoize`, `which`, `wrap_settings`, `get_closest`, and `get_all_executables` (with its `_safe` wrappers guarding against `OSError` on broken symlinks) all implement their intended logic correctly."
thefuck,24,2,BUG,NO BUG,False,"VERDICT: NO BUG REASON: The code faithfully implements the intended lazy-evaluation design (caching the first two unique commands, deduplicating by script/side_effect with priority-based override, and realising the generator on first non-zero access), matching the original thefuck implementation without logical errors."
thefuck,24,3,BUG,BUG,True,"VERDICT: BUG REASON: In `_realise`, the expression `self._cached[1:] - list(self._commands)` attempts to subtract one list from another, which is unsupported in Python and raises a TypeError (it should use `+` to concatenate, as in the original thefuck code)."
thefuck,24,4,BUG,BUG,True,"VERDICT: BUG REASON: In `_realise`, the expression `self._cached[1:] - list(self._commands)` uses the `-` operator on lists, which is unsupported in Python and will raise a `TypeError` (it should be concatenation with `+`)."
thefuck,24,5,BUG,BUG,True,"VERDICT: BUG REASON: In `_remove_duplicates`, the commands are sorted in descending priority order, but then inserted into a dict keyed by `(script, side_effect)` where later (lower-priority) entries overwrite earlier (higher-priority) ones, so the method keeps the lowest-priority duplicate instead of the highest-priority one as its docstring intends."
thefuck,25,1,NO BUG,NO BUG,True,"VERDICT: NO BUG REASON: This matches the upstream thefuck mkdir_p rule implementation—the match condition correctly identifies failed mkdir commands missing parent directories, and the regex substitution properly rewrites the command to use `mkdir -p`, with `@sudo_support` correctly applied to handle sudo-prefixed commands."
thefuck,25,2,BUG,NO BUG,False,"VERDICT: NO BUG REASON: The code correctly detects mkdir failures caused by missing parent directories (""No such file or directory"") and rewrites the command to `mkdir -p`, matching the intended (and upstream) behavior of the rule."
thefuck,25,5,BUG,BUG,True,"VERDICT: BUG REASON: The match condition `'mkdir' in script_text` is an overly broad substring check that will falsely trigger on commands merely containing ""mkdir"" (e.g., `rmdir` or a script like `echo mkdir ...`) rather than verifying the command actually starts with `mkdir`, so the rule can match cases where `re.sub('^mkdir (.*)', ...)` doesn't apply or the fix is inappropriate."
thefuck,26,1,NO BUG,NO BUG,True,"VERDICT: NO BUG REASON: The code correctly handles both the case where a machine name is present (running `vagrant up <machine>` before the original command) and the fallback case where it is not (running a full `vagrant up` first), and this matches the accepted upstream implementation of the rule."
thefuck,26,2,BUG,NO BUG,False,"VERDICT: NO BUG REASON: The code correctly matches the upstream thefuck rule for suggesting `vagrant up` when a Vagrant command fails because the machine isn't running, safely handling the optional machine-name argument via the length check before accessing `cmds[2]`."
thefuck,26,3,BUG,BUG,True,"VERDICT: BUG REASON: The expression `""vagrant up "" - machine` attempts to subtract a string from a string, which raises a `TypeError` in Python (it should be string concatenation with `+`)."
thefuck,26,4,BUG,BUG,True,"VERDICT: BUG REASON: The expression `""vagrant up "" - machine` attempts to subtract one string from another, which raises a TypeError in Python; it should be string concatenation (`""vagrant up "" + machine`)."
thefuck,26,5,BUG,BUG,True,"VERDICT: BUG REASON: `get_new_command` blindly treats `parts[2]` as a VM name, so a command like `vagrant destroy -f` would produce the invalid command `vagrant up -f`, and the `match` function also fails to exclude `vagrant up` itself (or check that the third token isn't a flag), leading to malformed or looping suggestions."
thefuck,27,1,NO BUG,BUG,False,"VERDICT: BUG  REASON: The `replace` call lacks a count limit (the original thefuck code uses `replace('open ', 'open http://', 1)`), so every occurrence of the substring `'open '` anywhere in the script gets rewritten (e.g., `open open source.txt` becomes `open http://open http://source.txt`), corrupting the command."
thefuck,27,2,BUG,BUG,True,"VERDICT: BUG REASON: `get_new_command` blindly strips the first 5 characters (assuming the prefix `open `), which corrupts scripts beginning with other matched commands like `xdg-open` or `gnome-open` (e.g., `'xdg-open github.com'` would become `'open http://pen github.com'`)."
thefuck,27,4,BUG,BUG,True,"VERDICT: BUG REASON: The line `return 'open http://' - command.script[5:]` uses the subtraction operator `-` on strings, which raises a TypeError; it should use concatenation with `+` (and would also break for the other matched commands like `xdg-open` where the prefix length isn't 5)."
thefuck,27,5,BUG,BUG,True,"VERDICT: BUG REASON: `get_new_command` hardcodes `cmd.script[5:]`, which only correctly strips the 5-character launcher `open ` but incorrectly slices commands using other matched launchers like `xdg-open`, `gnome-open`, or `kde-open` (and any arguments preceding the URL), producing a malformed URL such as `open http://-open github.com`."
thefuck,28,1,NO BUG,NO BUG,True,"VERDICT: NO BUG REASON: The code correctly compiles the patterns, uses `re.search` with compiled patterns (which is valid), checks file existence, guards against a missing EDITOR, and handles the optional column group properly via `m.groupdict()`, matching the intended upstream behavior."
thefuck,28,2,BUG,NO BUG,False,"VERDICT: NO BUG REASON: The logic correctly compiles the patterns with named groups, checks EDITOR presence and file existence, and re.search works fine with pre-compiled patterns, so the rule behaves as intended."
thefuck,28,3,BUG,BUG,True,"VERDICT: BUG REASON: In `_search`, the condition `if m or os.path.isfile(m.group('file'))` calls `m.group('file')` when `m` is `None`, causing an `AttributeError` (and logically it should be `m and os.path.isfile(...)` so only matches pointing to real files are used)."
thefuck,28,4,BUG,BUG,True,"VERDICT: BUG REASON: In `_search`, the condition `if m or os.path.isfile(m.group('file'))` calls `m.group('file')` even when `m` is `None`, causing an `AttributeError`; it should be `if m and os.path.isfile(m.group('file'))` (or simply `if m`)."
thefuck,28,5,BUG,NO BUG,False,VERDICT: NO BUG REASON: The code is
thefuck,29,1,NO BUG,NO BUG,True,"VERDICT: NO BUG REASON: The code matches the original thefuck implementation—`Settings.update` correctly lets existing (user) settings override `kwargs` defaults per its docstring, and `RulesNamesList.__contains__` intentionally matches `Rule` objects by their `name` attribute."
thefuck,29,2,BUG,NO BUG,False,"VERDICT: NO BUG REASON: The code matches the intended design of thefuck: `RulesNamesList.__contains__` deliberately compares by rule name, and `Settings.update` intentionally returns a new `Settings` instance (using a plain dict copy) rather than mutating in place, so all namedtuples and methods behave correctly."
thefuck,29,5,BUG,NO BUG,False,"VERDICT: NO BUG REASON: The code matches the upstream thefuck implementation and is internally consistent — `RulesRegistry.__contains__` is passed a rule object and correctly checks for the rule's name within the list, and `Configuration.update` deliberately returns a new merged `Configuration` rather than mutating in place."
thefuck,30,2,BUG,NO BUG,False,VERDICT: NO BUG REASON: The code compiles the patterns correctly (passing a compiled pattern
thefuck,30,5,BUG,NO BUG,False,"VERDICT: NO BUG REASON: The code correctly compiles the raw patterns into regexes (using `re.search` on an already-compiled pattern is valid in Python) and consistently extracts the `file` and `line` groups, which are guaranteed to exist in every pattern that could produce a match."
thefuck,31,1,NO BUG,BUG,False,"VERDICT: BUG REASON: The substring checks lack word boundaries, so a command like `git difftool` matches `match()` (since `'diff' in 'difftool'`), and `get_new_command` would then corrupt it into `git diff --stagedtool`; similarly `' diff'` could match inside file paths or other arguments rather than the actual diff subcommand."
thefuck,31,2,BUG,NO BUG,False,"VERDICT: NO BUG REASON: The code correctly matches `git diff` commands that lack `--staged` and appends `--staged` to produce the corrected command, consistent with the rule's intended behavior."
thefuck,31,5,BUG,NO BUG,False,"VERDICT: NO BUG REASON: The rule correctly matches git diff commands lacking `--staged` and appends ` --staged` to produce the fixed command, matching the intended behavior of the thefuck `git_diff_staged` rule."
thefuck,32,1,NO BUG,NO BUG,True,"**VERDICT: NO BUG**  **REASON:** Although the mixed `or`/`and` without parentheses looks suspicious, Python's precedence (`and` binds tighter than `or`) makes the condition evaluate as `script == 'ls' or (startswith('ls ') and not 'ls -' in script)`, which correctly matches a bare `ls` or `ls` with non-option arguments, and `get_new_command` then properly replaces the first token with `ls -lah`."
thefuck,32,2,BUG,BUG,True,"VERDICT: BUG REASON: Using `'ls' in command.script` matches any command containing ""ls"" as a substring (e.g., `cd tools` or `echo ls`), and `get_new_command` blindly replaces the first token, so for a script like `cd dir && ls` it would incorrectly replace `cd` with `ls -lah`; the match should check that the script starts with `ls` (and `get_new_command` should handle that assumption accordingly)."
thefuck,32,5,BUG,BUG,True,"VERDICT: BUG  REASON: The match function checks for the substring `'ls'` anywhere in the script, so commands that merely contain ""ls"" as a substring (e.g., `false`, `mkdir tools`, `analyze`) will incorrectly match and be rewritten to start with `ls -lah`, corrupting commands that are not `ls` at all (e.g., `false` becomes `ls -lah`)."
thefuck,9,5,BUG,BUG,True,VERDICT: BUG  REASON: The `--set-upstream`/`-u` flag in `git push`
ansible,1,3,BUG,BUG,True,"VERDICT: BUG REASON: Line 803 computes `all_keys` as `mandatory_keys - string_keys + list_keys + dict_keys`, which incorrectly subtracts string keys from the valid key set, causing mandatory/optional string keys (e.g. `name`, `namespace`, `version`) that are present in galaxy.yml to be wrongly reported as unknown keys in the warning at line 820 (it should be a union of all key types, e.g. using `+` throughout or `set.union`)."
ansible,1,4,BUG,BUG,True,"VERDICT: BUG REASON: Line 798 incorrectly subtracts `string_keys` when computing `all_keys` (`frozenset(list(mandatory_keys) - list(string_keys) + ...)`), so mandatory string-type keys (e.g., `namespace`, `name`) are wrongly reported as ""unknown keys"" in the galaxy.yml; it should be a union of mandatory, string, list, and dict keys."
ansible,1,5,BUG,NO BUG,False,"VERDICT: NO BUG REASON: The visible portion of the code (imports, `CollectionRequirement.__init__`, and the `versions`/`pre_releases` properties that filter out pre-release versions unless allowed) is logically consistent and does not contain a functional defect, aside from the slightly misleading docstring for `allow_pre_releases`."
ansible,10,3,BUG,BUG,True,"VERDICT: BUG REASON: Line 307 uses the subtraction operator on strings (`""Rule is not valid "" - self.line`), which raises a TypeError; it should be string concatenation with `+`."
ansible,10,4,BUG,BUG,True,"VERDICT: BUG REASON: Line 307 uses the `-` operator to concatenate strings (`""Rule is not valid "" - self.line`), which raises a TypeError since Python does not support string subtraction."
ansible,10,5,BUG,NO BUG,False,"VERDICT: NO BUG REASON: The shown portion of the code contains only module metadata, documentation, and examples with no executable logic, so no bug can be present in what is actually displayed."
ansible,11,1,NO BUG,BUG,False,"VERDICT: BUG  REASON: There is a delimiter mismatch — `map_obj_to_commands` configures the banner using the `@` delimiter (line 108/110), but `map_config_to_obj` parses the running config expecting the `^C` delimiter (line 125-127), which breaks idempotency and can even raise an IndexError when the `^C` regex is not found but `search('banner ...', out, M)` succeeds, making `out.split(regex)[1]` fail on a single-element list."
ansible,11,2,BUG,NO BUG,False,"VERDICT: NO BUG REASON: The code correctly implements the banner configuration logic — idempotently comparing desired and existing banner text, using a `^C` delimiter regex fallback when `show banner` fails, and building the multiline banner command with"
ansible,11,3,BUG,BUG,True,"VERDICT: BUG REASON: Line 125 attempts to subtract a string (`'banner ' - module.params['banner']`), which raises a TypeError in Python and should be concatenation (`'banner ' + module.params['banner'] + ' ^C\n'`), so `map_config_to_obj` crashes whenever the device has banner configuration output."
ansible,11,4,BUG,BUG,True,"VERDICT: BUG  REASON: In `map_obj_to_commands`, the condition `state == 'absent' or 'text' in have.keys() and have['text']` is inverted (missing a `not`) so that when a banner already exists and state is 'present' with new text, the module emits `no banner ...` (deleting it) instead of falling through to the `elif state == 'present'` branch that configures the updated banner text."
ansible,12,1,NO BUG,BUG,False,"VERDICT: BUG REASON: `term.split()[0]` raises an IndexError when a term is an empty or whitespace-only string, since `split()` returns an empty list and the code accesses index 0 without checking."
ansible,12,2,BUG,BUG,True,"VERDICT: BUG  REASON: The line `var = term.split()[0]` will raise an IndexError if a term is an empty/whitespace-only string, and it silently truncates variable names containing spaces instead of looking them up as given (e.g., `lookup('env', 'MY VAR')` looks up `MY`); it should simply use the term directly, e.g. `os.getenv(term, '')`."
ansible,12,5,BUG,BUG,True,"VERDICT: BUG REASON: Calling `term.split()[0]` raises an IndexError when a term is an empty or whitespace-only string, whereas the correct behavior is simply passing `term` to `os.getenv(term, '')` so empty/invalid names gracefully return the default empty string."
ansible,13,1,NO BUG,NO BUG,True,"VERDICT: NO BUG REASON: The shown lines are standard, functioning code for the Ansible Galaxy CLI (imports, backwards-compatible injection of the `role` subcommand, and argparse setup) with no evident defect in this excerpt."
ansible,13,3,BUG,BUG,True,"VERDICT: BUG REASON: On line 49 the condition `len(args) > 1 or args[1] not in [...]` uses `or` instead of `and`, so when `len(args) == 1` (e.g., running bare `ansible-galaxy`) the first clause is False and the code proceeds to evaluate `args[1]`, causing an IndexError."
ansible,13,5,BUG,NO BUG,False,"VERDICT: NO BUG REASON: The visible portion of this code matches the upstream Ansible implementation (the implicit 'role' subcommand injection, subparser setup with proper parents, and option groups are all consistent with the original and contain no logical errors)."
ansible,14,1,NO BUG,BUG,False,"VERDICT: BUG REASON: The `except (AnsibleError, GalaxyError, ValueError, KeyError)` clause on line 55 references `GalaxyError`, which is never imported or defined anywhere in the shown module imports (lines 14-22), so if `_call_galaxy` raises an exception, evaluating the except clause will itself raise a `NameError` instead of handling the error."
ansible,14,2,BUG,BUG,True,"VERDICT: BUG REASON: The `except` clause on line 49 references `GalaxyError`, but that name is never imported (or otherwise defined) anywhere in the shown code, so if `_call_galaxy` raises an exception the except clause itself will raise a `NameError` instead of falling back to retrying with `/api/` appended."
ansible,14,4,BUG,BUG,True,"VERDICT: BUG  REASON: The multipart form-data construction is malformed because the ""sha256"" part is missing the required blank line (`b""""`) between its `Content-Disposition` header (line 415) and the hash value (line 416), so the header and value are joined directly by `\r\n` instead of being separated by an empty line as required by the multipart/form-data spec (unlike the file part, which correctly includes `b""""` at line 420)."
ansible,15,1,NO BUG,NO BUG,True,"VERDICT: NO BUG REASON: The code correctly implements idempotent eAPI configuration generation; the duplicated `needs_update('socket')` check on line 261 is merely redundant (not incorrect, since socket has no companion port parameter) and all other logic—protocol handling, port defaults, state, and vrf validation—behaves as intended."
ansible,15,2,BUG,NO BUG,False,"VERDICT: NO BUG REASON: The duplicated `needs_update('socket')` in line 261 is redundant (an `any()` over two identical calls is logically equivalent to one call, since the function is side-effect-free), and the rest of the logic matches the intended behavior of the module, so there is no functional defect."
ansible,15,3,BUG,BUG,True,"VERDICT: BUG REASON: On line 235 the condition `if have['http'] is False or want['http'] in (False, None):` uses `or` instead of `and` (unlike the parallel https/local_http blocks), so when http is currently disabled but the user wants it enabled (`have['http'] is False`, `want['http'] is True`), the module wrongly emits a warning and skips the `protocol http port` command instead of enabling http."
ansible,15,4,BUG,BUG,True,"VERDICT: BUG  REASON: On line 235 the condition `have['http'] is False or want['http'] in (False, None)` uses `or` (inconsistent with the equivalent `and` logic on lines 245 and 255), so when the user sets `http: true` while http is currently disabled (`have['http'] is False`), the module incorrectly emits a warning and skips configuring `protocol http port` instead of enabling it."
ansible,15,5,BUG,NO BUG,False,"VERDICT: NO BUG REASON: The provided snippet contains only the module metadata and documentation (no executable logic), and while it has minor copy-paste wording issues (e.g., the https_port description saying ""HTTP port""), there is no functional code bug present."
ansible,16,1,NO BUG,NO BUG,True,VERDICT: NO BUG REASON: This code matches the upstream Ans
ansible,16,2,BUG,BUG,True,"VERDICT: BUG  REASON: On line 227 the code checks `if coreid not in sockets` before adding to the `cores` dict, but it should check `coreid not in cores`, causing core counting to be incorrectly based on socket membership (and line 272's `1 // cpu_facts['processor_cores']` would also yield 0 instead of the intended default of 1 thread per core)."
ansible,16,3,BUG,BUG,True,"VERDICT: BUG REASON: `_run_lsblk` calls `self.module.run_command(cmd)` without `errors='surrogate_then_replace'` (unlike `_run_findmnt`), so any non-UTF-8 bytes in lsblk output will raise an unhandled UnicodeDecodeError when the result is decoded in Python 3."
ansible,16,5,BUG,BUG,True,"VERDICT: BUG REASON: The `MTAB_BIND_MOUNT_RE` regex is `r'.*bind.*""'` with a stray trailing double-quote character, which would prevent it from ever matching real mtab lines containing the ""bind"" mount option (unlike the correct pattern `.*bind.*`), so bind mounts would fail to be detected."
ansible,17,1,NO BUG,NO BUG,True,"VERDICT: NO BUG REASON: The shown code matches the expected upstream Ansible implementation — the memory fact calculations correctly guard against missing keys with `None not in (...)` checks, the regexes and imports match the original module, and the frozenset/tuple union and mount fact exception handling all behave correctly."
ansible,17,2,BUG,NO BUG,False,"VERDICT: NO BUG REASON: The code in this range matches the standard, correct Ansible implementation: `get_partition_uuid` handles missing paths, `populate` properly catches mount fact timeouts, and `get_memory_facts` correctly guards derived calculations against missing keys, so no defect is present."
ansible,17,5,BUG,NO BUG,False,"VERDICT: NO BUG REASON: The code shown is a faithful reproduction of the upstream Ansible LinuxHardware facts module with correct imports, partition UUID lookup, and memory fact handling, and no logical or syntactic errors are visible in the provided portion."
ansible,18,1,NO BUG,NO BUG,True,"VERDICT: NO BUG REASON: The code matches the standard, correct Ansible Galaxy CLI implementation, with proper subparser setup, parent parsers, and backwards-compatible role injection in `__init__`."
ansible,18,2,BUG,NO BUG,False,"VERDICT: NO BUG REASON: This code matches the standard upstream Ansible `GalaxyCLI` implementation—the backward-compatibility injection of the implicit `role` subcommand and the subparser setup (collection `build`, `init`, `install`, etc.) are all correctly implemented with no logical errors in the shown lines."
ansible,18,3,BUG,BUG,True,"VERDICT: BUG REASON: Line 46 uses `or` instead of `and` (`if len(args) > 1 or args[1] not in ...`), which causes `role` to be unconditionally inserted into args whenever more than one argument is present, breaking commands that explicitly specify `role` or `collection` subcommands."
ansible,18,4,BUG,BUG,True,"VERDICT: BUG REASON: Due to operator precedence (`and` binds tighter than `or`), the condition `len(args) > 1 or args[1] not in ...` is true whenever any argument is present—so `role` is wrongly injected even for `collection` commands (breaking them), and when no arguments are given `args[1]` is evaluated causing an IndexError; the first `or` should be `and`."
ansible,2,1,NO BUG,NO BUG,True,"VERDICT: NO BUG REASON: The code matches the official semver.org regular expression, and the `_Alpha`/`_Numeric` comparison classes correctly implement SemVer 2.0.0 precedence rules (numeric identifiers sort lower than alphanumeric ones, with consistent `<`, `<=`, `>`, `>=`, `==` operators across both types)."
ansible,2,2,BUG,BUG,True,"VERDICT: BUG  REASON: Both `_Alpha.__gt__` and `_Numeric.__gt__` are implemented as `not self.__lt__(other)`, which incorrectly returns `True` when the two values are equal (e.g., `x > x` yields `True`), so greater-than comparisons against an equal value are wrong; it should be `other.__lt__(self)` or explicitly handle equality (e.g., `not self.__le__(other)`)."
ansible,2,3,BUG,BUG,True,"VERDICT: BUG REASON: Line 183 uses `-` (list subtraction, which Python lists do not support and would raise a TypeError) instead of `+` to pad the version list with zeros up to three elements."
ansible,2,4,BUG,BUG,True,"VERDICT: BUG REASON: Line 183 uses list subtraction (`version - [0] * (3 - len(version))`) instead of addition to pad the version, so a 0 component in the version (e.g., ""1.0"") is erroneously removed rather than the list being padded with zeros to three components."
ansible,2,5,BUG,BUG,True,"VERDICT: BUG REASON: `__gt__` is implemented as `not self.__lt__(other)`, which returns `True` even when the two objects are equal (e.g., `_Numeric(1) > _Numeric(1)` incorrectly evaluates to `True`), so strict greater-than comparisons against equal values are wrong."
ansible,3,1,NO BUG,BUG,False,"VERDICT: BUG REASON: At lines 267-268, `release.group(1)` is called without first checking that `re.search` returned a match (unlike the parallel 'open' branch at lines 262-264), so any line containing `VERSION_ID` that doesn't match the digit-based pattern (e.g. `VERSION_ID=""sp3""` or a non-numeric value) will raise an AttributeError; the file also has secondary issues such as line 342 assuming Cumulus `VERSION_ID` always has exactly three dot-separated components."
ansible,3,2,BUG,NO BUG,False,VERDICT: NO BUG REASON: This code matches the upstream Ansible implementation exactly (including its known quirks like the seemingly redundant `mandriva_facts['distribution'] = name` overwrite in `parse_distribution
ansible,3,3,BUG,BUG,True,"VERDICT: BUG REASON: Line 133 uses subtraction (`'parse_distribution_file_' - name`) instead of concatenation (`+`), which raises a `TypeError` (unsupported operand types for str and str) that is not caught by the `except AttributeError` handler, causing the distribution file parsing to crash with a traceback."
ansible,3,4,BUG,BUG,True,"VERDICT: BUG REASON: Line 133 uses subtraction (`'parse_distribution_file_' - name`) instead of string concatenation (`+`), which raises a TypeError (not caught by the `except AttributeError`), causing dedicated distribution file parsers to never be invoked and the fact collection to crash."
ansible,3,5,BUG,NO BUG,False,"VERDICT: NO BUG REASON: The visible code correctly implements the distribution-file detection logic (file existence/emptiness checks, search-string tables, and initial parsing) consistent with the upstream Ansible implementation, and no logical error is apparent in the shown portion."
ansible,4,1,NO BUG,BUG,False,"VERDICT: BUG REASON: In `_load_collections`, the return value of `_ensure_default_collection(collection_list=ds)` is discarded, so when `ds` is a string (or otherwise needs normalization/defaults added), the default collection and `ansible.legacy` fallback are never applied to the returned value—it should be assigned (e.g., `ds = _ensure_default_collection(collection_list=ds)`)."
ansible,4,2,BUG,BUG,True,"VERDICT: BUG REASON: In `_load_collections`, the return value of `_ensure_default_collection(collection_list=ds)` is discarded, so if `ds` is a string (or otherwise not mutated in place, e.g., when it must be converted to a list), the default collection and `ansible.legacy` additions are lost and the raw `ds` is returned instead of the normalized list."
ansible,4,3,BUG,BUG,True,"VERDICT: BUG REASON: The `_load_collections` method discards the return value of `_ensure_default_collection(collection_list=ds)` and returns `ds` unchanged (only mutated if it was a string or list via in-place modification, but the returned list from `_ensure_default_collection`—including the prepended default collection and appended legacy fallback when a new list is built—is never used), so the default collection can fail to be added to the user-specified collection list."
ansible,4,4,BUG,BUG,True,"VERDICT: BUG REASON: `_load_collections` discards the return value of `_ensure_default_collection(collection_list=ds)`, so the default collection and `ansible.legacy` are never actually added to the user-specified `collections` list that gets returned."
ansible,4,5,BUG,BUG,True,"VERDICT: BUG REASON: In `_load_collections`, the return value of `_apply_default_collection(names=ds)` is discarded instead of being assigned back to `ds`, so the default collection and `ansible.legacy` fallback are never actually added to a user-specified collections list."
ansible,5,2,BUG,NO BUG,False,"VERDICT: NO BUG  REASON: This code matches the known-good Ansible implementation — `check_required_by` correctly skips requirements when the triggering key is absent/None, string values are normalized to lists, and missing parameters are collected and raise TypeError appropriately, while `check_required_arguments` and the visible portion of `check_required_if` behave as documented."
ansible,5,3,BUG,NO BUG,False,"VERDICT: NO BUG REASON: The shown functions (count_terms, check_mutually_exclusive, and the start of check_required_one_of) correctly match the standard Ansible validation logic, counting term occurrences via set intersection and raising TypeError appropriately, with no logical errors in the displayed lines."
ansible,5,4,BUG,NO BUG,False,"VERDICT: NO BUG REASON: The visible functions (count_terms, check_mutually_exclusive, check_required_one_of) correctly implement their documented logic of counting parameter occurrences and raising TypeError when constraints are violated."
ansible,6,2,BUG,BUG,True,"VERDICT: BUG  REASON: In `_meets_requirements`, the version `'*'` handling (the `parent and version == '*'` break and the `requirement == '*' or version == '*'` continue) is nested inside the `if not op:` branch, so these checks are skipped whenever the requirement string"
ansible,6,3,BUG,BUG,True,"VERDICT: BUG REASON: On line 589, `list(mandatory_keys) - list(string_keys)` attempts to subtract one list from another, which raises a TypeError since the `-` operator is not defined for lists (it should be a union, e.g., using `+` or set union, to compute all valid galaxy.yml keys)."
ansible,6,4,BUG,BUG,True,"VERDICT: BUG  REASON: Line 480 attempts `list(mandatory_keys) - list(string_keys) + list(list_keys) + ...`, but Python lists do not support the `-` operator (only sets do), so `_get_galaxy_yml` will raise a TypeError when computing `all_keys` (the correct operation would be a union of the key sets, since string keys should be included, not subtracted)."
ansible,6,5,BUG,BUG,True,"VERDICT: BUG REASON: The `dependencies` property uses `len(self.versions) > 1` instead of `!= 1`, so when the versions set is empty (no matching versions), it falls through to `self._get_metadata()` and then dereferences `self._metadata.dependencies` when `self._metadata` is None, causing an AttributeError instead of safely returning None."
ansible,7,5,BUG,NO BUG,False,"VERDICT: NO BUG REASON: The visible code matches the canonical upstream implementation of the eos_vlans resource module, and its logic (facts gathering, check-mode handling of edit_config, command generation, and before/after result population) is correct."
ansible,8,1,NO BUG,NO BUG,True,"VERDICT: NO BUG REASON: This code matches the upstream Ansible implementation—the CLIXML parsing logic (splitting on `\r\n`, matching `S` elements with `S=""Error""` attributes), the environment-version override for `_common_args`, and the env key validation are all correct and consistent with their intended behavior."
ansible,8,2,BUG,NO BUG,False,"VERDICT: NO BUG REASON: The code matches the upstream Ansible implementation—CLIXML parsing, environment key validation, PowerShell argument construction, and the version override logic all behave correctly."
ansible,8,3,BUG,BUG,True,"VERDICT: BUG REASON: Line 38 uses the subtraction operator (`-`) between two lists, which is unsupported in Python and would raise a TypeError; it should be list concatenation with `+`."
ansible,8,4,BUG,BUG,True,"VERDICT: BUG REASON: Line 37 uses the `-` operator between two lists (`['PowerShell', '-Version', _powershell_version] - _common_args[1:]`), which is unsupported in Python and raises a TypeError; it should use `+` to concatenate the lists."
ansible,8,5,BUG,NO BUG,False,VERDICT: NO BUG REASON: The code faithfully implements the expected Ansible PowerShell shell plugin
ansible,9,1,NO BUG,BUG,False,"VERDICT: BUG REASON: On line 566, `p.Serial` accesses a nonexistent attribute on the `RhsmPool` object (which only exposes serials via a method such as `get_serial()`), so `update_subscriptions` would raise an `AttributeError` instead of collecting serial numbers to unsubscribe."
ansible,9,2,BUG,BUG,True,"VERDICT: BUG REASON: In `subscribe_by_pool_ids` (line 518), the `quantity` value is passed directly into the `args` list for `run_command` without converting it to a string (`str(quantity)`), so an integer quantity causes a TypeError since `run_command` requires all arguments to be strings."
ansible,9,3,BUG,BUG,True,"VERDICT: BUG REASON: Line 457 uses list subtraction (`[SUBMAN_CMD, 'unsubscribe'] - items`), which is invalid in Python and would raise a TypeError; it should be list concatenation with `+`."
ansible,9,4,BUG,BUG,True,"VERDICT: BUG REASON: Line 457 uses the `-` operator on lists (`[SUBMAN_CMD, 'unsubscribe'] - items`), which raises a TypeError since Python lists don't support subtraction; it should use `+` to extend the args with the serial options."
ansible,9,5,BUG,NO BUG,False,"VERDICT: NO BUG  REASON: The provided code consists only of the module's metadata constants and the beginning of its documentation string, with no executable logic that could contain a bug."
black,16,5,BUG,BUG,True,"VERDICT: BUG REASON: The `from typing import (...)` statement is missing its closing parenthesis, making the code a syntax error."
black,18,3,BUG,BUG,True,"VERDICT: BUG REASON: In `lib2to3_parse`, the error handler indexes `lines[lineno + 1]` to retrieve the faulty line, but `ParseError` line numbers are 1-based, so it should be `lines[lineno - 1]`, meaning the reported source line is off by two and can raise `IndexError` for valid inputs."
black,18,4,BUG,NO BUG,False,"VERDICT: NO BUG REASON: This code matches the original black formatter implementation and is logically correct — the `for/else` in `lib2to3_parse` correctly raises the last parse error only when all grammars fail, `format_str` properly handles future imports and line generation, and the `Visitor`/`DebugVisitor` classes correctly recurse with balanced tree depth tracking."
black,2,1,NO BUG,NO BUG,True,"VERDICT: NO BUG REASON: This code matches Black's actual `fmt: off`/`fmt: on` handling logic — the comment scanning, ignored-node collection, standalone-comment replacement, and the operator precedence in `contains_fmt_on_at_column` (where `and` correctly binds tighter than `or`) are all consistent with the intended behavior."
black,20,3,BUG,BUG,True,"VERDICT: BUG REASON: In `lib2to3_parse`, the error handler indexes the offending line with `lines[lineno + 1]`, but since `lineno` is 1-based, the correct index is `lineno - 1`, so the reported ""faulty line"" points to the wrong source line (and may spuriously raise IndexError)."
black,20,4,BUG,BUG,True,"VERDICT: BUG REASON: In `lib2to3_parse`, the error-reporting line `faulty_line = lines[lineno + 1]` is wrong — since `lineno` from the ParseError context is 1-based, it should index `lines[lineno - 1]`, so the reported ""faulty line"" points two lines below the actual parse error."
black,21,1,NO BUG,NO BUG,True,"VERDICT: NO BUG REASON: This code matches Black's actual implementation and correctly handles AST-equivalence checks, stability checks, diffing, and event-loop shutdown without any logical errors."
black,21,5,BUG,NO BUG,False,"VERDICT: NO BUG REASON: The visible portion of the code (imports, exception class definitions, and enum/setup code) matches the original black.py structure and contains no logical errors, though the truncation prevents reviewing the formatting logic itself."
black,23,1,NO BUG,NO BUG,True,"VERDICT: NO BUG REASON: This code matches the original Black formatter implementation faithfully, with correct control flow (including the intentional `finally` block that echoes unchanged stdin contents to stdout and the `for...else` pattern in `lib2to3_parse`), and the redundant initial `grammar` assignment at line 248 is dead but harmless since it is immediately overwritten by the loop."
black,23,4,BUG,BUG,True,"VERDICT: BUG REASON: In `lib2to3_parse`, the faulty source line is indexed as `lines[lineno + 1]`, but `lineno` is 1-based, so the correct index is `lines[lineno - 1]`; the off-by-two indexing will report the wrong line (or spuriously raise IndexError) for parse errors."
cookiecutter,1,1,NO BUG,NO BUG,True,"VERDICT: NO BUG REASON: The code matches the standard cookiecutter implementation and behaves correctly—`is_copy_only_path` handles the missing `_copy_without_render` key via KeyError, `apply_overwrites_to_context` correctly reorders choice variables or overwrites scalar defaults while skipping unused variables, and `generate_context`/`generate_file` perform their documented rendering logic without error."
cookiecutter,1,2,BUG,NO BUG,False,"VERDICT: NO BUG REASON: The shown code matches the expected cookiecutter behavior—`is_copy_only_path` correctly handles a missing `_copy_without_render` key via the KeyError guard, `apply_overwrites_to_context` properly moves valid choice overwrites to the front of list variables while overwriting scalar defaults, and `generate_context`/`generate_file` follow the standard logic without any apparent defects."
cookiecutter,1,3,BUG,BUG,True,"VERDICT: BUG REASON: On line 146, the condition `if skip_if_file_exists or os.path.exists(outfile)` uses `or` instead of `and`, so when `skip_if_file_exists` is True every file is skipped (not just existing ones), preventing any file from being generated."
cookiecutter,1,4,BUG,BUG,True,"VERDICT: BUG REASON: On line 146, `if skip_if_file_exists or os.path.exists(outfile):` uses `or` instead of `and`, so existing output files are always skipped (breaking overwrite behavior and making the `skip_if_file_exists` flag meaningless whenever a file already exists)."
cookiecutter,1,5,BUG,NO BUG,False,"VERDICT: NO BUG REASON: The shown code (is_copy_only_path, apply_overwrites_to_context, generate_context) correctly handles missing keys, choice-variable overwrites, and JSON decoding errors consistent with the fixed upstream cookiecutter implementation."
cookiecutter,2,1,NO BUG,NO BUG,True,"VERDICT: NO BUG REASON: The code matches the working cookiecutter implementation—hook discovery, validation (excluding backups), script execution with proper exit-status and error handling, and Jinja-rendered temporary script creation are all logically correct (the only flaw is a stale docstring in `find_hook` saying it returns a dict when it returns a list, which is cosmetic rather than functional)."
cookiecutter,2,2,BUG,NO BUG,False,"VERDICT: NO BUG REASON: The code matches cookiecutter's upstream hooks.py implementation and behaves correctly—hook discovery, validation, script execution with proper exit-status/OSError handling, and Jinja-rendered script execution all work as intended (the only nit is that the temporary file created in `run_script_with_context` is never explicitly deleted, but this mirrors the known upstream behavior and doesn't affect correctness)."
cookiecutter,3,1,NO BUG,NO BUG,True,"VERDICT: NO BUG REASON: The code correctly handles defaults, JSON validation via click.UsageError re-prompting, and choice selection matching the intended cookiecutter behavior, with no logic errors in the shown range."
cookiecutter,3,2,BUG,NO BUG,False,"VERDICT: NO BUG REASON: The shown functions correctly use click.prompt with appropriate defaults, types, and value processors (e.g., `read_user_dict` uses a sentinel default string and returns the original dict when the default is selected), and `process_json` properly raises `click.UsageError` so click can re-prompt on invalid input."
cookiecutter,3,3,BUG,NO BUG,False,"VERDICT: NO BUG REASON: The code faithfully implements cookiecutter's prompting logic (type/choice validation, JSON dict processing with click UsageError re-prompting, and default handling in `read_user_dict` via the sentinel string), all of which behave correctly as intended."
cookiecutter,3,4,BUG,NO BUG,False,"VERDICT: NO BUG REASON: The code correctly implements cookiecutter's prompting functions; the `read_user_dict` default handling works because click bypasses `value_proc` for the default value, so comparing against `default_display` is valid, and the other prompt helpers use the click API appropriately."
cookiecutter,3,5,BUG,NO BUG,False,"VERDICT: NO BUG REASON: The shown code correctly implements prompting functions (variables, yes/no, choices, JSON dicts) consistent with cookiecutter's expected behavior, with proper validation for choice options and JSON decoding errors delegated to click for re-prompting."
cookiecutter,4,1,NO BUG,NO BUG,True,"VERDICT: NO BUG REASON: The code consists solely of exception class definitions with docstrings, all correctly subclassing the base CookiecutterException, and contains no executable logic that could fail."
cookiecutter,4,2,BUG,NO BUG,False,"VERDICT: NO BUG REASON: The code only defines exception classes that all correctly inherit from the CookiecutterException base class, with no executable logic that could contain a bug."
cookiecutter,4,3,BUG,NO BUG,False,"VERDICT: NO BUG REASON: The code simply defines a set of exception classes that all properly subclass the base `CookiecutterException`, with no logic, syntax errors, or behavioral issues present."
cookiecutter,4,4,BUG,NO BUG,False,"VERDICT: NO BUG REASON: The code simply defines a hierarchy of exception classes with no executable logic, and each class correctly subclasses the base CookiecutterException."
cookiecutter,4,5,BUG,NO BUG,False,"VERDICT: NO BUG REASON: The code simply defines a set of empty exception classes that all correctly inherit from the common `CookiecutterException` base class, with no logic that could fail."
fastapi,1,1,NO BUG,NO BUG,True,"VERDICT: NO BUG REASON: This is standard, correct FastAPI code where the docs/redoc routes are conditionally registered, the AsyncExitStack is properly scoped around each request via `__call__`, and parameters are correctly forwarded to the router in `add_api_route`/`api_route`."
fastapi,1,2,BUG,NO BUG,False,"VERDICT: NO BUG REASON: The shown code matches the original FastAPI implementation with consistent logic (conditional docs/redoc route setup, proper exception handler registration, and correct parameter passing to router methods), and contains no incorrect or inconsistent behavior."
fastapi,1,3,BUG,BUG,True,"VERDICT: BUG REASON: Line 109 attempts string subtraction (`self.openapi_prefix - self.openapi_url`), which is unsupported in Python and would raise a TypeError at app setup; it should use concatenation with `+`."
fastapi,1,4,BUG,BUG,True,"VERDICT: BUG REASON: Line 109 attempts to subtract two strings (`self.openapi_prefix - self.openapi_url`), which raises a TypeError in Python; string concatenation with `+` was intended to build the prefixed OpenAPI URL."
fastapi,1,5,BUG,NO BUG,False,"VERDICT: NO BUG REASON: This code matches FastAPI's actual `applications.py` implementation—`self._debug = debug` followed by an explicit `build_middleware_stack()` call is equivalent to Starlette's debug setter behavior, and the setup of routes, exception handlers, and OpenAPI configuration is all consistent with the intended framework logic."
fastapi,10,2,BUG,BUG,True,"VERDICT: BUG REASON: In `serialize_response`, `ValidationError(errors)` is called with only one argument, but pydantic's `ValidationError` (v1) requires a second argument for the model/config (the original FastAPI code calls `ValidationError(errors, BaseConfig)`), so this line would raise a `TypeError` instead of the intended validation error."
fastapi,10,3,BUG,BUG,True,"VERDICT: BUG REASON: Line 221 uses `""Response_"" - self.unique_id` (string subtraction, which raises a TypeError) instead of string concatenation like `f""Response_{self.unique_id}""` as done on line 262."
fastapi,10,4,BUG,BUG,True,"VERDICT: BUG REASON: Line 219 uses `""Response_"" - self.unique_id`, which attempts string subtraction (an unsupported operation that raises a TypeError at runtime) instead of concatenating the unique_id into the response field name as intended."
fastapi,10,5,BUG,NO BUG,False,"VERDICT: NO BUG REASON: The visible portion of the code matches the original FastAPI implementation—body parsing with form/JSON handling and a 400 on parse errors, dependency solving with validation error raising, correct async/threadpool dispatch, and Response background-task attachment all behave as intended, though the truncated ending prevents full verification of the final response construction."
fastapi,11,1,NO BUG,NO BUG,True,"VERDICT: NO BUG REASON: This code matches the original FastAPI implementation — the two-pass parameter loop, security scope accumulation in `get_sub_dependant`, recursive flattening in `get_flat_dependant`, and the scalar-field checks all behave correctly with no logic errors."
fastapi,11,3,BUG,BUG,True,"VERDICT: BUG REASON: Line 544 uses `-` to combine strings (`model_name = ""Body_"" - name`), which raises a TypeError since Python does not support subtraction between strings; it should use `+` for concatenation."
fastapi,11,4,BUG,BUG,True,"VERDICT: BUG REASON: Line 539 uses `""Body_"" - name`, which attempts to subtract a string from a string and raises a TypeError; it should be `""Body_"" + name`."
fastapi,11,5,BUG,NO BUG,False,"VERDICT: NO BUG REASON: The code shown matches the standard FastAPI dependency-resolution logic (building sub-dependants, merging security scopes, and constructing security requirements) and, despite being truncated, contains no incorrect logic in what is visible."
fastapi,12,1,NO BUG,BUG,False,"VERDICT: BUG REASON: In `HTTPDigest.__call__`, the scheme mismatch check (lines 143-147) raises `HTTPException` unconditionally without checking `self.auto_error` first (unlike `HTTPBearer`, which returns `None` when `auto_error` is False), so the `auto_error=False` setting is silently ignored for wrong schemes."
fastapi,12,2,BUG,NO BUG,False,"VERDICT: NO BUG  REASON: The code matches the standard FastAPI HTTP security implementations—HTTPBasic correctly decodes base64 credentials (catching decode errors and missing colon separator), and HTTPBearer/HTTPDigest properly validate the Authorization header scheme before returning credentials or raising appropriate exceptions."
fastapi,12,3,BUG,NO BUG,False,"VERDICT: NO BUG REASON: This code matches the actual FastAPI implementation, correctly handling missing Authorization headers with auto_error behavior, validating the Basic scheme and base64 decoding, and splitting credentials on the colon separator with appropriate exceptions."
fastapi,12,4,BUG,BUG,True,"VERDICT: BUG  REASON: In `HTTPBase.__call__` (line 40), the condition `if not (authorization or scheme and credentials)` should be `if not (authorization and scheme and credentials)` — with `or`, any non-empty `Authorization` header bypasses the missing-scheme/credentials check, so malformed headers (e.g., missing credentials) are accepted instead of returning an error or `None`."
fastapi,12,5,BUG,NO BUG,False,"VERDICT: NO BUG REASON: The code matches the actual FastAPI implementation: HTTPBase and HTTPBearer correctly validate the Authorization header, and HTTPBasic properly decodes base64 credentials with correct exception handling, username/password partitioning, and appropriate 401/403 status codes with WWW-Authenticate headers."
fastapi,13,1,NO BUG,NO BUG,True,"VERDICT: NO BUG REASON: The code matches FastAPI's standard routing implementation—`include_router` correctly combines prefixes, merges responses (with route-level taking precedence), and appends tags, and the decorator/parameter passing is all consistent and correct."
fastapi,13,2,BUG,BUG,True,"VERDICT: BUG REASON: In `include_router`, the `responses` variable persists and accumulates across loop iterations (initialized/mutated inside the loop instead of per-route), so responses from earlier routes incorrectly leak into and override the OpenAPI docs of later routes."
fastapi,13,3,BUG,BUG,True,"VERDICT: BUG REASON: Line 130 uses `""Response_"" - self.name`, attempting to subtract a string (an unsupported operation that raises TypeError), instead of concatenating like `""Response_"" + self.name` or an f-string."
fastapi,13,4,BUG,BUG,True,"VERDICT: BUG REASON: Line 130 uses `""Response_"" - self.name`, attempting string subtraction (a TypeError in Python) instead of concatenation like the f-string used at line 156."
fastapi,14,1,NO BUG,NO BUG,True,"VERDICT: NO BUG REASON: This is the standard FastAPI OpenAPI models code, and all field definitions, aliases (e.g., ""$ref"", ""not"", ""schema""), and Pydantic constraints (gte=0) correctly match the OpenAPI 3.x specification without error."
fastapi,14,5,BUG,NO BUG,False,"VERDICT: NO BUG REASON: The code is a faithful reproduction of FastAPI's OpenAPI models, with correctly validated fields, proper `$ref` aliases, and a valid `EmailStr` str-fallback for when email-validator is not installed."
fastapi,15,1,NO BUG,NO BUG,True,"VERDICT: NO BUG REASON: The code faithfully implements FastAPI's route registration, decoration, and router inclusion logic with parameters correctly forwarded (prefixes concatenated, tags combined, methods properly specified), matching the expected behavior of this version of the library."
fastapi,15,2,BUG,NO BUG,False,"VERDICT: NO BUG REASON: The code correctly forwards all parameters from the decorator methods through `api_route`/`add_api_route` and properly prefixes paths and merges tags in `include_router`, matching the expected behavior of FastAPI's routing module."
fastapi,15,3,BUG,BUG,True,"VERDICT: BUG REASON: Line 123 uses `""Response_"" - self.name`, which attempts to subtract strings (an invalid operation in Python that would raise a TypeError at runtime) instead of concatenating with `+` to build the response field name."
fastapi,15,4,BUG,BUG,True,"VERDICT: BUG REASON: Line 123 uses `""Response_"" - self.name`, attempting string subtraction (which is invalid in Python and raises a TypeError); it should be string concatenation with `+`."
fastapi,16,2,BUG,BUG,True,"VERDICT: BUG REASON: The `custom_encoder` argument is not propagated when recursing — it's dropped in both `BaseModel` branches (where the original code passes `custom_encoder=custom_encoder`, merged with `obj.Config.json_encoders` when present) and in the final fallback `jsonable_encoder(data, by_alias=by_alias, include_none=include_none)` call, so caller-supplied custom encoders are silently lost."
fastapi,16,3,BUG,BUG,True,"VERDICT: BUG  REASON: The dict comprehension condition `if value is not None and include_none` is inverted — it should be `value is not None or include_none`, since the current logic drops all values (not just None values) whenever `include_none` is False and always excludes None values even when `include_none` is True."
fastapi,16,4,BUG,BUG,True,"VERDICT: BUG REASON: The dict comprehension condition `if value is not None and include_none` is inverted — it drops all non-None values whenever `include_none` is False and only includes None values when `include_none` is True, whereas it should be `if include_none or value is not None` (or equivalently `value is not None or include_none`)."
fastapi,16,5,BUG,BUG,True,"VERDICT: BUG REASON: The final recursive call `jsonable_encoder(data, by_alias=by_alias, include_none=include_none)` drops the `include`, `exclude`, and (critically) `custom_encoder` arguments, so custom encoders and field filters are silently ignored for objects that fall through to the `dict(obj)`/`vars(obj)` fallback path."
fastapi,2,1,NO BUG,NO BUG,True,"VERDICT: NO BUG REASON: The shown code matches the original FastAPI implementation's logic—validating path prefixes, guarding against empty prefix/path combinations, and correctly combining responses, tags, and dependencies when including a router."
fastapi,2,2,BUG,NO BUG,False,"VERDICT: NO BUG REASON: This code matches the genuine FastAPI `routing.py` implementation, with the decorator and `include_router` logic correctly propagating all route parameters and validating path prefixes as expected."
fastapi,2,3,BUG,NO BUG,False,"VERDICT: NO BUG  REASON: This code matches FastAPI's actual `serialize_response`/`_prepare_response_content` implementation and behaves correctly—the recursive calls correctly default `by_alias=True`, the validation errors from `field.validate` are properly aggregated and raised, and the mutable-looking `exclude=set()` default is never mutated so it causes no issue."
fastapi,2,4,BUG,BUG,True,"VERDICT: BUG REASON: In `_prepare_response_content`, the recursive calls for lists and dicts (lines 63 and 67) fail to pass the `by_alias` argument, so nested items are always serialized with the default `by_alias=True` even when the caller requested `by_alias=False`."
fastapi,2,5,BUG,NO BUG,False,"VERDICT: NO BUG REASON: The shown code matches the original FastAPI implementation exactly (including the intentional default `by_alias=True` in the recursive `_prepare_response_content` calls and the correct sync/async validation handling in `serialize_response`), with no logic errors introduced."
keras,16,3,BUG,BUG,True,"VERDICT: BUG REASON: In the `layers` property, the condition `if self._layers or isinstance(self._layers[0], InputLayer):` will raise an IndexError when `self._layers` is empty (it should be `if self._layers and isinstance(self._layers[0], InputLayer):`), and even when non-empty it slices off the first layer unconditionally, defeating the `isinstance` check."
keras,16,4,BUG,BUG,True,"VERDICT: BUG REASON: The `layers` property uses `if self._layers or isinstance(self._layers[0], InputLayer)` when it should use `and`, so any non-empty `_layers` list (even without an auto-generated InputLayer) has its first element incorrectly dropped by `return self._layers[1:]`, and an empty list would raise an IndexError."
keras,16,5,BUG,NO BUG,False,"VERDICT: NO BUG REASON: The visible code matches the original Keras `Sequential` implementation correctly, with the `layers` property properly omitting the auto-generated `InputLayer`, the deprecated `model` property returning `self`, and the constructor correctly adding any layers passed to it."
keras,17,2,BUG,BUG,True,"VERDICT: BUG REASON: `sparse_categorical_accuracy` (and `sparse_top_k_categorical_accuracy`) compares `K.max(y_true, axis=-1)` — the maximum label *value* — against the argmax of the predictions, when it should compare the true class index (i.e., `y_true` itself, or `K.argmax` for one-hot inputs) against `K.argmax(y_pred)`, so the metric computes the wrong accuracy whenever the true label index differs from its maximum value."
keras,18,1,NO BUG,NO BUG,True,"VERDICT: NO BUG REASON: The code matches the original Keras TF backend implementation—the `Function` constructor properly validates inputs, builds grouped update ops under control dependencies, extracts session kwargs correctly, and `_make_callable` correctly wires feeds, tensor connections (with dtype casting), fetches, and targets into the `CallableOptions`."
ansible,11,5,BUG,NO BUG,False,"VERDICT: NO BUG REASON: The visible logic correctly handles both states — issuing `no banner` when the banner exists and the state is absent, and generating the properly delimited `banner <type> @\n<text>\n@` command only when the desired text differs from the current text — with no defects apparent in the provided code."
ansible,13,4,BUG,BUG,True,"VERDICT: BUG REASON: The condition on line 47 uses `or` instead of `and`, so when only the program name is given (`len(args) == 1`) evaluation falls through to `args[1]` and raises an IndexError, and it also wrongly injects the implicit `role` subcommand for `-h`/`--help`/`--version` and for commands already containing `role` or `collection`."
ansible,14,5,BUG,NO BUG,False,"VERDICT: NO BUG REASON: The visible portion of the code (the `g_connect` decorator, `_urljoin` helper, and `GalaxyError` class) correctly implements lazy API version detection and error handling with no evident logic errors, apart from the harmless redundancy that `GalaxyError` is already a subclass of `AnsibleError` in the except clause."
ansible,17,3,BUG,NO BUG,False,"VERDICT: NO BUG REASON: The code faithfully reproduces the upstream Ansible implementation (DMI fact parsing with comment stripping, lsblk UUID collection with rsplit handling, udevadm fallback, findmnt bind-mount detection, and mtab entry reading) with correct logic, proper error handling, and no injected defects."
ansible,17,4,BUG,NO BUG,False,VERDICT: NO BUG REASON
ansible,18,5,BUG,NO BUG,False,"VERDICT: NO BUG REASON: The visible code closely matches the upstream Ansible GalaxyCLI implementation, with the subparser setup, backwards-compatible role injection, and argument definitions all functioning as intended."
ansible,5,1,NO BUG,NO BUG,True,"VERDICT: NO BUG REASON: The code matches the upstream Ansible implementation; although line 248 rebinds the name `requirements` (the loop iterable), Python list iteration holds a reference to the original list object, so the loop and the subsequent condition logic (`key in module_parameters and module_parameters[key] == val`) still behave correctly."
ansible,5,5,BUG,NO BUG,False,"VERDICT: NO BUG REASON: The code matches the correct upstream Ansible implementation, where `count_terms` uses `is_iterable` (which excludes strings by default) to wrap single values, and the mutually-exclusive/required-one-of/required-together checks correctly count and compare terms against the module parameters."
black,10,5,BUG,NO BUG,False,"VERDICT: NO BUG REASON: The visible code matches the known-correct blib2to3 implementation, correctly tracking line/column positions for prefix computation, handling COMMENT/NL, INDENT/DEDENT prefix splitting, and incomplete-input errors as intended."
cookiecutter,2,5,BUG,NO BUG,False,"VERDICT: NO BUG REASON: The code is functionally equivalent to cookiecutter's original hooks implementation—the index-based loop in `find_hook` simply replaces a for-loop, `valid_hook`, `run_script`, and `run_script_with_context` all preserve the original logic and error handling correctly."
fastapi,10,1,NO BUG,BUG,False,"VERDICT: BUG  REASON: The code raises `ValidationError(errors)` in `serialize_response`, but pydantic's `ValidationError.__init__` requires a second `model` argument (the original FastAPI code calls `ValidationError(errors, type(response))`), so this will throw a `TypeError` whenever response validation errors occur; additionally, the broad `except Exception` around body parsing incorrectly converts validation errors into a 400 HTTPException with an error log instead of the intended `RequestValidationError` (422)."
fastapi,11,2,BUG,NO BUG,False,"VERDICT: NO BUG REASON: This code matches the actual FastAPI source (dependencies/utils.py) faithfully in structure and logic—dependant construction, security scope handling, flattening, and param field processing are all correct as in the upstream implementation."
fastapi,13,5,BUG,BUG,True,"VERDICT: BUG REASON: `ValidationError(collected_errors)` and `ValidationError(errors)` are called without the required `model` argument, which pydantic's `ValidationError.__init__` requires, so raising these exceptions would itself fail with a `TypeError` at runtime."
fastapi,15,5,BUG,BUG,True,"VERDICT: BUG REASON: In `serialize_response`, `ValidationError(collected_errors)` is raised without the required `model` argument (pydantic's `ValidationError` requires the model), so a response validation failure would itself raise a `TypeError` instead of the intended validation error."
fastapi,16,1,NO BUG,BUG,False,"VERDICT: BUG  REASON: In the final fallback path, after extracting `data` via `dict(obj)` or `vars(obj)`, the recursive call `jsonable_encoder(data, by_alias=by_alias, include_none=include_none)` fails to pass `custom_encoder`, so any user-provided custom encoders are silently dropped when encoding those objects."
fastapi,3,1,NO BUG,BUG,False,"VERDICT: BUG REASON: In `_prepare_response_content`, the recursive calls for lists (line 63) and dicts (line 67) omit the `by_alias` argument, so nested Pydantic models are always serialized with `by_alias=True` even when the caller passed `by_alias=False`, causing alias behavior to be inconsistent between top-level and nested response models."
fastapi,3,2,BUG,NO BUG,False,"VERDICT: NO BUG REASON: This snippet matches the original FastAPI routing code — `serialize_response` and `run_endpoint_function` correctly handle validation, error collection, `exclude_unset`, and coroutine vs. sync endpoint execution (dispatching sync functions via `run_in_threadpool`), with no logic errors introduced."
fastapi,3,3,BUG,BUG,True,"VERDICT: BUG REASON: The recursive calls to `_prepare_response_content` (lines 63 and 67) omit the `by_alias` argument, so nested lists/dicts inside a response are always serialized without aliases even when `by_alias=True` is requested."
fastapi,3,4,BUG,NO BUG,False,"VERDICT: NO BUG REASON: The `serialize_response` and `run_endpoint_function` functions correctly match FastAPI's actual logic, including proper handling of Pydantic validation errors (both `ErrorWrapper` and list cases), Pydantic version compatibility for `exclude_unset`/`skip_defaults`, and correct awaiting of coroutine vs. threadpool execution."
fastapi,3,5,BUG,NO BUG,False,"VERDICT: NO BUG REASON: The visible code matches the original FastAPI implementation correctly — `serialize_response` properly collects validation errors (handling both `ErrorWrapper` and list forms), `run_endpoint_function` correctly awaits coroutines versus threadpool execution, and the truncated `get_request_handler` signature is consistent with the expected behavior."
fastapi,4,1,NO BUG,NO BUG,True,"VERDICT: NO BUG REASON: The code matches FastAPI's actual implementation—the parameter deduplication, callback handling (including the harmless trailing comma in tuple unpacking), response merging via `setdefault`, and status-code handling are all consistent and correct."
fastapi,4,2,BUG,NO BUG,False,"VERDICT: NO BUG REASON: The code faithfully matches FastAPI's reference implementation, including the correct short-circuit handling of ranged/default status codes (""4XX"", ""DEFAULT"") before the `int()` conversion, proper recursion for callbacks, and correct merging of parameters, security definitions, and response schemas into the operation."
fastapi,4,3,BUG,NO BUG,False,"VERDICT: NO BUG REASON: These lines are the standard, correct implementations of FastAPI's OpenAPI helpers (validation error definitions, status code ranges, parameter collection, and security definition generation) with no logical or syntactic errors."
fastapi,4,4,BUG,NO BUG,False,"VERDICT: NO BUG REASON: The shown lines match the correct FastAPI implementation—parameter ordering, security definition collection, and validation error schemas are all consistent with the library's intended behavior."
fastapi,4,5,BUG,NO BUG,False,"VERDICT: NO BUG REASON: The visible code matches the original FastAPI implementation (parameter ordering of path/query/header/cookie params, security definitions construction, and request body schema generation are all correct), and the truncation prevents identifying any defect in the remainder."
fastapi,5,1,NO BUG,NO BUG,True,"VERDICT: NO BUG REASON: This code matches the actual FastAPI implementation and functions as intended (the `create_cloned_field` model cloning, route traversal, and path parameter extraction all behave correctly), with no injected logic errors."
fastapi,5,2,BUG,NO BUG,False,"VERDICT: NO BUG REASON: This code matches the actual FastAPI implementation and correctly handles recursive route model collection, model definition generation, path parameter parsing, and field cloning with appropriate Pydantic version compatibility branches."
fastapi,5,3,BUG,NO BUG,False,"VERDICT: NO BUG REASON: This code matches the actual FastAPI source (fastapi/utils.py) and correctly accumulates body/response model fields and callback models to build the flat model set and OpenAPI definitions, with proper handling of both Pydantic 1.x and legacy versions."
fastapi,5,4,BUG,NO BUG,False,"VERDICT: NO BUG REASON: The shown code matches FastAPI's actual implementation—routes are correctly filtered by `include_in_schema` and `APIRoute` type, body/response/callback fields are gathered properly, and the Pydantic version-compatibility shims and `model_process_schema` call use correct signatures."
fastapi,6,2,BUG,BUG,True,"VERDICT: BUG  REASON: In `request_body_to_args`, `field_info` is derived only from the first parameter (line 625) and then reused for every field inside the loop, so Form/File-specific handling (empty-string checks, UploadFile reading) is applied based on the first field's info rather than each field's own info — the original code re-fetches `field_info = get_field_info(field)` inside the loop, and its removal here causes incorrect validation for requests with multiple body parameters."
fastapi,6,3,BUG,NO BUG,False,"VERDICT: NO BUG REASON: The shown lines match the correct FastAPI implementation, including the Pydantic version compatibility imports, sequence shape mappings, and the sub-dependant resolution logic (`get_param_sub_dependant` correctly falls back to `param.annotation` when no explicit dependency is given)."
fastapi,6,4,BUG,NO BUG,False,"VERDICT: NO BUG REASON: This code matches the actual FastAPI source, and the shown lines (imports, Pydantic version compatibility shims, shape mappings, and sub-dependant resolution functions) are logically consistent and free of defects."
fastapi,6,5,BUG,NO BUG,False,"VERDICT: NO BUG REASON: The visible code matches the standard FastAPI dependencies/utils.py implementation (imports, shape mappings, and dependant-resolution functions are all consistent with upstream), and no incorrect logic is present in the shown portion."
fastapi,7,1,NO BUG,NO BUG,True,"VERDICT: NO BUG REASON: This code matches the actual FastAPI implementation, correctly handling HTTP exceptions (including optional headers) and returning a 422 response with JSON-encoded validation errors."
fastapi,7,2,BUG,NO BUG,False,"VERDICT: NO BUG REASON: This code matches the correct FastAPI exception handlers, properly handling HTTP exceptions with optional headers and returning a 422 response with validation error details."
fastapi,7,5,BUG,NO BUG,False,"VERDICT: NO BUG REASON: This code matches FastAPI's standard exception handlers—the HTTP exception handler correctly forwards optional headers, and the validation handler returns a 422 response with the error details, both with proper signatures for Starlette's exception dispatch."
fastapi,8,1,NO BUG,NO BUG,True,"VERDICT: NO BUG REASON: This code matches the standard FastAPI routing implementation — the reversed iteration (`[::-1]`) with front-insertion correctly preserves dependency order, and all parameters are passed through consistently to the route class."
fastapi,8,2,BUG,NO BUG,False,"VERDICT: NO BUG REASON: The code matches FastAPI's actual routing implementation—the reversed iteration with insert(0) correctly preserves dependency declaration order, and all parameter passing between `add_api_route`, `api_route`, and the route class is consistent."
fastapi,8,3,BUG,BUG,True,"VERDICT: BUG REASON: Line 218 uses `""Response_"" - self.unique_id`, attempting string subtraction (which raises a TypeError) instead of the intended f-string concatenation `f""Response_{self.unique_id}""`, so any route with a `response_model` will crash during initialization."
fastapi,8,4,BUG,BUG,True,"VERDICT: BUG REASON: Line 218 uses a minus operator for string concatenation (`""Response_"" - self.unique_id`), which should be `+` and will raise a TypeError when a `response_model` is provided."
fastapi,8,5,BUG,BUG,True,"VERDICT: BUG REASON: The `app` handler wraps body parsing in an overly broad `except Exception` that swallows all errors (logging and re-raising as a generic 400 ""error parsing the body"") instead of catching only JSON decoding errors and raising a `RequestValidationError` (422) with the actual validation details, which changes the API's error contract and masks unexpected exceptions like client disconnects."
fastapi,9,2,BUG,NO BUG,False,"VERDICT: NO BUG REASON: This code matches FastAPI's original implementation of `request_form_to_args`, `get_schema_compatible_field`, and `get_body_field`, with correct handling of UploadFile reads (including awaited sequence reads via `asyncio.gather`), schema-compatible field conversion for OpenAPI generation, and the embedded-body model construction when multiple body params or `embed=True` are present."
fastapi,9,3,BUG,BUG,True,"VERDICT: BUG REASON: Line 557 attempts `""Body_"" - name`, which subtracts strings and raises a TypeError instead of concatenating (`""Body_"" + name`) to build the model name."
fastapi,9,4,BUG,BUG,True,"VERDICT: BUG REASON: Line 557 uses `""Body_"" - name`, which attempts to subtract a string from a string and raises a TypeError; it should be `""Body_"" + name` to concatenate the model name."
fastapi,9,5,BUG,NO BUG,False,"VERDICT: NO BUG REASON: The code matches FastAPI's original dependency-resolution logic (including the intentional `security_scopes or []` and `SecurityRequirement` scope handling), and the truncated portion shows no defect in the visible param/sub-dependant handling."
keras,1,1,NO BUG,BUG,False,"VERDICT: BUG REASON: `_SYMBOLIC_SCOPE` is a `threading.local` whose `value` attribute is set only on the importing (main) thread, so line 72's direct access `_SYMBOLIC_SCOPE.value` will raise `AttributeError` when `symbolic_fn_wrapper` is called from any other thread; it should use `getattr(_SYMBOLIC_SCOPE, 'value', True)` as in the upstream implementation."
keras,1,2,BUG,NO BUG,False,"VERDICT: NO BUG REASON: These lines are a faithful reproduction of the standard Keras TensorFlow backend header (imports, initialization of the TF-Keras config, and the `symbolic` decorator that correctly enters the Keras graph only in TF 2.x), and contain no logical errors."
keras,1,4,BUG,BUG,True,"VERDICT: BUG  REASON: Line 3105/3111 uses identity comparison (`training is 1`) instead of equality (`training is 1` fails for non-interned integer objects like `numpy.int64(1)` or values outside CPython's small-int cache), and additionally line 3197 uses in-place subtraction `x -= alpha * negative_part` on a possibly shared tensor/variable, which can corrupt gradients or modify shared state."
keras,1,5,BUG,NO BUG,False,"VERDICT: NO BUG REASON: The shown code (symbolic/eager decorators, _is_tf_1 check, and utility setup) matches the actual Keras source and is logically correct, with the truncated remainder being just incomplete display rather than an error."
keras,10,1,NO BUG,BUG,False,"VERDICT: BUG  REASON: The `weighted_masked_objective` wrapper omits the `weighted.__name__ = fn.__name__` assignment present in the original Keras code, so all wrapped loss functions share the name ""weighted"", which breaks loss/metric naming and causes conflicting names in the model's compiled loss and history logs when multiple losses are used."
keras,10,3,BUG,BUG,True,"VERDICT: BUG REASON: In `make_batches`, the expression `num_batches = (size - batch_size - 1) // batch_size` does not correctly compute the number of batches (it should be `(size + batch_size - 1) // batch_size` to round up, as the comment states), so it undercounts or even yields zero batches (e.g., size=6, batch_size=3 gives 0)."
keras,10,4,BUG,BUG,True,"VERDICT: BUG REASON: The `make_batches` function computes `num_batches = (size - batch_size - 1) // batch_size` instead of the correct ceiling division `(size + batch_size - 1) // batch_size`, so it produces too few batches and drops training samples (e.g., size=10, batch_size=4 yields 1 batch instead of 3)."
keras,10,5,BUG,NO BUG,False,"VERDICT: NO BUG REASON: The code faithfully reproduces the original Keras `standardize_input_data`/`standardize_single_array` logic, correctly handling tensors, 1D array expansion, dicts, lists, DataFrames, and length-mismatch errors without introducing any deviation."
keras,11,1,NO BUG,NO BUG,True,"VERDICT: NO BUG REASON: The shown lines correctly use `validation_data` (rather than `generator`) in the `is_sequence` and `hasattr` checks for detecting a validation generator, which is the proper logic; no defect is present in the displayed code."
keras,11,2,BUG,NO BUG,False,"VERDICT: NO BUG REASON: This code matches the original Keras implementation—generator/Sequence detection, `steps_per_epoch` defaulting to `len(generator)` for sequences, the multiprocessing warning, and the `validation_steps` validation logic are all correct."
keras,11,3,BUG,BUG,True,VERDICT: BUG  REASON: The training loop condition `while epoch <= epochs:` is an off-by-one error (the original code
keras,11,4,BUG,BUG,True,"VERDICT: BUG REASON: Line 172 uses `while epoch <= epochs:`, which causes the training loop to run one extra epoch compared to the correct Keras implementation (`while epoch < epochs:`), given that `epoch` starts at `initial_epoch` (typically 0) and is incremented after each epoch."
keras,11,5,BUG,NO BUG,False,"VERDICT: NO BUG  REASON: The visible portion of the code matches the standard Keras `fit_generator` implementation, correctly validating `steps_per_epoch`/`validation_steps` against generator types, setting up callbacks, and constructing the appropriate enqueuer for validation data, with no detectable defect in the shown logic."
keras,13,1,NO BUG,NO BUG,True,"VERDICT: NO BUG REASON: The shown code matches the standard Keras `fit_generator` logic correctly, including proper handling of validation generators/sequences, enqueuer setup, and the `val_sample_weight`/`val_sample_weights` variable naming which is consistently used before and after the `_standardize_user_data` call."
keras,13,2,BUG,BUG,True,"VERDICT: BUG REASON: On line 127, the validation data generator is incorrectly set to `iter_sequence_infinite(generator)` (the training generator) instead of `iter_sequence_infinite(val_data)`, so training data would be used for validation when a `Sequence` is passed with `workers=0`."
keras,13,3,BUG,BUG,True,VERDICT: BUG REASON: The epoch loop at line 174 uses `while epoch
keras,13,4,BUG,BUG,True,"VERDICT: BUG REASON: Line 127 uses `iter_sequence_infinite(generator)` (the training generator) instead of `iter_sequence_infinite(val_data)` when validation data is a Sequence, so validation would run on training data rather than the validation sequence."
keras,13,5,BUG,NO BUG,False,"VERDICT: NO BUG REASON: The visible portion of this code matches the original Keras implementation of `fit_generator` (including the generator/Sequence validation checks, callback setup, and enqueuer initialization), and no incorrect logic is present in what is shown."
keras,14,1,NO BUG,NO BUG,True,"VERDICT: NO BUG REASON: This code matches the standard Keras metrics implementation, with all metric functions (binary, categorical, sparse, and top-k accuracies), loss aliases, and the get/deserialize helpers implemented correctly."
keras,15,1,NO BUG,NO BUG,True,"VERDICT: NO BUG REASON: The shown excerpt from keras/callbacks.py matches the standard, correct Keras implementation — `CallbackList` correctly initializes callbacks, delegates `set_params`/`set_model`/`on_epoch_begin` to each callback, and initializes the timing deques for epoch statistics, with no functional errors in the visible lines."
keras,15,2,BUG,NO BUG,False,"VERDICT: NO BUG REASON: The visible lines implement standard callback-list initialization and epoch hooks correctly, with no logical or API errors (the `from collections import Iterable` import was valid for the Python/Keras versions this file targeted)."
keras,15,3,BUG,BUG,True,"VERDICT: BUG  REASON: On line 909 the loop condition `while i <= val_size:` should be `while i < val_size:`, so when `val_size` is an exact multiple of `batch_size` the loop runs an extra iteration with `step = 0`, producing empty batches (`x[i:i+0]`) that fail the assertion (or produce invalid feeds) — unlike the embeddings loop on line 940, which correctly uses `<`."
keras,15,4,BUG,BUG,True,"VERDICT: BUG  REASON: The histogram validation loop at line 907 uses `while i <= val_size` instead of `while i < val_size`, so when `val_size` is an exact multiple of `batch_size` the final iteration computes `step = 0` and feeds empty tensors to `self.sess.run([self.merged], ...)`, whereas the embeddings loop below correctly uses `while i < n_samples`."
keras,15,5,BUG,NO BUG,False,"VERDICT: NO BUG REASON: This code matches the standard Keras CallbackList implementation, with correct timing logic, proper guarding for a missing `_t_enter_batch` attribute, and valid use of deques for running statistics."
keras,16,1,NO BUG,NO BUG,True,"VERDICT: NO BUG REASON: The shown lines are standard, correct Keras Sequential implementation code (docstrings, constructor, and compatibility properties) that match the original well-tested source without any logical errors."
keras,16,2,BUG,NO BUG,False,"VERDICT: NO BUG REASON: The shown code matches the standard Keras `Sequential` implementation—constructor, deprecated `model` property, `layers` property that hides the auto-generated InputLayer, and the start of `add()` with proper type checking—all of which behave correctly."
keras,17,1,NO BUG,NO BUG,True,"VERDICT: NO BUG REASON: The code matches the canonical Keras metrics implementation, where `sparse_top_k_categorical_accuracy` correctly uses `K.max(y_true, axis=-1)` to extract the sparse integer label (valid when y_true has shape (num_samples, 1)), and all other functions, aliases, and serialization logic are implemented consistently with the original source."
keras,18,2,BUG,NO BUG,False,"VERDICT: NO BUG REASON: This code matches the original Keras implementation of the `Function` class and `_make_callable` (correctly popping `feed_dict`/`fetches` from session_kwargs, grouping update ops under control dependencies, and wiring feed/fetch/tensor-connection options into the session callable), with no incorrect logic introduced."
keras,18,5,BUG,NO BUG,False,"VERDICT: NO BUG REASON: The shown code matches the standard Keras TensorFlow backend implementation with correct session/graph management, UID tracking, and learning-phase handling, and no logical or syntactic error is present in the visible portion."
keras,19,5,BUG,NO BUG,False,"VERDICT: NO BUG REASON: The code is a faithful reproduction of the original Keras CNTK backend implementation, with correct learning phase handling, context management, and dtype conversion logic matching the upstream source."
keras,2,1,NO BUG,NO BUG,True,"VERDICT: NO BUG REASON: The functions correctly implement their intended operations (matching the reference Keras NumPy backend), including the standard `in_test_phase` argument swap into `in_train_phase`, proper threshold handling in `relu`, stable softmax, logit conversion in `binary_crossentropy`, and list-to-tuple axis conversion for the reduction ops."
keras,2,2,BUG,NO BUG,False,"VERDICT: NO BUG REASON: The code matches the original Keras NumPy backend implementations (including the redundant-looking but harmless extra `np.max` in `l2_normalize`, which just re-reduces already-singleton axes), and all the activation functions, losses, and reductions are mathematically correct."
keras,2,3,BUG,BUG,True,"VERDICT: BUG  REASON: In `expand_mask` (line 206), the loop condition `while mask_.ndim <= x.ndim + 1` expands the mask one dimension too far (it should be `x.ndim`), so `mask[:, t]` ends up with an extra trailing axis of size 1, causing `np.where` at lines 225–228 to broadcast outputs/states to a wrong shape (e.g., `(samples, 1, features)` instead of `(samples, features)`)."
keras,2,4,BUG,BUG,True,"VERDICT: BUG REASON: In `expand_mask`, the condition `while mask_.ndim <= x.ndim + 1` over-expands the mask by one dimension (it should be `while mask_.ndim < x.ndim + 1`), so `output_mask[:, t]` will have a higher ndim than `output_t` and the subsequent `np.where` in the RNN loop will fail or broadcast incorrectly."
keras,2,5,BUG,BUG,True,"VERDICT: BUG REASON: In `conv_transpose`, the dilation loop inserts zeros along `kernel.shape[i]`/`axis=i`, but the kernel's first two axes are channel dimensions, so dilation must operate on the spatial axes `2 + i` (as the original Keras implementation does), meaning any nonzero `dilation_rate` incorrectly dilates channel axes instead of spatial ones."
keras,20,5,BUG,NO BUG,False,"VERDICT: NO BUG REASON: The shown code faithfully reproduces the original Keras CNTK backend logic (learning phase handling, name scoping, train/test phase selection via element_select, etc.) with no incorrect behavior in the displayed portion."
keras,21,1,NO BUG,NO BUG,True,"VERDICT: NO BUG REASON: The code correctly matches the standard Keras implementation—ModelCheckpoint initializes `best` appropriately for min/max modes and saves only on improvement, and EarlyStopping correctly sets the comparison operator, sign-flips `min_delta` for 'min' mode, and re-initializes state in `on_train_begin` for reuse."
keras,21,2,BUG,BUG,True,"VERDICT: BUG  REASON: In `EarlyStopping.on_epoch_end` (line 530), `logs.get(self.monitor)` is called without guarding against `logs=None` (unlike `ModelCheckpoint.on_epoch_end`, which does `logs = logs or {}`), so calling the callback with the default `logs=None` will raise an `AttributeError`."
keras,21,3,BUG,BUG,True,"VERDICT: BUG REASON: The histogram validation loop uses `while i <= val_size:` instead of `while i < val_size:`, so when `i == val_size` the computed `step` is 0, causing an empty batch to be fed to `self.sess.run` (a crash or spurious extra summary); the original Keras code correctly uses `<`."
keras,21,5,BUG,NO BUG,False,"VERDICT: NO BUG REASON: The visible `CallbackList` code matches the standard Keras implementation, correctly initializing timing deques in `on_epoch_begin`, guarding against a missing `_t_enter_batch` in `on_batch_end`, and warning only when callbacks are meaningfully slower than batch updates."
keras,22,1,NO BUG,NO BUG,True,"VERDICT: NO BUG REASON: This code matches the reference Keras implementation — it correctly handles input shape inference from tensors, batch shape construction, dtype defaults, and placeholder creation, with proper validation of mutually exclusive arguments."
keras,22,2,BUG,NO BUG,False,"VERDICT: NO BUG REASON: The code matches the standard Keras InputLayer implementation, correctly handling input_shape/batch_input_shape validation, shape inference from input_tensor, dtype defaults, and placeholder creation."
keras,22,3,BUG,BUG,True,"VERDICT: BUG REASON: Line 39 uses subtraction (`prefix - '_' + str(...)`) instead of string concatenation (`prefix + '_' + str(...)`), which would raise a TypeError since you cannot subtract strings in Python."
keras,22,4,BUG,BUG,True,"VERDICT: BUG REASON: Line 39 uses subtraction (`prefix - '_' + ...`) instead of string concatenation (`prefix + '_' + ...`) when building the auto-generated layer name, which would raise a TypeError when no name is provided."
keras,23,3,BUG,BUG,True,"VERDICT: BUG REASON: In the `layers` property, line 99 uses `or` instead of `and` (`if self._layers or isinstance(self._layers[0], InputLayer)`), so any non-empty `_layers` list causes the first layer to be unconditionally dropped via `self._layers[1:]` even when it is not an auto-generated InputLayer, hiding a real user-added layer."
keras,23,4,BUG,BUG,True,"VERDICT: BUG REASON: The `layers` property uses `or` instead of `and` in `if self._layers or isinstance(self._layers[0], InputLayer)`, so it incorrectly strips the first layer (returns `self._layers[1:]`) even when no auto-generated `InputLayer` is present."
keras,23,5,BUG,NO BUG,False,"VERDICT: NO BUG REASON: The shown code (constructor, `layers` property that omits the auto-generated InputLayer, and the deprecated `model` property) matches the correct historical Keras implementation, and the truncated remainder gives no evidence of any defect."
keras,24,3,BUG,BUG,True,"VERDICT: BUG REASON: The batching loop `while i <= val_size` combined with `step = min(self.batch_size, val_size - i)` runs an extra iteration when `val_size` is an exact multiple of `batch_size` (i.e., `i == val_size` gives `step = 0`), feeding empty/zero-length batches into `sess.run`; the condition should be `i < val_size`."
keras,24,4,BUG,BUG,True,"VERDICT: BUG  REASON: The batching loop at line 853 uses `while i <= val_size`, so when `i == val_size` the step becomes 0, producing empty batch slices (and potentially a zero-size feed) — the condition should be `while i < val_size`."
keras,24,5,BUG,NO BUG,False,"VERDICT: NO BUG REASON: The shown code (CallbackList timing logic and callback dispatching) matches the intended Keras implementation, with correct use of median timing deques and warning conditions; the snippet merely cuts off mid-docstring of on_batch_end rather than containing a logic error."
keras,25,1,NO BUG,NO BUG,True,"VERDICT: NO BUG REASON: The code correctly implements the documented preprocessing for each mode (tf scaling, torch per-channel normalization, and caffe BGR conversion with mean subtraction), matching the original Keras implementation with proper handling of both channels_first/channels_last formats and 3D/4D inputs."
keras,25,2,BUG,NO BUG,False,"VERDICT: NO BUG REASON: The shown code matches the correct Keras implementation — 'tf' mode scales to [-1, 1] channel-agnostically, 'torch' mode normalizes per-channel with the standard ImageNet mean/std without BGR conversion, and 'caffe' mode performs the RGB→BGR swap and mean subtraction correctly for both channels_first and channels_last formats."
keras,25,3,BUG,BUG,True,"VERDICT: BUG REASON: Line 218 uses tuple subtraction (`tuple(CLASS_INDEX[str(i)]) - (pred[i],)`) instead of concatenation (`+`), which would raise a TypeError at runtime since tuples don't support the `-` operator."
keras,25,4,BUG,BUG,True,"VERDICT: BUG REASON: Line 216 uses `-` instead of `+` to concatenate the prediction score tuple (`tuple(CLASS_INDEX[str(i)]) - (pred[i],)`), which would raise a TypeError since tuples don't support subtraction."
keras,25,5,BUG,NO BUG,False,"VERDICT: NO BUG REASON: The preprocessing logic correctly matches the canonical Keras implementation—'tf' scales to [-1, 1], 'torch' scales to [0, 1] and normalizes with the standard ImageNet per-channel mean/std in RGB order, and 'caffe' converts RGB→BGR (handling both 3D/4D and channels_first/last layouts) before subtracting the BGR mean pixels [103.939, 116.779, 123.68]."
keras,26,3,BUG,BUG,True,"VERDICT: BUG REASON: Line 1073 uses `-` to combine lists (`[y_permute_dim.pop(-2)] - y_permute_dim`), but Python lists do not support the subtraction operator, so it would raise a TypeError; the original code uses `+` to concatenate the permutation lists."
keras,26,4,BUG,BUG,True,VERDICT: BUG RE
keras,26,5,BUG,NO BUG,False,"VERDICT: NO BUG REASON: The shown code matches the standard Keras TensorFlow backend implementation, with `get_uid`, `reset_uids`, and `clear_session` correctly managing graph-specific UID dictionaries and recreating the learning phase placeholder on a freshly reset default graph."
keras,27,3,BUG,BUG,True,"VERDICT: BUG  REASON: Line 91 uses the `-` operator on two lists (`losses - super(Wrapper, self).get_losses_for(None)`), which raises a `TypeError` in Python since list subtraction is not supported (the intended behavior was likely to remove duplicated losses)."
keras,27,4,BUG,BUG,True,"VERDICT: BUG REASON: Line 91 subtracts the result of `super().get_losses_for(None)` from the inner layer's losses using the `-` operator, which is invalid for Python lists (it should be added with `+=` as in the original Keras code), causing a TypeError whenever this method is called with `inputs=None`."
keras,27,5,BUG,NO BUG,False,"VERDICT: NO BUG REASON: This code faithfully reproduces the standard Keras `Wrapper` base class implementation, with correct delegation of properties, updates, losses, and weight handling to the wrapped layer."
keras,28,1,NO BUG,BUG,False,"VERDICT: BUG  REASON: In `_empty_batch`, the number of timesteps is computed as `self.length // self.sampling_rate`, but the loop builds samples from `range(rows[j] - self.length, rows[j], self.sampling_rate)`, which contains `(self.length - 1) // self.sampling_rate + 1` elements, so whenever `sampling_rate` does not evenly divide `length` (e.g., length=10, sampling_rate=4 yields 3 indices but a shape of 2), the assignment `samples[j] = self.data[indices]` fails with a shape-mismatch error."
keras,28,3,BUG,BUG,True,"VERDICT: BUG REASON: Line 74 uses `(num_samples, maxlen) - sample_shape`, but tuple subtraction is not supported in Python (and the correct operation is concatenation with `+` as in `(num_samples, maxlen) + sample_shape`), so the function would raise a TypeError whenever sequences have a non-empty sample shape."
keras,28,4,BUG,BUG,True,"VERDICT: BUG REASON: Line 74 uses `(num_samples, maxlen) - sample_shape` to build the output shape, which is incorrect—when sequences have multi-dimensional elements (e.g., 2D timesteps with features), subtracting `sample_shape` produces a wrong (or invalid negative-dimension) shape instead of concatenating it, so it should be `(num_samples, maxlen) + sample_shape` as in the original Keras implementation."
keras,28,5,BUG,NO BUG,False,"VERDICT: NO BUG REASON: The padding and truncation logic correctly handles 'pre'/'post' options, validates input shapes, fills the output array with the pad value, and the edge cases (empty sequences, inconsistent sample shapes, invalid padding/truncating strings) are all handled appropriately."
keras,29,2,BUG,NO BUG,False,"VERDICT: NO BUG REASON: This code faithfully matches the original Keras implementation—the loss accumulation with loss weights, skip indices handling for targets and weighing, metric name/accuracy function selection logic, and the `handle_metrics` closure (defined and invoked within the same loop iteration, so the loop variable `i` is bound correctly) are all consistent with the upstream keras/engine/training.py."
keras,29,3,BUG,BUG,True,"VERDICT: BUG REASON: The epoch loop condition `while epoch <= epochs` is an off-by-one error — since epochs in Keras are counted starting from `initial_epoch` and incremented at the end of each iteration (canonical code uses `while epoch < epochs`), this causes one extra epoch of training to be run."
keras,29,5,BUG,NO BUG,False,"VERDICT: NO BUG REASON: The snippet consists only of module imports and the start of a function definition with no executable logic (no function body is shown), so there is no bug that can be identified in the provided code."
keras,3,2,BUG,NO BUG,False,"VERDICT: NO BUG REASON: This code matches the standard Keras `_clone_functional_model` implementation, correctly handling layer cloning/reuse, InputLayer deduplication, mask propagation, and reverse-depth-order node traversal to rebuild the functional graph on new input tensors."
keras,3,3,BUG,BUG,True,"VERDICT: BUG REASON: Line 219 uses `[origin_layer] - layers` (list subtraction, which is invalid in Python and would raise a TypeError) instead of `[origin_layer] + layers` to prepend the input layer to the cloned layers."
keras,3,4,BUG,BUG,True,"VERDICT: BUG REASON: Line 213 uses `[origin_layer] - layers` (list subtraction, which is invalid in Python and would raise a TypeError) instead of `[origin_layer] + layers` as correctly done on line 223."
keras,3,5,BUG,NO BUG,False,"VERDICT: NO BUG REASON: The `input_layers` list is never populated, making the subsequent `zip(model._input_layers, input_layers)` loop dead code, but it is harmless because `layer_map[layer] = newly_created_input_layer` inside the first loop already correctly maps each original input layer to its newly created clone, so the model cloning logic still behaves correctly."
keras,30,2,BUG,NO BUG,False,"VERDICT: NO BUG REASON: The code correctly handles generator output validation, batch log construction, epoch-end evaluation (both generator and array validation data), and callback/stop_training flow without any logical errors."
keras,30,3,BUG,BUG,True,"VERDICT: BUG REASON: The training loop uses `while epoch <= epochs` (line 2187), which is an off-by-one error that runs one extra epoch since `epoch` starts at `initial_epoch` (typically 0) and the loop should terminate when `epoch < epochs`."
keras,30,4,BUG,BUG,True,"VERDICT: BUG REASON: The training loop `while epoch <= epochs:` is an off-by-one error (the original Keras code uses `while epoch < epochs:`), causing the generator to run one extra epoch than requested when `epoch` starts from `initial_epoch`."
keras,30,5,BUG,NO BUG,False,"VERDICT: NO BUG REASON: The visible code faithfully reproduces the original Keras `_standardize_input_data` logic—correctly handling dict/list/DataFrame inputs, expanding 1D arrays, validating lengths, and checking shape compatibility—without any deviation from the expected behavior."
keras,31,1,NO BUG,NO BUG,True,"VERDICT: NO BUG REASON: This code matches the original Keras TF backend implementation of CTC loss/decoding, with correct dense-to-sparse label conversion, proper axis handling in the transpose/log operations, and valid usage of the TF CTC ops."
keras,31,4,BUG,NO BUG,False,VERDICT: NO BUG REASON: This code matches the actual Keras implementation exactly — the `dot` function correctly handles Theano-like nD tensor multiplication via reshaping/transposing (moving `y`'s second-to-last dimension to the front) and the `batch_dot` docstring examples and shape-inference description are consistent with the documented behavior.
keras,31,5,BUG,NO BUG,False,"VERDICT: NO BUG REASON: The shown code is the standard Keras TensorFlow backend module header and utility functions (session management, UID generation, learning phase handling), which correctly implement their documented behavior with no errors in the visible portion."
keras,32,2,BUG,NO BUG,False,"VERDICT: NO BUG REASON: This code faithfully reproduces the original Keras implementation of TensorBoard's validation slicing, embedding checkpoint saving, and ReduceLROnPlateau's initialization/reset logic (including the epsilon-bounded comparison operators and Inf"
keras,32,3,BUG,BUG,True,"VERDICT: BUG  REASON: The batching loop at line 836 uses `while i <= val_size`, so when `i == val_size` the `step` becomes 0 and an empty batch (empty arrays) is fed to `sess.run`; the condition should be `while i < val_size`."
keras,32,4,BUG,BUG,True,"VERDICT: BUG REASON: In the histogram-batching loop, `while i <= val_size` allows the final iteration when `i == val_size`, making `step = min(self.batch_size, val_size - i)` equal to 0 and feeding empty/zero-length slices to `sess.run` (the condition should be `i < val_size`)."
keras,32,5,BUG,NO BUG,False,"VERDICT: NO BUG REASON: This code matches the original Keras `CallbackList` implementation, correctly timing batch callbacks, computing medians over a bounded deque, and warning only when callback overhead is both significant (>0.95 of batch time) and non-trivial (>0.1s)."
keras,33,1,NO BUG,NO BUG,True,"VERDICT: NO BUG REASON: The shown code correctly handles text tokenization across Python 2/3 (including unicode and multi-character split handling) and the one_hot wrapper properly delegates to hashing_trick with the intended hash function, matching the reference Keras implementation."
keras,33,2,BUG,NO BUG,False,"VERDICT: NO BUG REASON: The shown code correctly handles both Python 2 and 3 translation of filter characters into split separators, and the one_hot/hashing_trick wrappers pass their parameters through consistently with their documented behavior."
keras,33,3,BUG,BUG,True,"VERDICT: BUG REASON: Line 125 computes `hash_function(w) % (n - 1) - 1`, which can yield `-1` or `0` (the reserved index) instead of the intended non-zero range `[1, n-1]`; it should be `+ 1` (i.e., `hash_function(w) % (n - 1) + 1`)."
keras,33,4,BUG,BUG,True,"VERDICT: BUG REASON: Line 116 computes `hash_function(w) % (n - 1) - 1` instead of the correct `+ 1`, which produces the reserved index `0` and an invalid index `-1` (and skips index `n`), violating the documented guarantee that `0` is reserved and indices lie in `[1, n-1]`."
keras,33,5,BUG,NO BUG,False,"VERDICT: NO BUG REASON: The code correctly tokenizes text (handling both Python 2 unicode and Python 3 translate maps with proper short-circuiting), and the `% (n - 1) + 1` in `hashing_trick` intentionally reserves index 0 while mapping words into [1, n-1], matching the documented behavior."
keras,34,1,NO BUG,NO BUG,True,"VERDICT: NO BUG REASON: The code correctly matches Keras's `fit_generator` logic—validation generator/Sequence handling, enqueuer setup, validation_steps inference from Sequence length, and callback configuration are all consistent and correct."
ansible,1,2,BUG,NO BUG,False,"VERDICT: NO BUG REASON: This code matches the standard Ansible galaxy collection logic—all loops, error handling, name/path validation, and context managers behave correctly with no logic errors introduced."
ansible,10,1,NO BUG,BUG,False,"VERDICT: BUG REASON: The `valid_simple_controls` list includes `'definitive'`, which is not a valid PAM control token (the valid simple controls are required, requisite, sufficient, optional, include, and substack), so the module would incorrectly accept and treat an invalid control as valid."
ansible,10,2,BUG,NO BUG,False,"VERDICT: NO BUG REASON: This code matches the upstream Ansible pamd module implementation; the class hierarchy, `is_valid` properties, control/args parsing with bracketed complex-control handling, and `__str__`/`matches` methods are all consistent and function as intended."
ansible,13,2,BUG,NO BUG,False,"VERDICT: NO BUG REASON: The shown code is only imports and argparse setup (implicit 'role' subcommand injection, common/force/github/offline/roles-path argument groups) and contains no logic errors in these lines."
black,21,3,BUG,BUG,True,"VERDICT: BUG REASON: In `lib2to3_parse`, the error handler indexes `lines[lineno + 1]` even though lib2to3 reports 1-based line numbers, so the reported ""faulty line"" is off by two (it should be `lines[lineno - 1]`), producing misleading parse error messages."
fastapi,14,2,BUG,NO BUG,False,"VERDICT: NO BUG REASON: This code faithfully reproduces the FastAPI OpenAPI models with correct field definitions, pydantic aliases for reserved words (""$ref"", ""not"", ""schema""), and consistent use of Optional types and validation constraints matching the upstream fastapi/openapi/models.py."
fastapi,6,1,NO BUG,BUG,False,"VERDICT: BUG REASON: In `request_body_to_args`, `field_info` is fetched only once from `required_params[0]` before the loop and never reassigned inside the loop, so subsequent fields are incorrectly validated using the first field's `Param` info (e.g., the `params.Form`/`params.File` checks would misclassify later fields); the original FastAPI code re-assigns `field_info = get_field_info(field)` inside the loop."
httpie,3,5,BUG,BUG,True,"VERDICT: BUG REASON: `VALID_SESSION_NAME_PATTERN` is defined but never used to validate `session_name`, so a malicious name like `../../evil` can escape the sessions directory via path traversal when constructing the session file path."
keras,10,2,BUG,NO BUG,False,"VERDICT: NO BUG REASON: The code matches the original Keras implementation of `weighted_masked_objective` (correct masking and sample-weighting logic, including normalization by mean mask and fraction of nonzero weights) and `standardize_weights` (correct validation of `sample_weight_mode`, weight array ranks, and shape compatibility), with no logic errors or mutations introduced."
keras,14,2,BUG,NO BUG,False,"VERDICT: NO BUG REASON: This code matches the standard Keras metrics implementation, where the metric functions, aliases, serialization helpers, and the `get` dispatcher are all consistent and correct (including `sparse_top_k_categorical_accuracy`, which uses `K.max` on sparse integer labels to recover the class index)."
keras,19,1,NO BUG,NO BUG,True,"VERDICT: NO BUG REASON: This code matches the standard Keras CNTK backend implementation (the rnn, l2_normalize, hard_sigmoid, and conv1d logic, including the placeholder replacement and go_backwards handling, are all"
keras,19,2,BUG,NO BUG,False,"VERDICT: NO BUG REASON: This code is a faithful excerpt of the original Keras CNTK backend implementation (the `rnn`, `has_seq_axis`, `l2_normalize`, `hard_sigmoid`, and `conv1d` functions match the upstream source, including the placeholder-replacement recurrence logic, mask/`go_backwards` handling, and state unpacking), with no injected errors."
keras,24,1,NO BUG,BUG,False,"VERDICT: BUG REASON: Line 753 passes `grads` (a list of tensors returned by `optimizer.get_gradients`) directly to `tf.summary.histogram`, which expects a single tensor, so it will raise an error when `write_grads` is enabled; the loop should iterate over the gradients and log each one individually."
keras,26,2,BUG,BUG,True,"VERDICT: BUG REASON: On line 2873, when the mask is zero at a timestep the output is replaced with `states[0]` (the first RNN state) instead of the correct `tf.zeros_like(output)` used in the original Keras implementation, which incorrectly couples the output to an arbitrary state tensor that may not even match the output's shape/semantics."
keras,27,2,BUG,NO BUG,False,"VERDICT: NO BUG REASON: This code matches the reference Keras implementation of the Bidirectional wrapper — the call return logic, compute_mask (including return_state/merge_mode handling), weight/updates/losses/constraints properties, and get_config/from_config serialization are all correct."
keras,29,1,NO BUG,NO BUG,True,"VERDICT: NO BUG REASON: This code matches the standard Keras `_compile_metrics`/compile logic — the `handle_metrics` closure is defined and invoked within the same loop iteration so its capture of `i` is safe, the `skip_target_indices`/`skip_target_weighing_indices` handling, loss weighting, regularization accumulation, and accuracy/crossentropy metric dispatch are all consistent with the original implementation."
keras,31,3,BUG,BUG,True,"VERDICT: BUG REASON: Line 1068 uses `[y_permute_dim.pop(-2)] - y_permute_dim`, attempting list subtraction which raises a TypeError in Python (it should be `+` to prepend the popped dimension to the permutation list)."
keras,34,2,BUG,NO BUG,False,"VERDICT: NO BUG REASON: This code matches the correct Keras implementation—the validation data handling, generator/enqueuer setup, callback wiring, and generator output parsing are all internally consistent (e.g., the `val_sample_weight`/`val_sample_weights` variables are assigned and used consistently), with no logical errors in the shown lines."
keras,35,1,NO BUG,NO BUG,True,"VERDICT: NO BUG REASON: This code matches the correct Keras implementation — the axis adjustments in `random_transform` (subtracting 1 since a single image lacks the batch dimension), the normalization logic in `standardize`, and the cross-dependency warnings between whitening/centering options are all handled consistently with the intended behavior."
keras,37,1,NO BUG,NO BUG,True,"VERDICT: NO BUG REASON: This code matches the standard Keras RNN layer implementation—`build` correctly validates `state_spec` against `cell.state_size`, `get_initial_state` correctly constructs zero-filled initial states, `__call__` correctly handles `initial_state`/`constants` via temporary input_spec extension, and `call` correctly resolves the initial state and validates its length, with no deviations from the original logic."
keras,37,2,BUG,NO BUG,False,"VERDICT: NO BUG REASON: This code matches the canonical Keras RNN implementation correctly—build state_spec handling, get_initial_state zero-tensor construction, __call__ with initial_state/constants plumbing, and call-time validation (including the unroll/timesteps check) are all consistent with the intended behavior."
keras,4,1,NO BUG,NO BUG,True,"VERDICT: NO BUG REASON: This is the standard Keras Nadam implementation, correctly following the NAdam paper's warmup momentum schedule (m_schedule_next = m_schedule × momentum_cache_t × momentum_cache_t_1, and the m_t_bar combination with g_prime and m_t_prime), with correct update ordering, weights tracking, and constraint application."
keras,4,2,BUG,NO BUG,False,"VERDICT: NO BUG REASON: This is the corrected Nadam implementation, where `m_schedule_next` properly includes both `momentum_cache_t` and `momentum_cache_t_1` factors (the historical bug of omitting the `momentum_cache_t` factor has been fixed), and the bias-correction and Nesterov momentum terms otherwise match the reference algorithm."
keras,4,3,BUG,NO BUG,False,"VERDICT: NO BUG REASON: The code correctly implements standard SGD (including Nesterov momentum as `p + momentum * v - lr * g`), RMSprop initialization, and the base Optimizer weight handling, matching the canonical Keras implementation."
keras,40,1,NO BUG,NO BUG,True,"VERDICT: NO BUG REASON: This code matches the standard, correct Keras RNN layer implementation — the `states` property, `compute_output_shape`, `compute_mask`, and `build` methods all correctly handle list/tuple inputs, integer and tuple state sizes, stateful batch sizes, and initial-state/constant shapes."
keras,40,2,BUG,NO BUG,False,"VERDICT: NO BUG REASON: This code matches the standard Keras RNN layer implementation, correctly handling cell stacking, state/shape validation, and output shape/mask computation without any errors."
keras,40,3,BUG,BUG,True,"VERDICT: BUG REASON: In `set_weights`, line 172 (`weights = weights[:num_param]`) should be `weights = weights[num_param:]` so the weights list advances past the current cell's parameters; as written, every cell is assigned the first `num_param` weights over and over, never consuming the remaining weights."
keras,41,1,NO BUG,NO BUG,True,"VERDICT: NO BUG REASON: This is a faithful Python 2 replacement for `urlretrieve` that streams the response in chunks to disk while invoking the reporthook, and its logic (reading Content-Length, incrementing the block count, yielding non-empty chunks, stopping on empty read) is correct; the only minor cosmetic issue is that the reporthook is called once more for the final empty chunk, which matches `urlretrieve`'s behavior of reporting after each read and does not affect correctness."
keras,41,2,BUG,NO BUG,False,"VERDICT: NO BUG REASON: The code correctly reimplements `urlretrieve` for Python 2 by streaming the response in 8192-byte chunks to a file and invoking the reporthook with block count, block size, and total size (defaulting to -1 when Content-Length is absent), which matches the intended behavior (the `content_type` variable name is merely misleading since it actually holds the Content-Length header)."
keras,41,3,BUG,BUG,True,"VERDICT: BUG REASON: Line 185 uses string subtraction (`untar_fpath - '.tar.gz'`), which is invalid in Python and would raise a TypeError; the original Keras code appends `'.tar.gz'` to build the archive path."
keras,42,1,NO BUG,NO BUG,True,"VERDICT: NO BUG REASON: The code matches the original Keras implementation: `test_on_batch` and `predict_on_batch` correctly append a learning phase value of `0.` (test mode) when needed, standardize inputs properly, and handle single vs. multiple outputs correctly."
keras,42,2,BUG,NO BUG,False,"VERDICT: NO BUG REASON: The code correctly appends a learning phase value of 0 (test/inference mode) to the input feeds in both `test_on_batch` and `predict_on_batch`, matching the expected behavior for evaluation and prediction in Keras."
keras,42,3,BUG,NO BUG,False,"VERDICT: NO BUG REASON: This is standard Keras `fit_generator` logic where callbacks, validation data unpacking (supporting both 2- and 3-tuples with appropriate errors), generator output handling, batch/epoch logging, and the training loop with `steps_done`/`batch_index` counters are all handled consistently and correctly."
keras,43,1,NO BUG,NO BUG,True,"VERDICT: NO BUG REASON: Both functions correctly implement their documented behavior—`to_categorical` properly handles trailing singleton dimensions, infers num_classes, and builds the one-hot matrix, while `normalize` safely avoids division by zero by replacing zero norms with 1."
keras,43,2,BUG,NO BUG,False,"VERDICT: NO BUG REASON: The code correctly converts class indices to one-hot encodings (raveling input, handling missing num_classes, and reshaping to append the class dimension) and safely normalizes arrays, with `np.atleast_1d` ensuring a scalar norm is settable before expansion."
keras,43,3,BUG,BUG,True,"VERDICT: BUG REASON: In `to_categorical`, the number of classes is computed as `np.max(y) - 1` instead of `np.max(y) + 1`, which makes the output matrix one column too small (off by two) and causes an index error since valid labels range from 0 to `np.max(y)`."
keras,44,1,NO BUG,NO BUG,True,"VERDICT: NO BUG REASON: The code is a faithful reproduction of the standard Keras `RNN.reset_states`, `get_config`, `from_config`, and weight/loss delegation logic, with correct handling of single vs. multi-state cells, shape validation, and state initialization, matching the original keras/layers/recurrent.py implementation."
keras,44,2,BUG,NO BUG,False,"VERDICT: NO BUG REASON: The `reset_states` logic, `get_config`/`from_config` methods, and property delegates shown here correctly mirror the standard Keras RNN implementation, including proper shape validation against `self.cell.state_size` and correct serialization of the cell."
keras,44,3,BUG,BUG,True,"VERDICT: BUG  REASON: In `set_weights`, line 172 (`weights = weights[:num_param]`) should be `weights = weights[num_param:]` — as written, the weights list is never advanced, so every cell is assigned the same (first) slice of weights instead of its own parameters (additionally, line 114's subtraction in `get_config` would drop the `cells` entry instead of merging it)."
keras,45,1,NO BUG,BUG,False,"VERDICT: BUG REASON: In `_generate_recurrent_dropout_mask` (line 1776), the dropout function incorrectly uses `self.dropout` instead of `self.recurrent_dropout`, so the recurrent dropout mask is generated with the wrong dropout rate."
keras,45,2,BUG,BUG,True,"VERDICT: BUG REASON: In `_generate_recurrent_dropout_mask` (line 1776), the dropout call uses `self.dropout` instead of `self.recurrent_dropout`, so the recurrent dropout mask is generated with the wrong dropout rate."
keras,45,5,BUG,NO BUG,False,"VERDICT: NO BUG REASON: The code correctly maintains consistency between `state_size` (flat list in reverse cell order), the state unpacking/packing in `call` (parse in reverse order, execute cells in forward order, flatten back in reverse order), and the input shape propagation in `build`, matching the original Keras implementation."
keras,5,2,BUG,NO BUG,False,"VERDICT: NO BUG REASON: This code matches the well-tested Keras `get_file` implementation—hash validation, download fallback to `/tmp`, untar path handling, progress tracking, and cleanup on failure are all handled correctly."
keras,6,1,NO BUG,NO BUG,True,"VERDICT: NO BUG REASON: The shown code matches the upstream Keras implementation—the batch shuffling logic correctly stashes and re-appends the remainder, `make_batches` correctly rounds up, and `weighted_masked_objective` and `standardize_weights` perform their validation and weighting as intended."
keras,6,3,BUG,BUG,True,"VERDICT: BUG REASON: In `make_batches`, the formula `num_batches = (size - batch_size - 1) // batch_size` computes the wrong batch count (it should be `(size + batch_size - 1) // batch_size` to round up), so it drops data—e.g., for size=10 and batch_size=3 it yields 2 batches covering only 6 of the 10 samples instead of 4 batches."
keras,7,1,NO BUG,NO BUG,True,"VERDICT: NO BUG REASON: The code matches the original Keras implementation (KerasRegressor.score correctly returns the negated loss since scikit-learn expects higher scores to be better), with only a minor docstring inconsistency (""Mean accuracy"" instead of ""Mean loss"" in the Returns section), which is a documentation issue rather than a functional bug."
keras,7,2,BUG,NO BUG,False,"VERDICT: NO BUG REASON: The code correctly converts labels for classification scoring, checks for both string and callable loss names before applying `to_categorical`, and returns the negated loss in `KerasRegressor.score` (consistent with scikit-learn's convention that higher scores are better), with no apparent defects."
keras,7,3,BUG,BUG,True,"VERDICT: BUG REASON: In `predict_proba`, line 261 computes the probability of class 0 as `1 + probs` instead of `1 - probs`, producing invalid probabilities (greater than 1) for binary classification."
keras,8,1,NO BUG,NO BUG,True,"VERDICT: NO BUG REASON: This code matches the original Keras implementation exactly — the `get_config` tail correctly remaps node indices via `node_conversion_map`, and `from_config`'s `process_node` correctly handles 3- or 4-element inbound node data, validates node existence, and calls the layer with reconstructed input tensors."
keras,8,2,BUG,NO BUG,False,"VERDICT: NO BUG REASON: The code matches the original Keras implementation—`get_config` correctly remaps node indices via `node_conversion_map` and filters out disconnected nodes, and `from_config`'s `process_node`/`process_layer` correctly defer layer calls for shared layers across different topological depths using the unprocessed-node queue, with proper validation of input_data length."
keras,8,3,BUG,BUG,True,VERDICT: BUG  REASON: The loop condition `while node_index <= len(node_data_list):` causes an IndexError by accessing `node_data_list[node_index]` when `node_index == len(node_data_list)` (it should be `<` instead of `<=`).
keras,9,2,BUG,NO BUG,False,"VERDICT: NO BUG REASON: The shown code matches the standard Keras documentation generation logic (signature post-processing, module name cleaning, docstring code-block/list extraction), and each operation—such as the `+ 6` fence index computation in `process_docstring`, `inspect.getsourcelines` tuple indexing, and regex-based dedenting in `process_list_block`—is internally consistent and correct."
luigi,1,1,NO BUG,BUG,False,"VERDICT: BUG REASON: In `from_utc` (line 240), `time.mktime(time_struct.timetuple())` interprets the parsed UTC time as local time, producing an incorrect epoch timestamp offset by the server's timezone instead of using `calendar.timegm`."
luigi,1,2,BUG,BUG,True,"VERDICT: BUG REASON: The `from_utc` function converts a UTC datetime with `time.mktime(time_struct.timetuple())`, which interprets the time as local time rather than UTC, producing incorrect epoch timestamps on any server not running in UTC (it should use `calendar.timegm(...)` or `time_struct.replace(tzinfo=timezone.utc).timestamp()`)."
luigi,1,5,BUG,NO BUG,False,"VERDICT: NO BUG REASON: The visible code correctly configures the CORS options, validates the RPC method against `RPC_METHODS`, and parses the JSON payload in a way consistent with the intended Luigi scheduler server behavior."
luigi,10,1,NO BUG,NO BUG,True,"VERDICT: NO BUG REASON: The code correctly implements task failure tracking, worker state management, and scheduler state persistence/serialization, with no logical errors in the shown lines."
luigi,10,2,BUG,NO BUG,False,"VERDICT: NO BUG REASON: The code matches the expected Luigi scheduler behavior correctly (task failure tracking, worker pruning, and state persistence all use consistent logic and proper attribute initialization), with no logic errors or misuse of attributes introduced."
luigi,10,3,BUG,BUG,True,"VERDICT: BUG REASON: The `retry_policy` parameter defaults to the string `'notoptional'`, so constructing a `Task` without an explicit retry policy will fail with an `AttributeError` when `__init__` accesses `self.retry_policy.disable_window` (a string has no `disable_window` attribute) to create the `Failures` object."
luigi,11,2,BUG,BUG,True,"VERDICT: BUG  REASON: On line 951, `combined_params.update(batched_params)` inserts raw Python lists of parameter values into the combined params instead of JSON-encoding them (the correct code is `combined_params.update((name, json.dumps(values)) for name, values in batched_params.items())`), so the client receives lists rather than the expected JSON string for batched parameters."
luigi,11,5,BUG,NO BUG,False,"VERDICT: NO BUG REASON: The truncated code shown (imports, the rpc_method decorator, and helper functions) correctly maps positional defaults via reversed zipping and constructs RPC wrappers without any logical errors."
luigi,12,1,NO BUG,NO BUG,True,"VERDICT: NO BUG REASON: The code correctly caches a thread-local autoconfigured HDFS client (snakebite clients are not thread-safe), dispatches to the appropriate client based on configuration with a proper error for unknown client names, and delegates method calls via the `_with_ac` wrapper."
luigi,12,2,BUG,NO BUG,False,"VERDICT: NO BUG REASON: The code correctly dispatches to each configured HDFS client based on the configuration value and raises an exception for unknown clients, matching the expected behavior of luigi's autoconfig client mechanism."
luigi,13,1,NO BUG,BUG,False,"VERDICT: BUG REASON: `random.randrange(0, 1e10)` on line 42 passes a float as the stop argument, which raises a TypeError/ValueError since `randrange` requires integer arguments (it should be `random.randrange(0, 10**10)` or similar)."
luigi,13,2,BUG,BUG,True,"VERDICT: BUG  REASON: In `LocalFileSystem.move` (line 91), the code calls `self.fs.mkdir(d)`, but `LocalFileSystem` (and its `FileSystem` base class) has no `fs` attribute—it should be `self.mkdir(d)`—so moving a file to a path whose parent directory doesn't exist raises an `AttributeError`."
luigi,13,5,BUG,BUG,True,"VERDICT: BUG REASON: In `LocalFileSystem.move`, `self.fs.mkdir(parent_dir)` references a nonexistent `self.fs` attribute (it should be `self.mkdir(parent_dir)`), which will raise an `AttributeError` whenever the destination's parent directory does not exist."
luigi,14,1,NO BUG,BUG,False,"VERDICT: BUG REASON: The `Failures` class uses `collections.deque()` at line 123, but `collections` is not among the imports shown (only itertools, logging, os, re, and time are imported), which would cause a `NameError` at runtime."
luigi,14,2,BUG,BUG,True,"VERDICT: BUG REASON: The `Failures.__init__` method uses `collections.deque()` but `collections` is never imported (the imports on lines 30-34 only include itertools, logging, os, re, and time), which would cause a NameError at runtime."
luigi,14,5,BUG,NO BUG,False,"VERDICT: NO BUG REASON: The visible code (imports, status constants, severity ordering, scheduler config parameters) matches the correct upstream luigi implementation and contains no logic errors, though the truncation prevents full review of the Failures class and beyond."
luigi,15,1,NO BUG,NO BUG,True,"VERDICT: NO BUG REASON: This code faithfully reproduces the corresponding sections of the real luigi scheduler implementation (task pruning, worker inactivation, retry/disable handling, and worker filtering logic are all consistent and correct), with no logical errors introduced."
luigi,15,2,BUG,NO BUG,False,"VERDICT: NO BUG REASON: The code matches the correct upstream luigi scheduler logic — worker filtering conditions, task pruning/inactivation, retry re-queuing, and stakeholder removal all behave as intended."
luigi,15,3,BUG,NO BUG,False,"VERDICT: NO BUG REASON: The code shown matches the canonical, correct implementation of luigi's `Failures` window-based failure tracking and `Task` initialization logic, with the window pruning (`popleft` of expired entries), first-failure timestamp handling, and parameter defaults all behaving as intended (the excerpt merely ends mid-function at line 203, which is a truncation of the display, not a code defect)."
luigi,16,1,NO BUG,NO BUG,True,"VERDICT: NO BUG REASON: This code matches the actual luigi scheduler implementation, and the logic (pruning inactive workers/tasks, priority propagation that only increases priority, and task creation/updates in add_task) is internally consistent with no apparent defects."
luigi,16,2,BUG,NO BUG,False,"VERDICT: NO BUG REASON: The shown code matches the correct Luigi scheduler logic — `_update_priority` correctly propagates priority only to dependencies with lower priority (preventing infinite recursion via the `prio > t.priority` check), and `add_task`/`prune` behave as intended (e.g., tracking_url is only overwritten when a new value is given or the task isn't RUNNING, and tasks are unmarked for removal upon re-addition)."
luigi,16,3,BUG,NO BUG,False,"VERDICT: NO BUG REASON: This code matches the actual luigi implementation; the `Failures` sliding-window logic, default handling with `_get_default`, and the `Task.__init__` field assignments are all consistent and correct for the shown lines."
luigi,17,1,NO BUG,NO BUG,True,"VERDICT: NO BUG REASON: The shown code correctly defines the `core` configuration class and the `_schedule_and_run` setup (logging config validation, locking, scheduler/worker creation) matches the intended luigi behavior with no apparent logic errors."
luigi,17,2,BUG,NO BUG,False,"VERDICT: NO BUG REASON: The shown code matches the standard, correct luigi implementation — parameter defaults, lock acquisition, scheduler URL construction, and worker creation are all consistent with the intended behavior."
luigi,17,3,BUG,NO BUG,False,"VERDICT: NO BUG REASON: This code matches the standard, correct Luigi interface logic — parameter definitions, scheduler/worker creation, locking, and the boolean `success &=` accumulation all behave as intended (bitwise `&` on booleans is valid and equivalent to logical conjunction)."
luigi,2,1,NO BUG,NO BUG,True,"VERDICT: NO BUG REASON: This snippet consists of parameter declarations, abstract methods, and hook/callback stubs with an intentional constructor validation requiring subclasses to provide a `DataflowParamKeys` instance for `dataflow_params`, and none of it contains incorrect logic."
luigi,2,2,BUG,NO BUG,False,"VERDICT: NO BUG REASON: This snippet is a straightforward abstract task definition (parameter declarations, hook methods, and an `__init__` type-check for the required `dataflow_params` attribute), and none of the shown code performs any faulty logic, mutation of shared state, or incorrect behavior."
luigi,2,3,BUG,BUG,True,"VERDICT: BUG REASON: Line 479 uses `and` instead of `or` when checking target types (`isinstance(target, luigi.LocalTarget) and isinstance(target, gcs.GCSTarget)`), a condition that can never be true since a target cannot be both a LocalTarget and a GCSTarget, so valid GCS/Local targets will incorrectly raise ValueError."
luigi,20,1,NO BUG,NO BUG,True,"VERDICT: NO BUG REASON: This is faithful Luigi Task code; the parameter initialization, task_id construction, cloning via `k.update(...)` (dict.update accepts an iterable of pairs), and dunder methods are all consistent and functionally correct."
luigi,20,3,BUG,BUG,True,"VERDICT: BUG REASON: The `list_to_tuple` helper at lines 237-242 checks `isinstance(x, list) and isinstance(x, set)`, a condition that can never be true (a value cannot be both a list and a set simultaneously), so lists and sets are never converted to tuples for hashing — it should use `or` instead of `and`."
luigi,21,1,NO BUG,BUG,False,"VERDICT: BUG REASON: The `build` function (line 378) calls `Interface.run(...)` without returning its result, so unlike the documented behavior it always returns `None` instead of the run result (the original code has `return Interface.run(...)`)."
luigi,21,2,BUG,BUG,True,"VERDICT: BUG REASON: In `run()`, if `cmdline_args` is left as its default `None` but `main_task_cls` or `local_scheduler` is provided, calling `cmdline_args.insert(0, ...)` on `None` raises an `AttributeError` because the code never initializes `cmdline_args` (e.g., from `sys.argv[1:]`) before mutating it."
luigi,21,5,BUG,NO BUG,False,"VERDICT: NO BUG REASON: The code matches the standard, correct luigi/interface.py implementation—the logging setup guard, core configuration parameters, and WorkerSchedulerFactory methods are all consistent with their intended behavior."
luigi,22,1,NO BUG,BUG,False,"VERDICT: BUG REASON: In `has_excessive_failures`, when `disable_failures` is `None` (its default), the comparison `self.failures.num_failures() >= self.disable_failures` will raise a `TypeError`, unlike the hard timeout check which properly guards against `None` — the comparison should be conditional on `disable_failures is not None`."
luigi,23,1,NO BUG,NO BUG,True,"VERDICT: NO BUG REASON: The code matches the standard luigi `interface.py` implementation and its logic (logging setup, config parsing, lock acquisition, and scheduler/worker creation) is internally consistent with no apparent errors."
luigi,23,2,BUG,NO BUG,False,"VERDICT: NO BUG REASON: The code matches the standard, correct luigi interface logic—logging configuration is validated before use, scheduler/worker creation handles both local and remote cases, and locking is conditionally acquired—without any apparent defects in the shown lines."
luigi,23,3,BUG,BUG,True,"VERDICT: BUG REASON: In `_editdistance`, line 188 uses `a[i] is b[j]` (identity comparison) instead of `a[i] == b[j]` (equality comparison), which produces incorrect edit distances whenever equal characters are distinct objects (e.g., characters from non-interned strings or non-primitive types), breaking the ""Did you mean"" task-name suggestions."
luigi,24,1,NO BUG,BUG,False,"VERDICT: BUG  REASON: In `run()`, `universal_newlines=True` makes the subprocess write decoded text (str) to the temp files, so the subsequent `s.decode('utf-8')` on the lines read from those files raises an `AttributeError` in Python 3 (the flag should be omitted so the output stays as bytes, matching the manual decoding)."
luigi,25,2,BUG,NO BUG,False,"VERDICT: NO BUG REASON: The shown code is the standard, functioning luigi Redshift implementation — table creation/truncation, COPY command construction, and output targeting all behave as intended (with the NotImplementedError for type-less columns being deliberate behavior, not a defect)."
luigi,27,1,NO BUG,NO BUG,True,"VERDICT: NO BUG REASON: This code matches the canonical luigi implementation, where `parse_from_input`'s `if not x` check, the `_no_value` sentinel handling, and the list/boolean fallbacks (returning `[]` and `False` respectively) are all intended behavior for missing/false-y parameter inputs."
luigi,27,2,BUG,NO BUG,False,"VERDICT: NO BUG REASON: This code matches the standard luigi `Parameter` implementation; `value` and `has_value` are properties (the `@property` decorator on line 218 is just outside the shown range), and the logic in `parse_from_input`, `serialize`, `serialize_to_input`, and `parser_dest` correctly handles defaults, bools, and list parameters."
luigi,27,3,BUG,BUG,True,"VERDICT: BUG REASON: Line 320 uses subtraction (`task_name - '_' + param_name`) on strings, which should be concatenation (`task_name + '_' + param_name`) and would raise a TypeError at runtime."
luigi,28,1,NO BUG,NO BUG,True,"VERDICT: NO BUG REASON: The code matches the intended luigi contrib hive implementation—the abstract client interface, the command-line based `HiveCommandClient` (including the Apache variant that ignores return codes for `describe`), and the thrift-based `MetastoreClient` are all internally consistent and correctly delegate to the `run_hive_cmd`/`HiveThriftContext` helpers."
luigi,28,3,BUG,BUG,True,"VERDICT: BUG REASON: Line 64 uses subtraction (`[load_hive_cmd()] - args`) instead of list concatenation (`+`), which would raise a TypeError since lists don't support the `-` operator."
luigi,29,1,NO BUG,NO BUG,True,"VERDICT: NO BUG REASON: This code matches the actual upstream luigi implementation and is internally consistent — the instance cache safely handles unhashable parameters, and the registration logic correctly resolves class-name ambiguity while allowing subclasses to override base classes registered earlier."
luigi,29,2,BUG,NO BUG,False,"VERDICT: NO BUG REASON: This code matches the standard, correct Luigi task registration/caching logic—the instance cache correctly keys on (class, param values) with a hashability fallback, and the registry properly handles ambiguous task names and abstract (non-implemented) tasks."
luigi,29,3,BUG,BUG,True,"VERDICT: BUG REASON: In `__get_reg`, the condition `if name in reg or ...` should be `if name in reg and ...` (as in the original luigi code), since using `or` causes any already-registered name — even one mapping to the same class or a proper subclass — to be incorrectly marked as `AMBIGUOUS_CLASS`."
luigi,3,1,NO BUG,NO BUG,True,"VERDICT: NO BUG REASON: The code matches the intended upstream luigi behavior — TupleParameter correctly falls back from JSON parsing to ast.literal_eval for tuple-string syntax (and handles flat tuples via the TypeError fallback), and NumericalParameter properly validates and extracts its required keyword arguments."
luigi,3,3,BUG,BUG,True,"VERDICT: BUG REASON: Line 322 uses `task_name - '_' + param_name`, which attempts string subtraction (an unsupported operation in Python) and should be `task_name + '_' + param_name` to join the task and parameter names."
luigi,31,2,BUG,NO BUG,False,"VERDICT: NO BUG REASON: This code matches the canonical luigi scheduler implementation—the ranking, greedy resource"
luigi,32,1,NO BUG,NO BUG,True,"VERDICT: NO BUG REASON: The shown lines match the standard luigi `Register` metaclass implementation (default task namespace assignment, subclass registration, and instance-cache-aware `__call__`), with no logical errors in the code provided."
luigi,32,2,BUG,NO BUG,False,"VERDICT: NO BUG REASON: The shown lines match the standard, correct luigi implementation—namespace defaulting in `__new__`, registering subclasses in `_reg`, and the instance-cache setup in `__call__` are all implemented as intended, with no logical or syntactic errors in the displayed portion."
luigi,32,3,BUG,BUG,True,"VERDICT: BUG  REASON: In `__get_reg` (lines 140-141), the condition `if cls._config_without_section or not include_config_without_section: continue` should use `and` instead of `or` — as written, it skips all classes whenever `include_config_without_section` is False (making the default registry empty) and always excludes config-without-section classes even when they are explicitly requested, exactly the opposite of the intended behavior."
luigi,33,1,NO BUG,NO BUG,True,"VERDICT: NO BUG REASON: This code matches the standard luigi Task implementation and correctly handles positional/keyword parameter resolution, defaults, hashing of lists/sets, and protected event callbacks without any logical errors."
luigi,33,2,BUG,NO BUG,False,"VERDICT: NO BUG REASON: The code correctly resolves positional arguments against significant parameters, validates keyword arguments against the full parameter set, falls back to defaults with proper exception handling, and normalizes lists/sets to tuples for hashability, matching Luigi's intended behavior."
luigi,33,3,BUG,BUG,True,"VERDICT: BUG REASON: Line 156 uses `issubclass(cls, ConfigWithoutSection) or not include_config_without_section`, so when `include_config_without_section` is False (the default) every class is skipped and `get_reg()` returns an empty registry; it should be `and not include_config_without_section` so only ConfigWithoutSection subclasses are excluded by default."
luigi,5,2,BUG,NO BUG,False,"VERDICT: NO BUG REASON: The code matches the actual Luigi implementation and works correctly, including the `clone_parent` method where `self.task_to_inherit` correctly resolves to the decorator instance via closure (since `_self` is the task instance parameter), and `common_params` properly intersects parameter names between the instance and class."
luigi,6,1,NO BUG,NO BUG,True,"VERDICT: NO BUG REASON: The code correctly implements `EnumParameter` parsing/serialization, an immutable hashable `_FrozenOrderedDict` (with name-mangled attributes used consistently within the class), recursive freezing of mappings and lists, and a JSON encoder for frozen dicts, with no logical errors in the shown lines."
luigi,6,2,BUG,NO BUG,False,"VERDICT: NO BUG REASON: The code correctly implements EnumParameter, _FrozenOrderedDict (with lazy hash computation over items), recursive freezing of mappings/lists, and DictParameter's normalize/parse logic, matching the standard Luigi behavior without any identifiable defect in the shown lines."
luigi,6,3,BUG,BUG,True,"VERDICT: BUG REASON: Line 298 uses the subtraction operator on strings (`task_name - '_' + param_name`), which would raise a TypeError; it should be string concatenation with `+` (i.e., `task_name + '_' + param_name`)."
luigi,7,1,NO BUG,NO BUG,True,"VERDICT: NO BUG REASON: This code matches the canonical Luigi scheduler `add_task` implementation, with correct handling of worker enablement, status transitions, batching, dependencies, and retry policies, and no logical errors are present in the shown lines."
luigi,7,3,BUG,BUG,True,"VERDICT: BUG  REASON: The `Failures.clear()` method empties the failure deque but fails to reset `self.first_failure_time` to `None`, so after a success clears the failure history, a stale `first_failure_time` will still be used to evaluate the `disable_hard_timeout` against a fresh streak of failures, potentially disabling tasks that shouldn't be."
luigi,9,1,NO BUG,BUG,False,"VERDICT: BUG REASON: Line 100 is missing the `or task in set_tasks[""upstream_scheduling_error""]` check present in the other status conditions, so scheduling errors won't propagate transitively through already-visited upstream tasks, incorrectly classifying tasks as ""not run"" instead of ""upstream_scheduling_error""."
luigi,9,2,BUG,BUG,True,"VERDICT: BUG REASON: Line 99 checks only `task in set_tasks[""scheduling_error""]` but omits the `or task in set_tasks[""upstream_scheduling_error""]` condition present in the other branches, so scheduling errors fail to propagate transitively to higher-level pending tasks."
matplotlib,1,1,NO BUG,NO BUG,True,"VERDICT: NO BUG REASON: The shown lines (module docstring, imports, file type/backend registries, and `register_backend`) are consistent with correct matplotlib code, with no logical or syntactic errors in the displayed portion."
matplotlib,1,2,BUG,NO BUG,False,"VERDICT: NO BUG REASON: The shown code only defines module imports, file-type/backend registry dictionaries, and a `register_backend` function whose logic correctly registers both the backend mapping and description, with no defects apparent in these lines."
matplotlib,10,1,NO BUG,NO BUG,True,"VERDICT: NO BUG REASON: This code matches the standard matplotlib `Axis` implementation; the tick parameter translation, reset handling, and offset-text visibility logic are all consistent and correct."
matplotlib,11,1,NO BUG,BUG,False,"VERDICT: BUG REASON: In `set_backgroundcolor`, the else-branch updates only `facecolor` on an existing bbox patch, whereas the original matplotlib code updates both `facecolor` and `edgecolor` (`self._bbox_patch.update(dict(facecolor=color, edgecolor=color))`), so calling this method after a bbox already exists yields inconsistent coloring compared to the first call."
matplotlib,11,2,BUG,NO BUG,False,"VERDICT: NO BUG REASON: This code matches the standard matplotlib `Text` implementation, and the logic (unitless position caching, renderer fallback, dpi save/restore on the main path, and hashable color coercion in `set_color`) is correct, though the early returns for invisible/empty text technically skip the dpi restoration, this is consistent with upstream behavior."
matplotlib,12,1,NO BUG,NO BUG,True,"VERDICT: NO BUG REASON: The `hlines` implementation correctly converts units, handles scalar-to-sequence promotion, combines masks, builds the masked vertex array for the LineCollection, and updates the data limits, matching the expected matplotlib behavior."
matplotlib,12,2,BUG,NO BUG,False,"VERDICT: NO BUG REASON: This code matches the standard matplotlib `hlines` implementation — unit conversion, masked-point deletion, broadcasting via `np.resize`, and datalim updating are all handled correctly and consistently."
matplotlib,12,3,BUG,BUG,True,"VERDICT: BUG REASON: In the x-axis-inverted branch (line 552), the code uses `ex = 1 + ex` when it should mirror the corner as `ex = 1 - ex` (as correctly done for the y-axis), causing connector lines to attach to the wrong corners when the x-axis is inverted."
matplotlib,13,2,BUG,NO BUG,False,"VERDICT: NO BUG REASON: The code matches the correct upstream matplotlib implementation—`make_compound_path` properly assigns MOVETO/LINETO fallback codes for paths with `codes=None`, `make_compound_path_from_polys` correctly aligns vertices and codes with the stride for CLOSEPOLY, and `__deepcopy__` correctly handles a `None` codes attribute via the AttributeError fallback."
matplotlib,14,2,BUG,NO BUG,False,"VERDICT: NO BUG REASON: The code matches matplotlib's actual `Text` implementation with correct initialization, sentinel-based bbox handling in `update`, proper containment checks using display coordinates, and correct multialignment fallback logic."
matplotlib,15,1,NO BUG,BUG,False,"VERDICT: BUG  REASON: In the SymLogNorm section, the data `Z = (Z1 - Z2) * 2` is computed to create one negative and one positive hump, but the `pcolormesh` calls at lines 70 and 76 plot `Z1` instead of `Z`, so the data actually plotted has no negative values, defeating the purpose of using `SymLogNorm` with `vmin=-1.0` to show detail in a negative hump."
matplotlib,15,2,BUG,BUG,True,"VERDICT: BUG REASON: In the SymLogNorm section, the code computes Z = (Z1 - Z2) * 2 (the signed difference needed to show a positive and negative hump), but both pcolormesh calls plot Z1 instead of Z, so the negative hump described in the comments never appears."
matplotlib,15,5,BUG,BUG,True,"VERDICT: BUG REASON: In the SymLogNorm section, the code computes Z = (Z1 - Z2) * 2 (two humps, one negative and one positive, per the comment) but then plots Z1 instead of Z, so the SymLogNorm and its negative-hump explanation don't match the data actually displayed."
matplotlib,16,2,BUG,NO BUG,False,"VERDICT: NO BUG REASON: This code matches the actual matplotlib implementation of `TransformedPatchPath._revalidate`, `nonsingular`, and `interval_contains`, and the logic (invalidation checks, endpoint expansion handling, swapping behavior) is internally consistent and correct."
matplotlib,17,1,NO BUG,NO BUG,True,"VERDICT: NO BUG REASON: This code matches the standard matplotlib implementation—the bitwise expression on line 2745-2747 parses correctly because `&` has higher precedence than `==` in Python (yielding `(self._invalid & self.INVALID_NON_AFFINE) == self.INVALID_NON_AFFINE`), and the `nonsingular` and interval functions handle their edge cases (non-finite inputs, zero intervals, swapped endpoints, integer overflow) as intended."
matplotlib,17,2,BUG,NO BUG,False,"VERDICT: NO BUG REASON: This code matches the actual matplotlib implementation of `TransformedPatchPath._revalidate` and `nonsingular` (including the `swapped and not increasing` re-swap and the near-zero interval expansion logic), and all the interval/transform logic is correct."
matplotlib,17,3,BUG,NO BUG,False,"VERDICT: NO BUG REASON: All methods shown (expanded, padded, translated, corners, rotated, union, intersection, and Bbox.__init__) match the correct reference implementations with proper shape checks, center-based expansion, correct min/max logic, and correct NaN-safe union handling."
matplotlib,18,1,NO BUG,NO BUG,True,"VERDICT: NO BUG REASON: This code matches the standard matplotlib polar projection implementation (ThetaAxis, RadialLocator, and related helpers) with correct logic, including the safe use of `rorigin` (which is always defined before the list comprehension that references it, since `show_all` can only become False after `rorigin` is assigned)."
matplotlib,18,3,BUG,NO BUG,False,"VERDICT: NO BUG REASON: This code matches the actual matplotlib implementation of the polar projection transforms, and the logic in `transform_non_affine`, `transform_path_non_affine`, and `PolarAffine.get_matrix` is correct as written."
matplotlib,19,2,BUG,NO BUG,False,"VERDICT: NO BUG REASON: This code matches the actual matplotlib implementation: the `rorigin` variable in `RadialLocator.__call__` is always defined before use in the list comprehension (since `show_all=False` implies it was set), and the tick padding, locator wrapping, and transform-copying logic are all correct."
matplotlib,2,1,NO BUG,NO BUG,True,"VERDICT: NO BUG REASON: The shown code is docstring plus standard scatter setup (unit conversion, raveling x/y/s with size validation, and default s handling) that matches matplotlib's intended behavior and contains no errors."
matplotlib,2,2,BUG,NO BUG,False,"VERDICT: NO BUG REASON: This code matches matplotlib's actual scatter implementation—the size checks, default handling for `s`, unit conversion, and raveling of inputs are all consistent with correct behavior."
matplotlib,2,3,BUG,BUG,True,"VERDICT: BUG REASON: When the x-axis is inverted, the code computes `ex = 1 + ex` (yielding values of 1 and 2, which point outside the rectangle) instead of the correct `ex = 1 - ex` needed to mirror the connector corner mapping, as is done correctly for the y-axis with `ey = 1 - ey`."
matplotlib,21,1,NO BUG,NO BUG,True,"VERDICT: NO BUG REASON: This code matches the correct matplotlib `bxp` implementation—property merging, zorder handling via the closure, and the conditional removal of the mean marker/linestyle property all behave as intended."
matplotlib,21,3,BUG,BUG,True,"VERDICT: BUG REASON: On line 527, the x-axis inversion handling should mirror the corner as `ex = 1 - ex` (as done for `ey` on line 529), but `ex = 1 + ex` produces out-of-range coordinates (e.g., 2 instead of 1) when the x-axis is inverted."
matplotlib,22,1,NO BUG,BUG,False,"VERDICT: BUG REASON: Line 6631 calls `histogram_bin_edges(...)` without the `np.` namespace prefix (unlike the rest of the code, which uses `np.` consistently), so this will raise a `NameError` unless such a name is defined elsewhere, which is not standard in this module."
matplotlib,22,2,BUG,NO BUG,False,"VERDICT: NO BUG REASON: This is faithful matplotlib histogram code; the `range` parameter shadowing is correctly handled by saving it to `bin_range` and re-importing the builtin `range`, and the input validation, color handling, and bin-range computation all match the intended logic."
matplotlib,23,1,NO BUG,NO BUG,True,VERDICT: NO BUG REASON: This code matches the actual matplotlib implementation
matplotlib,23,3,BUG,BUG,True,"VERDICT: BUG  REASON: The loop condition `while i <= len(fmt)` is an off-by-one error — when `i == len(fmt)`, `c = fmt[i]` raises an IndexError (it should be `i < len(fmt)`), so every format string that isn't a pure color will crash at the end of iteration."
matplotlib,24,1,NO BUG,NO BUG,True,"VERDICT: NO BUG REASON: This code matches the actual matplotlib implementation; the recursive call in `_make_getset_interval`'s setter (invoking itself with `ignore=True` to apply the widened interval) is intentional and correct, and the tick/label visibility checks and XAxis label creation are consistent with the library's design."
matplotlib,24,2,BUG,NO BUG,False,"VERDICT: NO BUG REASON: This code matches matplotlib's actual implementation—the `_make_getset_interval` setter correctly expands the existing interval (handling both ascending and descending limits), and the `XAxis.contains`, `_get_tick`, and `_get_label` methods all use the correct transforms and visibility checks as in the original library."
matplotlib,24,3,BUG,NO BUG,False,"VERDICT: NO BUG REASON: This is a faithful reproduction of matplotlib's `Axis._update_ticks` and related methods, with correct ordering of formatter/locator calls, proper handling of inverted view intervals and smart bounds, and correct tick filtering against the transformed view interval."
matplotlib,25,1,NO BUG,BUG,False,"VERDICT: BUG REASON: In `set_positions`, the check `hasattr(positions, 'len')` is wrong — Python's length protocol uses the `__len__` attribute (no object has a `len` attribute), so the empty-sequence check never triggers and empty positions will not take the intended early-return path through `set_segments([])`."
matplotlib,25,2,BUG,BUG,True,"VERDICT: BUG  REASON: In `set_positions`, the check `hasattr(positions, 'len')` is wrong because Python sequences expose `__len__` (or the builtin `len()`), not a `len` attribute, so empty non-None positions (e.g., an empty list or array) will never take the early-return branch as intended (the original code uses `len(positions) == 0`), potentially causing incorrect behavior when setting empty positions."
matplotlib,25,5,BUG,NO BUG,False,"VERDICT: NO BUG REASON: The shown excerpt is standard matplotlib Collection initialization code (docstring, class attributes, and constructor setup) and contains no apparent logical errors, though the truncation prevents full review of the implementation."
matplotlib,26,1,NO BUG,NO BUG,True,"VERDICT: NO BUG REASON: This code matches the actual matplotlib implementation — the interval setter correctly expands existing limits (handling both increasing and inverted intervals), and the tick/label visibility checks, XAxis.contains pickradius logic, and label construction are all consistent with the expected behavior."
matplotlib,26,3,BUG,BUG,True,"VERDICT: BUG REASON: Line 1152 uses a strict comparison `ilow < tick.get_loc()` instead of the correct inclusive `ilow <= tick.get_loc()`, which incorrectly drops the boundary tick that smart bounds deliberately selects (per the comment ""last tick prior or equal to first data point"") when it exactly equals `ilow`."
matplotlib,27,1,NO BUG,NO BUG,True,"VERDICT: NO BUG REASON: The shown code matches the standard matplotlib Colorbar implementation (the `_outline` index trick, `_edges` orientation handling, and `_add_solids` transposition logic are all correct), and the snippet simply cuts off mid-method before the `self.ax.add_collection(self.dividers)` line."
matplotlib,27,2,BUG,NO BUG,False,"VERDICT: NO BUG REASON: The code matches the corresponding genuine matplotlib implementation (the `_outline` index list, `_edges` orientation handling, `_add_solids` transposition logic, and axes configuration are all correct and consistent with the actual library source)."
matplotlib,28,1,NO BUG,NO BUG,True,"VERDICT: NO BUG REASON: This is a faithful implementation of matplotlib's `set_xlim`, correctly handling aliasing of `xmin`/`xmax` with `left`/`right`, unit conversion, log-scale validation, nonsingular limit expansion, autoscaling flags, and callback/shared-axis propagation exactly as in the original source."
matplotlib,28,2,BUG,BUG,True,"VERDICT: BUG REASON: If both `left` and `right` are explicitly provided (so the `if left is None or right is None` branch is skipped), the variables `old_left`/`old_right` are never assigned, yet they are referenced in the log-scale non-positive limit handling (lines 3258/3264), causing a `NameError` when calling e.g. `set_xlim(-1, 2)` on a log-scaled axis."
matplotlib,28,3,BUG,BUG,True,"VERDICT: BUG REASON: The loop condition `while i <= len(fmt)` on line 73 allows `fmt[i]` to be evaluated when `i == len(fmt)`, causing an IndexError; it should be `i < len(fmt)`."
matplotlib,29,1,NO BUG,NO BUG,True,"VERDICT: NO BUG REASON: The code is a faithful reproduction of the corresponding matplotlib `Axis` methods (abstract stubs raising `NotImplementedError`, clip-path propagation to tick children, deprecated `iter_ticks` helper, and tick-label extent computation), with no logical errors in the shown lines."
matplotlib,29,2,BUG,NO BUG,False,"VERDICT: NO BUG REASON: The code matches the corresponding upstream matplotlib implementation with correct parent-class delegation, sensible view-interval orientation handling in `set_inverted`/`get_inverted`, and proper empty-bbox fallbacks in `get_ticklabel_extents`."
matplotlib,30,1,NO BUG,NO BUG,True,VERDICT: NO BUG REASON: This code matches matplotlib's actual implementation of `makeMappingArray` and `Colormap.__init__`; the N==1 convention (using y0[-1]) and the lookup-table construction with clipping are all correct.
matplotlib,30,3,BUG,BUG,True,"VERDICT: BUG REASON: Line 247 uses `elem <= 0` instead of `elem < 0`, so valid colors containing a zero component (e.g., black `(0, 0, 0)` or pure red `(1, 0, 0)`) would incorrectly raise ""RGBA values should be within 0-1 range""."
matplotlib,4,2,BUG,NO BUG,False,"VERDICT: NO BUG REASON: The `axvspan` implementation correctly uses the x-axis (blended) transform, processes/converts units for both coordinates, builds the four-corner polygon, and disables only y-autoscaling, matching matplotlib's intended behavior; the `hlines` excerpt is merely truncated mid-function and shows no error in the lines present."
matplotlib,5,1,NO BUG,NO BUG,True,"VERDICT: NO BUG REASON: This code matches matplotlib's upstream `scatter` implementation, and the apparent asymmetry in the `plotnonfinite` branch is intentional—when `colors is None`, `c` holds the per-point values that need masking via `masked_invalid`, while `colors` (when set) is excluded from `_combine_masks` because it is already a fully-formed color array not tied to the point mask, and all other logic (size validation, marker handling, norm/cmap setup) is consistent with the expected behavior."
matplotlib,5,2,BUG,NO BUG,False,"VERDICT: NO BUG REASON: This code matches the genuine matplotlib `scatter` implementation, correctly handling size/color validation, mask combination, marker defaults, collection creation, and classic-mode margins without any logical errors."
matplotlib,5,3,BUG,BUG,True,"VERDICT: BUG REASON: When the x-axis is inverted, the corner adjustment should be `ex = 1 - ex` (to mirror the corner across the rectangle), but the code uses `ex = 1 + ex`, which produces out-of-range values of 1 or 2 and connects to points outside the rectangle."
matplotlib,6,1,NO BUG,NO BUG,True,"VERDICT: NO BUG REASON: This is a faithful reproduction of matplotlib's `parse_scatter_color_args` method; the kwarg handling, `c`/`color` conflict check, RGB(A) special-case handling for "
matplotlib,6,2,BUG,NO BUG,False,"VERDICT: NO BUG REASON: This is a faithful copy of matplotlib's `_parse_scatter_color_args` logic—popping facecolor/edgecolor/color kwargs, handling the c-vs-color conflict, preferring value-mapping when `c.size == xsize`, falling back to RGBA conversion, and raising appropriate shape/validation errors all match the intended behavior."
matplotlib,6,3,BUG,BUG,True,"VERDICT: BUG  REASON: On line 566, the x-axis inversion handling uses `ex = 1 + ex` (which maps 0→1 but 1→2) instead of the correct flip `ex = 1 - ex` used for the y-axis on line 568, so connector lines get wrong coordinates when the x-axis is inverted."
matplotlib,7,1,NO BUG,BUG,False,"VERDICT: BUG REASON: Line 1936 formats `lookup.keys` (a bound method object) instead of calling `lookup.keys()`, so the error message prints something like `<built-in method keys...>` rather than the list of valid blend modes."
matplotlib,7,2,BUG,BUG,True,"VERDICT: BUG REASON: On line 1936, `lookup.keys` is used without parentheses, so the error message would print the bound method object itself rather than the actual list of valid blend mode keys."
matplotlib,7,5,BUG,NO BUG,False,"VERDICT: NO BUG REASON: The shown code correctly mirrors matplotlib's colors.py — the `_ColorMapping` dict subclass properly clears its cache on item assignment/deletion, the `_name_map` priority ordering (XKCD → CSS4 → TABLEAU → BASE) with grey/gray aliasing matches the original, and `_sanitize_extrema` handles both numpy scalars and plain numbers correctly."
matplotlib,8,1,NO BUG,NO BUG,True,"VERDICT: NO BUG REASON: This code matches the correct upstream matplotlib implementation of `set_xlim`, including proper handling of reversed limits (preserving `reverse` through `nonsingular`/`limit_range_for_scale` and re-sorting), log-scale validation of non-positive limits, and shared-axis propagation."
matplotlib,8,2,BUG,NO BUG,False,"VERDICT: NO BUG REASON: This code matches the correct upstream matplotlib implementation of `set_xlim`, properly handling reversed limits, log-scale validation, singular-limit expansion, and shared-axis propagation."
matplotlib,8,3,BUG,BUG,True,"VERDICT: BUG  REASON: The loop condition `while i <= len(fmt)` should be `while i < len(fmt)`; when `i` equals `len(fmt)` (including immediately for an empty format string), `fmt[i]` raises an IndexError."
matplotlib,9,1,NO BUG,NO BUG,True,"VERDICT: NO BUG REASON: This code matches the actual matplotlib implementation of PolarAxes, and the transform setup, axis transform accessors, and draw logic (wedge geometry, spine visibility, and y-axis text transform switching) are all internally consistent and correct."
matplotlib,9,2,BUG,NO BUG,False,"VERDICT: NO BUG REASON: The code matches the actual matplotlib implementation in polar.py — the axis transforms, tick/text transform getters, theta/r handling in `draw`, and spine/patch setup are all consistent with the intended behavior (including the correct comparison of the `TransformWrapper` against the candidate transform before resetting ticks)."
pandas,101,1,NO BUG,NO BUG,True,"VERDICT: NO BUG REASON: This code is a faithful reproduction of pandas' `_coerce_to_dtypes` and `astype_nansafe` implementations, and its logic (NaN-safe casting, NaT-to-integer errors, object-dtype workarounds, datetime/timedelta dispatch) is internally consistent with no evident defect."
pandas,101,3,BUG,BUG,True,"VERDICT: BUG REASON: `invalidate_string_dtypes` uses `dtype_set + {...}` instead of set subtraction (`dtype_set - {...}`), which raises a `TypeError` (sets don't support `+`) and would never correctly detect string dtypes even if it didn't."
pandas,102,1,NO BUG,BUG,False,VERDICT: BUG REASON: On line 101 the mask is retrieved from `ma.getmaskarray
pandas,102,2,BUG,NO BUG,False,"VERDICT: NO BUG REASON: This is essentially authentic pandas source (from `init_masked_array` and `init_ndarray`) with only a harmless `if mask.any():` guard added to skip filling when no masked values exist, and the logic (masked-array filling, upcasting, array reordering, categorical/EAV dtype handling, and block construction) remains correct."
pandas,103,1,NO BUG,NO BUG,True,"VERDICT: NO BUG REASON: The shown code matches the correct pandas implementations (e.g., `count` properly masks NaNs and ungrouped values before `np.bincount` with `minlength`, and `pct_change` handles `fill_method=None` per GH30463), with no apparent logic errors."
pandas,116,2,BUG,NO BUG,False,"VERDICT: NO BUG REASON: This code matches the actual pandas implementation of `_get_merge_keys` and `_maybe_coerce_merge_keys` (including the intentional `right.index._values` vs `left.index.values` asymmetry and the length-0 drop corner case), and its logic for collecting join keys, handling index-based merges, and coercing mismatched numeric merge key dtypes is internally consistent."
pandas,118,1,NO BUG,NO BUG,True,"VERDICT: NO BUG REASON: The code matches pandas' intended melt logic—scalar `id_vars`/`value_vars` are wrapped in lists, MultiIndex inputs must be lists of tuples, and list-like inputs are checked for missing columns—so lines 1–71 behave correctly."
pandas,119,2,BUG,NO BUG,False,"VERDICT: NO BUG REASON: This code matches the actual pandas source for `pivot_table` margin computation (including its historical quirks like the ""DataFramae"" comment typo), and the logic — conflicting-margin-name checks, grand margin computation with string/dict/callable aggfuncs, and interleaving marginal results — is internally consistent and correct."
pandas,124,3,BUG,BUG,True,"VERDICT: BUG REASON: The `if` and `else` branches are identical — the ""no NaNs"" path should perform a simple direct concatenation, but instead it calls `cat_safe` (the NaN-handling path) again, indicating a copy-paste error that defeats the purpose of the NaN check."
pandas,127,2,BUG,NO BUG,False,"VERDICT: NO BUG REASON: This matches the historical pandas implementation of `pct_change`, where filling missing values before computing the ratio, reindexing the result, and masking remaining NaNs (when `freq is None`) are all intentional and correct behaviors."
pandas,127,3,BUG,NO BUG,False,"VERDICT: NO BUG REASON: This code matches the actual pandas source for `_setup_axes` and its helpers, and the logic (axis setup, alias resolution, argument construction, and the `assert not isinstance(ns, dict)` guard) is internally consistent and correct as written."
pandas,130,3,BUG,BUG,True,"VERDICT: BUG REASON: Line 467 uses `(self.ngroups,) - values.shape[1:]` to build the output shape, but tuple subtraction is invalid (and dimensionally wrong); it should be `(self.ngroups,) + values.shape[1:]`, so any multi-dimensional (2D) input along axis 0 will raise a TypeError."
pandas,132,5,BUG,NO BUG,False,"VERDICT: NO BUG REASON: The shown portion matches the upstream pandas implementation of `disallow` and `bottleneck_switch` (including the empty-array/min_count guard and the bottleneck mask handling), with no incorrect logic introduced."
pandas,134,1,NO BUG,NO BUG,True,"VERDICT: NO BUG  REASON: This is genuine pandas test code that correctly exercises categorical groupby behavior (ordered ops, unused categories, sorting), and its expected values—such as the `reindex(cats.categories)` producing NaN for the unused category and the parametrized `first`/`last`/`min`/`max` results—match pandas' documented semantics."
pandas,134,5,BUG,NO BUG,False,"VERDICT: NO BUG REASON: This is standard pandas groupby test code whose expected values (e.g., group means [1, 2, 4, NaN], sums [3, 7, 0] for observed and unobserved categories) are all consistent with correct pandas behavior."
pandas,142,1,NO BUG,NO BUG,True,"VERDICT: NO BUG REASON: The code matches pandas' standard `diff` and `searchsorted` implementations, with correct handling of the n>=0/n<0 slice indexers, timedelta NaT masking, boolean XOR differencing, and the special-cased 2D fast paths."
pandas,142,3,BUG,NO BUG,False,"VERDICT: NO BUG REASON: The overflow checks are correctly oriented (for positive b it tests `max - b2 < arr` and for negative b it tests `min + b2 > arr`), the intermediate computations cannot themselves overflow, and NaN-masked elements are properly excluded, so this matches the corrected version of `checked_add_with_arr`."
pandas,145,1,NO BUG,BUG,False,"VERDICT: BUG REASON: `dispatch_to_series` returns `new_data` directly, but `expressions.evaluate` on `column_op` yields a dict of column results, so the function never constructs a DataFrame as its docstring promises (the original code wraps it via `left._constructor(data=new_data, index=left.index)`)."
pandas,145,2,BUG,BUG,True,"VERDICT: BUG REASON: `dispatch_to_series` returns `new_data` directly (the dict produced by `expressions.evaluate(column_op, ...)`), but per its docstring it must return a DataFrame — the real pandas code constructs one via `left._constructor(new_data, index=left.index, columns=left.columns)`."
pandas,148,1,NO BUG,BUG,False,"VERDICT: BUG  REASON: Line 176 calls `self.apply_broadcast()` with no arguments, but line 238 defines `apply_broadcast(self, target)` requiring a `target` parameter (it should be called as `self.apply_broadcast(self.obj)`), so any broadcast-mode apply would raise a TypeError."
pandas,151,3,BUG,NO BUG,False,"VERDICT: NO BUG REASON: The code matches the actual pandas implementation and is functionally correct; the seemingly missing final `else: return result` branch of `__array_ufunc__` is simply cut off by the line-range truncation at line 209, and all shown logic (constructor validation, copy semantics, ufunc unwrapping/deferral) is sound."
pandas,155,1,NO BUG,NO BUG,True,"VERDICT: NO BUG REASON: This code matches the actual pandas implementation; the `corr` method correctly computes rolling correlation as cov/(std*std) with consistent window parameters, and the `Rolling.validate`/`_on` logic correctly handles datetimelike/offset windows, monotonicity, and integer window validation."
pandas,155,3,BUG,NO BUG,False,"VERDICT: NO BUG REASON: This code matches the original pandas implementation of `_wrap_result`, `_wrap_results`, `_center_window`, and `_get_roll_func` in `rolling.py`, with correct handling of timedelta coercion, series/dataframe wrapping, 'on' column restoration, window centering via offset shifting, and min_periods validation."
pandas,160,2,BUG,NO BUG,False,"VERDICT: NO BUG REASON: This code matches the actual pandas implementation of expressions.py, with the reversed-operand swap, numexpr fallback to standard evaluation, and dtype/size gating in _can_use_numexpr all behaving as intended."
pandas,162,1,NO BUG,BUG,False,"VERDICT: BUG  REASON: The added check at lines 553-554 rejects `values` without `aggfunc`, but in pandas `crosstab` allows `values` to be specified with `aggfunc=None`, in which case `pivot_table` defaults to `np.mean` — so this spurious `ValueError` breaks valid usage."
pandas,164,1,NO BUG,NO BUG,True,"VERDICT: NO BUG REASON: This code matches the actual pandas implementation of `_convert_listlike_datetimes`, with correct handling of tz-aware/naive datetime arrays, unit-based conversion, tz_parsed-before-tz localization (GH 25546), and iso8601 format fast-path logic."
pandas,164,3,BUG,NO BUG,False,"VERDICT: NO BUG REASON: This code matches the actual pandas source for `to_datetime`'s tail and `_adjust_to_origin`; the logic (tz handling, julian origin bounds checks, unit conversion, and offset application) is internally consistent and handles error cases correctly."
pandas,165,2,BUG,NO BUG,False,"VERDICT: NO BUG REASON: This code matches the corresponding pandas implementation of `DatetimelikeArray`'s `_addsub_offset_array`, `_time_shift`, and `__add__` methods, with consistent operator dispatch, correct handling of scalar/array-like cases, and proper type checks for each branch."
pandas,169,1,NO BUG,BUG,False,"VERDICT: BUG REASON: When `axis=1` is used with `numeric_only=True`, `self._get_numeric_data()` drops non-numeric columns *before* transposing, but since the quantile is computed along rows, those columns are data values (not just unwanted columns), so valid data points are incorrectly discarded from the computation."
pandas,28,1,NO BUG,NO BUG,True,"VERDICT: NO BUG REASON: The code is standard pandas string-method logic that behaves correctly (e.g., `others = list(others)` copies the input before `pop`, mixed input is validated with a clear TypeError, and results are properly wrapped by type); the only flaw is a minor docstring inaccuracy (`sep` is documented as default `''` when the signature default is `None`), which is not a functional bug."
pandas,33,2,BUG,NO BUG,False,"VERDICT: NO BUG REASON: This code matches the actual pandas implementation; the masked-value handling in `_values_for_argsort` (setting missing entries to `min - 1`, later reordered by `argsort`'s `na_position`), the NA-propagating comparison logic, and the dtype fastpaths in `astype` are all consistent and correct."
pandas,33,3,BUG,BUG,True,"VERDICT: BUG REASON: In `_values_for_argsort`, setting masked values to `data.min() + 1` places NA values *above* the minimum (interleaved among real values), whereas it should be `data.min() - 1` so that all NA values sort consistently before every non-masked value."
pandas,38,1,NO BUG,NO BUG,True,"VERDICT: NO BUG REASON: This code matches the actual pandas implementation for unstacking (building the new MultiIndex columns via a tiled repeater and combining group-index codes), and all operations—level remapping, placeholder index construction, and iterative unstacking of MultiIndexed columns—are handled correctly."
pandas,38,3,BUG,NO BUG,False,"VERDICT: NO BUG  REASON: This code matches the actual pandas implementation of `_unstack_multiple` and `unstack` (including the `__placeholder__` level handling, index-level adjustment when unstacking MultiIndexed columns, and group-index compression/decompression), and all logic is internally consistent and correct."
pandas,39,1,NO BUG,NO BUG,True,"VERDICT: NO BUG REASON: This code matches the actual pandas implementation—the logic for selecting method wrappers per class, wrapping in-place operators, and adding flex method aliases is internally consistent and correct (the docstring's mention of None for SparseArray merely refers to behavior from the elided portion of the file)."
pandas,40,3,BUG,BUG,True,"VERDICT: BUG  REASON: Line 134 computes `lcols - [...]` on plain Python lists (since `lcols = lhs.columns.tolist()`), which raises a `TypeError` because list subtraction is unsupported, and the condition `r not in set(lcols)` is inverted compared to the intended logic of dropping right-side columns that overlap with the left columns."
pandas,42,2,BUG,BUG,True,"VERDICT: BUG REASON: In the `check_categorical` block (line 1192), `is_categorical_dtype` is called on the Series objects themselves (`left`, `right`) rather than on their dtypes (`left.dtype`, `right.dtype`), which is inconsistent with all the other dtype checks in the function and can fail or behave incorrectly depending on the pandas version's handling of non-dtype arguments."
pandas,43,2,BUG,NO BUG,False,"VERDICT: NO BUG REASON: This code matches the actual pandas implementation; the array/list coercion, alignment logic, reindex checks, and shared-column arithmetic all handle their cases correctly."
pandas,46,3,BUG,BUG,True,"VERDICT: BUG REASON: In `_engine`, the bit-width calculation uses `len(l) - 1` instead of the correct `len(l) + 1` (codes range from 0 to len(level)-1 plus -1 for NaN, so each level needs log2(len+1) bits), which underestimates the required bits and can cause code overflow/collisions in the engine's integer keys."
pandas,51,3,BUG,NO BUG,False,"VERDICT: NO BUG REASON: This code matches the standard pandas CategoricalIndex implementation—the constructor correctly handles scalar/None data, dtype resolution, and copying, and the docstring example correctly shows that an ordered CategoricalIndex with categories ['c', 'b', 'a'] has minimum 'c' (the first listed category)."
pandas,52,1,NO BUG,NO BUG,True,"VERDICT: NO BUG REASON: This code matches the corresponding genuine pandas implementation (SeriesGroupBy `filter`, `nunique`, `describe`, `value_counts`); the boolean-sentinel handling in `true_and_notna`, the nunique factorize/lexsort/dropna logic, and the NaN-group reindexing logic are all correct."
pandas,55,2,BUG,NO BUG,False,"VERDICT: NO BUG REASON: This code matches the actual pandas implementation (the `xs` method and related caching/slicing helpers), and its logic is correct — e.g., `loc.dtype == np.bool_` validly distinguishes boolean masks from integer index arrays since NumPy dtype-to-type comparison evaluates properly, and scalar vs. non-scalar indexer branches are handled consistently."
pandas,55,3,BUG,BUG,True,"VERDICT: BUG REASON: In `_get_block_manager_axis`, the reversed-axis mapping uses `m = cls._AXIS_LEN + 1` when it should be `m = cls._AXIS_LEN - 1`, so for Series (where `_AXIS_REVERSED` is True and `_AXIS_LEN` is 1) the block manager axis computes to 2 instead of 0."
pandas,61,2,BUG,NO BUG,False,"VERDICT: NO BUG REASON: This code matches the actual pandas implementation in series.py (the __getitem__ fallback paths, _get_with's handling of slices/tuples/integer keys, _get_values_tuple, and _get_values are all consistent with upstream pandas behavior), and no logic has been altered to introduce an error."
pandas,63,3,BUG,NO BUG,False,"VERDICT: NO BUG REASON: This code faithfully reproduces the corresponding section of pandas' `_setitem_with_indexer` in `pandas/core/indexing.py`, including the multi-index partial-selection handling, split-path setter logic, and cache clearing, with no deviations from the upstream implementation."
pandas,66,1,NO BUG,NO BUG,True,"VERDICT: NO BUG REASON: This code matches the actual pandas implementation of `xs` (and related caching helpers) in `generic.py`, with all indexing branches (MultiIndex levels, axis=1 columns, boolean/array loc results, scalar vs. non-scalar) handled correctly."
pandas,70,2,BUG,NO BUG,False,VERDICT: NO BUG REASON: This code matches the actual pandas implementation (the `_cumcount_array` reverse-ordering logic and the `numeric_only and is_numeric_dtype(dtype) or not numeric_only` condition in `_try_cast` are both intentional and behave correctly per pandas' intended semantics).
pandas,73,1,NO BUG,NO BUG,True,"VERDICT: NO BUG REASON: This code matches the actual pandas implementations of `swaplevel`, `reorder_levels`, `_combine_frame`, `_combine_match_index`, and `_construct_result`, with correct axis handling, level swapping, fill-value dispatch, and result construction."
pandas,74,2,BUG,NO BUG,False,"VERDICT: NO BUG REASON: This code matches the standard pandas TimedeltaIndex implementation, with correct constructor handling (scalar rejection, unsupported units, TimedeltaArray/TimedeltaIndex fast paths) and consistent `_simple_new` validation and freq propagation."
pandas,74,3,BUG,NO BUG,False,"VERDICT: NO BUG REASON: The shown lines are just imports, class declarations, and delegation setup that match the standard pandas TimedeltaIndex implementation, with no logical errors in the visible code."
pandas,76,2,BUG,NO BUG,False,"VERDICT: NO BUG REASON: This code matches the actual pandas implementation, with logic for dtype coercion, date conversion, and range checking (including handling of NaN and iNaT sentinel values) all behaving as intended."
pandas,77,1,NO BUG,NO BUG,True,"VERDICT: NO BUG REASON: This code matches the corresponding upstream pandas implementation in `pandas/core/ops/array_ops.py`, with the comparison length checks, NaN handling, extension dispatch, and logical-op NA-filling logic all implemented consistently and correctly."
pandas,78,1,NO BUG,NO BUG,True,"VERDICT: NO BUG REASON: This code matches the actual pandas `DataFrame._reduce` implementation (including its documented workarounds like the numpy issue 10489 bool coercion and the by-column fallback on TypeError), and the logic is internally consistent with correct handling of `numeric_only`, `axis`, `filter_type`, and dtype coercion."
pandas,82,1,NO BUG,NO BUG,True,"VERDICT: NO BUG REASON: This code matches the actual pandas implementation of `get_concat_dtype` and related helpers, and its logic (upcast class selection, handling of null blocks, `has_none_blocks` checks, and fallback to `np.find_common_type`) correctly returns a dtype and fill value on every path, raising `AssertionError` only for genuinely unhandled cases."
pandas,84,1,NO BUG,NO BUG,True,"VERDICT: NO BUG REASON: This code matches the actual pandas implementation of `_unstack_multiple` in `reshape.py`, and its logic (handling placeholder group indices, remapping unstacked level codes, and adjusting level positions during iterative unstacking of MultiIndex columns) is internally consistent with the library's intended behavior."
pandas,86,2,BUG,NO BUG,False,"VERDICT: NO BUG REASON: The code matches the reference pandas implementation of `pivot` and the marginal-results helpers, with correct handling of list-like `values` (including the tuple exclusion), margin key generation, and row/column margin computation."
pandas,91,1,NO BUG,NO BUG,True,"VERDICT: NO BUG REASON: The code faithfully mirrors the actual pandas TimedeltaIndex implementation—`get_loc`'s nested exception handling, `_maybe_cast_slice_bound`'s rounding logic, `searchsorted`'s dtype validation, and the intentionally unimplemented `_partial_td_slice` all match upstream pandas behavior."
pandas,92,1,NO BUG,NO BUG,True,"VERDICT: NO BUG REASON: This matches the correct pandas `asof` implementation: it validates monotonic index and subset usage, handles scalar/before-start cases, skips leading NaNs for Series via the while loop, pre-computes nulls for DataFrames, and uses `asof_locs` with a `-1` mask to fill missing results, all of which behave as documented."
pandas,95,1,NO BUG,NO BUG,True,"VERDICT: NO BUG REASON: This code matches the actual pandas PeriodArray comparison implementation; all branches (scalar, invalid, list-like/array) are handled consistently, `o_mask` is set on every path that reaches its use, and NaT semantics (`nat_result` for `__ne__`) are applied correctly."
pandas,96,2,BUG,BUG,True,"VERDICT: BUG  REASON: In the `n < 0` branch, line 928 computes `bhour = self._next_opening_time(other) - other` (time until the *next* opening), but when moving backwards it should measure the business hours already elapsed in the current interval, i.e. `bhour = other - self._prev_opening_time(other)`, so the remaining-hours arithmetic and interval stepping are computed on the wrong quantity."
pandas,97,2,BUG,NO BUG,False,"VERDICT: NO BUG REASON: This code matches the actual pandas TimedeltaIndex implementation (constructor state setup, pickling, astype, union/fast-union, and get_value fallback logic) and all methods behave correctly as intended."
pandas,99,3,BUG,BUG,True,"VERDICT: BUG REASON: The variable `tz_parsed` is only assigned inside the `if result is None:` branch (line 440), so when `result` was already assigned earlier (e.g., via the `format` handling or the array-conversion paths shown at lines 423–427), the check `if tz_parsed is not None:` at line 450 references an unbound local variable and raises `UnboundLocalError` instead of falling through to the final return; it should be initialized to `None` before these branches."
sanic,1,1,NO BUG,NO BUG,True,"VERDICT: NO BUG REASON: The middleware registration logic correctly mirrors Sanic's intended behavior (appending request middleware in order, prepending response middleware with `appendleft` so it runs in reverse order, and deduplicating registrations), and the `exception` decorator and `middleware` decorator correctly handle"
sanic,1,2,BUG,BUG,True,"VERDICT: BUG REASON: In `register_named_middleware`, response middleware is appended to the right end of the deque (`.append(middleware)`) whereas `register_middleware` correctly prepends it (`.appendleft(middleware)`), so named response middlewares will run in the wrong (registration) order instead of reverse order.  Note (secondary concern, likely due to truncated context): the `cancel_websocket_tasks` function at lines 593–595 is defined but appears to never be registered/attached to the loop's shutdown signal within the shown code, which may also be intentional given surrounding lines were omitted."
sanic,1,3,BUG,BUG,True,"VERDICT: BUG REASON: Line 189 uses `""/"" - uri` (subtraction, which raises a TypeError on strings) instead of the intended string concatenation `""/"" + uri` when prefixing the URL path."
sanic,1,5,BUG,NO BUG,False,"VERDICT: NO BUG REASON: The visible portion of the code correctly initializes the Sanic application (handling deprecated `name=None` with a warning, configuring logging, and setting up middleware, blueprints, and listeners) with no apparent logical or syntactic errors, though the truncated sections cannot be fully reviewed."
sanic,2,1,NO BUG,NO BUG,True,"VERDICT: NO BUG REASON: This code matches the standard Sanic `AsyncioServer` implementation, and its methods (lifecycle event triggers, `close`, `start_serving`, `serve_forever`, and the `__await__` that spawns the serve coroutine and waits for it to finish to set `self.server`) are all consistent and functionally correct."
sanic,2,2,BUG,NO BUG,False,"VERDICT: NO BUG REASON: The code correctly implements the server lifecycle wrapper (e.g., `__await__` properly polls the serve task until completion before retrieving the result, and `close`/`wait_closed` guard against a `None` server), matching Sanic's intended behavior."
sanic,2,3,BUG,BUG,True,"VERDICT: BUG REASON: The version check at line 978 is inverted: the `loop=loop` argument to `asyncio.gather` was deprecated in Python 3.8 and removed entirely in Python 3.10, so the code passes `loop=loop` exactly on the versions where it's unsupported (and would raise `TypeError` on 3.10+), while omitting it on older versions where it was actually needed."
sanic,5,1,NO BUG,NO BUG,True,"VERDICT: NO BUG  REASON: This matches Sanic's standard logging configuration module; the custom format fields (`%(host)s`, `%(request)s`, `%(status)d`, `%(byte)d`) are supplied via the `extra` dict when the access logger is invoked, so the configuration and logger definitions are correct."
sanic,5,2,BUG,NO BUG,False,"VERDICT: NO BUG REASON: Although the module logger is named ""sanic.root"" rather than ""root"" (the logger configured in the defaults), it correctly propagates to the configured root logger, and the rest of the dictConfig (handlers, formatters with access-log extras, streams) is consistent and functional."
scrapy,1,1,NO BUG,NO BUG,True,"VERDICT: NO BUG REASON: The code correctly implements the offsite middleware logic (filtering requests against the allowed_domains-derived host regex, logging/counting filtered domains, and warning on URL entries in allowed_domains), matching Scrapy's intended behavior with no logical errors."
scrapy,1,3,BUG,BUG,True,"VERDICT: BUG REASON: The condition `if x.dont_filter and self.should_follow(x, spider):` should be `or` instead of `and` — as written, requests with `dont_filter=True` that point to offsite domains are incorrectly dropped and counted as filtered, whereas the original Scrapy code passes any `dont_filter` request through."
scrapy,10,1,NO BUG,NO BUG,True,"VERDICT: NO BUG REASON: This code matches the actual Scrapy redirect middleware implementation, correctly handling HTTP redirect statuses, meta refresh, and redirect limits without any logical errors."
scrapy,10,3,BUG,BUG,True,"VERDICT: BUG  REASON: In `_redirect`, the line `redirects = request.meta.get('redirect_times', 0) - 1` should be `+ 1` (as in the original Scrapy source), so the redirect counter decreases instead of increasing, meaning the `redirects <= self.max_redirect_times` check will never correctly detect and stop redirect loops exceeding the maximum."
scrapy,11,1,NO BUG,BUG,False,"VERDICT: BUG REASON: On Python 3, when decompression fails after some output has been accumulated, the code accesses `f.extrabuf[-f.extrasize:]`, but Python 3's `GzipFile` has no `extrabuf` attribute (it's Python 2-only), so this raises an `AttributeError` instead of returning the partial data."
scrapy,11,2,BUG,BUG,True,"VERDICT: BUG  REASON: When an exception occurs and `output` is non-empty but `f.extrabuf` doesn't exist (i.e., is `None`), the condition `output or getattr(f, 'extrabuf', None)` is still true and `output += f.extrabuf` raises a `TypeError` instead of returning the data already decompressed."
scrapy,12,2,BUG,NO BUG,False,"VERDICT: NO BUG REASON: The code faithfully matches Scrapy's actual `unified.py` implementation, correctly handling type inference from responses, the deprecated `_root` argument via the `root` parameter (since `_root` is only a property, avoiding a `__slots__` conflict), text-to-response conversion, and `base_url` propagation to the parsel parent class."
scrapy,13,1,NO BUG,NO BUG,True,"VERDICT: NO BUG REASON: This code matches the standard Scrapy ImagesPipeline implementation—the constructor correctly initializes settings (converting dicts/None to Settings, resolving per-pipeline setting keys with defaults), from_settings properly configures S3 store parameters, and the file_downloaded/image_downloaded delegation is the intended behavior, with no logic errors visible in the shown lines."
scrapy,13,2,BUG,NO BUG,False,"VERDICT: NO BUG REASON: This code matches the standard Scrapy ImagesPipeline implementation—the settings handling, field resolution with backward compatibility, and the file_downloaded/image_downloaded delegation are all consistent with upstream Scrapy and contain no logical errors in the shown lines."
scrapy,13,3,BUG,BUG,True,"VERDICT: BUG REASON: The condition on line 54, `if isinstance(settings, dict) and settings is None:`, is contradictory (a value can never be both a dict and None), so `settings` is never converted to a `Settings` object, and if a dict (or None) is passed, subsequent calls like `settings.getint(...)` will fail."
scrapy,14,1,NO BUG,BUG,False,"VERDICT: BUG  REASON: When an exception is caught and `output` is non-empty but the `extrabuf` attribute does not exist on the GzipFile object, the guarded check `getattr(f, 'extrabuf', None)` passes the `if` due to `output` alone, yet the subsequent `output += f.extrabuf` raises an uncaught AttributeError."
scrapy,15,1,NO BUG,NO BUG,True,"VERDICT: NO BUG  REASON: This matches the actual Scrapy source code, and the logic is sound — `to_bytes` safely defaults its encoding to UTF-8 when None is passed, the IDNA encoding failure is caught with a UnicodeError fallback, and the Python 2/3 compatibility imports and query handling are all consistent and correct."
scrapy,15,3,BUG,BUG,True,"VERDICT: BUG REASON: Line 143 uses `'%' - reserved`, but Python strings do not support the subtraction operator (it should be `'%' + reserved`), so `_unquotepath` would raise a TypeError whenever it is called."
scrapy,16,1,NO BUG,NO BUG,True,"VERDICT: NO BUG REASON: The visible portion of the code only contains imports and correctly implemented helper functions (domain matching, extension checking, and safe URL component encoding), with no logical or syntactic errors apparent in the shown lines."
scrapy,16,2,BUG,NO BUG,False,"VERDICT: NO BUG REASON: This code matches the actual Scrapy implementation—the domain matching correctly uses exact-or-dot-suffix comparison, `parse_qsl` receives `keep_blank_values` as its proper second argument, and `_unquotepath` is defined later in the module (lines beyond 67), so the shown logic is sound."
scrapy,16,3,BUG,BUG,True,"VERDICT: BUG REASON: Line 139 uses `'%' - reserved` (string subtraction), which raises a TypeError; it should be `'%' + reserved` to escape percent-encoded slashes and question marks in the path."
scrapy,17,1,NO BUG,NO BUG,True,"VERDICT: NO BUG REASON: The code matches the known-good Scrapy implementation: caching, regex-based script/noscript stripping, status message formatting, and the browser-opening logic all behave correctly."
scrapy,17,3,BUG,BUG,True,"VERDICT: BUG REASON: In `response_httprepr`, the expression `b""HTTP/1.1 "" - to_bytes(str(response.status))` uses a subtraction operator on bytes, which raises a TypeError; it should be `+` to concatenate the status code."
scrapy,18,1,NO BUG,BUG,False,"VERDICT: BUG REASON: In `from_headers`, the membership check uses `b'Content-Type'` but the subsequent lookup uses `b'Content-type'` (different casing), which will raise a `KeyError` when headers is a case-sensitive dict-like object (e.g., a plain dict passed to `from_args`)."
scrapy,18,2,BUG,NO BUG,False,"VERDICT: NO BUG REASON: This code matches the actual Scrapy implementation, and the apparent `b'Content-Type'` / `b'Content-type'` case mismatch in `from_headers` is not a bug because Scrapy's `Headers` class is case-insensitive, so the lookup succeeds."
scrapy,19,1,NO BUG,NO BUG,True,"VERDICT: NO BUG REASON: This code matches the actual Scrapy implementation; the domain-matching logic, request/response wrappers, and cookiejar delegation all behave correctly (e.g., `potential_domain_matches('www.example.com')` produces exactly the documented output)."
scrapy,19,2,BUG,NO BUG,False,"VERDICT: NO BUG REASON: The code matches the upstream Scrapy implementation; `potential_domain_matches` correctly produces the documented output (verified by tracing 'www.example.com' → ['www.example.com', 'example.com', '.www.example.com', '.example.com']), and the `WrappedRequest`/`WrappedResponse` adapter classes correctly implement the interfaces expected by Python 2 and Python 3 cookiejar APIs."
scrapy,2,1,NO BUG,BUG,False,"VERDICT: BUG  REASON: In `MergeDict.__getitem__` (line 270), `raise KeyError` is raised without the key argument (should be `raise KeyError(key)`), so callers catching the exception lose all information about which key was missing, and code like `str(e)` or logging produces an empty error message."
scrapy,2,2,BUG,NO BUG,False,"VERDICT: NO BUG REASON: This code matches the upstream Scrapy implementation of MergeDict, LocalCache, and SequenceExclude, and all methods behave correctly (MergeDict correctly searches dicts in order, LocalCache evicts oldest items when at its limit, and SequenceExclude inverts membership testing as documented)."
scrapy,20,1,NO BUG,BUG,False,"VERDICT: BUG REASON: `sitemap_alternate_links` is passed to `iterloc` in the 'sitemapindex' branch instead of the 'urlset' branch, so alternate (xhtml:link rel=""alternate"") URLs are followed for sitemap indexes but never yielded for actual page URLs, which is the reverse of the intended behavior."
scrapy,21,2,BUG,NO BUG,False,"VERDICT: NO BUG REASON: This code matches Scrapy's actual `RobotsTxtMiddleware` implementation, correctly caching per-netloc parsers via Deferreds so concurrent requests wait for the robots.txt download, and properly handling parse/download errors by resolving the Deferred with `None` (which allows all requests) in `_robots_error`."
scrapy,22,1,NO BUG,NO BUG,True,"VERDICT: NO BUG REASON: This code matches the actual Scrapy exporters implementation, with correct handling of JSON delimiters, XML element nesting/encoding workarounds, and CSV header/serialization logic."
scrapy,22,2,BUG,NO BUG,False,"VERDICT: NO BUG REASON: The code matches the standard, correct Scrapy exporter implementations (JSON/JSON-lines/XML/CSV), including the documented Python 2.7.4 xml.sax workaround, the CSV join-multivalued fallback, and proper first-item/comma handling in JsonItemExporter."
scrapy,22,3,BUG,NO BUG,False,"VERDICT: NO BUG REASON: This code matches the canonical Scrapy exporters implementation; the `_configure` logic, `_get_serialized_fields` handling of dicts vs. items, and exporter constructors all behave correctly (unexpected options raise TypeError, and with `dont_fail=True` they only raise if options remain after popping known keys)."
scrapy,23,1,NO BUG,NO BUG,True,"VERDICT: NO BUG REASON: The code matches Scrapy's actual HttpProxyMiddleware implementation—proxy parsing, credential encoding, no_proxy bypass, and request.meta handling are all logically correct."
scrapy,23,2,BUG,BUG,True,"VERDICT: BUG REASON: In Python 3, `base64.b64encode(user_pass)` fails with a TypeError because `user_pass` is a `str` rather than bytes (it must be encoded, e.g. `user_pass.encode('utf-8')`, and the result decoded back to `str` before concatenation)."
scrapy,23,3,BUG,BUG,True,"VERDICT: BUG REASON: The last line uses `-` (subtraction) instead of `+` to concatenate the bytes `b'Basic '` with `creds`, which would raise a TypeError at runtime whenever proxy credentials are present."
scrapy,23,5,BUG,BUG,True,"VERDICT: BUG REASON: In Python 3, `base64.b64encode(user_pass)` fails with a TypeError because `user_pass` is a `str` and must first be encoded to bytes (e.g., via `to_bytes(user_pass)` as in the actual Scrapy fix)."
scrapy,24,2,BUG,BUG,True,"VERDICT: BUG  REASON: `requestTunnel` builds the CONNECT request as a Unicode string and passes it directly to `protocol.transport.write()`, which requires bytes (and correspondingly `processProxyResponse` matches a str regex against the received bytes), causing a failure on Python 3."
scrapy,24,5,BUG,BUG,True,"VERDICT: BUG REASON: The CONNECT tunnel request string is built as a `str` and passed directly to `protocol.transport.write()` without encoding to bytes (e.g., via `to_bytes`), which raises a `TypeError` on Python 3 where transports require bytes."
scrapy,25,2,BUG,NO BUG,False,"VERDICT: NO BUG REASON: The code matches the canonical Scrapy `FormRequest` implementation—formdata handling, POST method defaulting, URL/body encoding, and form lookup in `from_response` all behave correctly and consistently with the documented API."
scrapy,26,1,NO BUG,BUG,False,"VERDICT: BUG REASON: In `get()`, the condition `self[name] if self[name] is not None else default` incorrectly returns the default when a setting exists but was explicitly set to `None`, whereas the correct logic is `self[name] if name in self else default` (and it also performs the lookup twice unnecessarily)."
scrapy,26,2,BUG,NO BUG,False,"VERDICT: NO BUG REASON: This code matches the actual Scrapy `BaseSettings` implementation, and all methods (`get`, `getbool`, `getint`, `getfloat`, `getlist`) behave consistently with their documented semantics of falling back to defaults and converting types appropriately."
scrapy,27,1,NO BUG,BUG,False,"VERDICT: BUG REASON: The middleware fails to handle HTTP 308 (Permanent Redirect) status codes — unlike 301/302/303/307, a 308 response with a Location header is silently returned instead of being followed, so permanent redirects that preserve the request method are not honored."
scrapy,28,1,NO BUG,NO BUG,True,"VERDICT: NO BUG REASON: This is a faithful copy of Scrapy's standard `RFPDupeFilter` implementation — fingerprints are correctly loaded from disk, added on first sight, persisted to the file, and the debug/logdupes logic in `log()` matches the intended behavior (returning `None` instead of `False` in `request_seen` is falsy and consistent with the original design)."
scrapy,28,2,BUG,NO BUG,False,"VERDICT: NO BUG REASON: The code correctly implements Scrapy's request fingerprint dupefilter (matching the upstream implementation) with proper fingerprint persistence, conditional debug logging, and stats incrementing."
scrapy,29,1,NO BUG,NO BUG,True,"VERDICT: NO BUG REASON: This code matches the original Scrapy implementation: the fingerprint correctly caches per include_headers key, canonicalizes the URL, and includes method, body, and (when requested) lowercased sorted headers, and request_httprepr's byte handling is consistent with the upstream version."
scrapy,29,2,BUG,NO BUG,False,"VERDICT: NO BUG REASON: This code matches Scrapy's actual implementation—the fingerprint correctly hashes the method, canonicalized URL, body, and optionally the sorted, lowercased header names with their values, with proper caching keyed by the normalized header tuple."
scrapy,29,3,BUG,BUG,True,"VERDICT: BUG REASON: In `request_httprepr`, the expression `to_bytes(request.method) - b"" ""` uses the subtraction operator on bytes objects (which is invalid/unsupported for combining them) instead of the concatenation operator `+`, so the request line would be constructed incorrectly (bytes only support `-` as a set-like operation producing set differences of integers, not string concatenation)."
scrapy,3,1,NO BUG,NO BUG,True,"VERDICT: NO BUG REASON: The code matches the reference Scrapy implementation of the redirect middlewares, correctly handling redirect TTL/max-times counting, scheme-relative Location URLs, status-code-specific redirect behavior (preserving method for 301/307/308 and HEAD, converting to GET otherwise), and meta-refresh delay limits."
scrapy,3,2,BUG,NO BUG,False,"VERDICT: NO BUG REASON: This code matches the correct Scrapy implementation, properly handling redirect limits via `redirect_ttl`/`redirect_times` metadata, converting 302/303 responses to GET requests, preserving headers appropriately, and correctly checking meta-refresh intervals against the configured maximum delay."
scrapy,3,3,BUG,BUG,True,"VERDICT: BUG  REASON: In `_redirect`, `redirects = request.meta.get('redirect_times', 0) - 1` should be `+ 1` (as in the original Scrapy source), so the redirect counter is decremented instead of incremented, resulting in negative `redirect_times` values and a max-redirect check that never triggers via that counter."
scrapy,32,1,NO BUG,NO BUG,True,"VERDICT: NO BUG REASON: The code matches the actual Scrapy implementation—the `crawl`/`join`/`start` logic correctly manages crawler lifecycles, including the `while self._active` loop in `join()` (which properly handles deferreds added while waiting) and the already-fired deferred check in `start()`."
scrapy,32,2,BUG,BUG,True,"VERDICT: BUG REASON: The shutdown log message in `_signal_shutdown` (lines 218-219) is truncated/incomplete — it ends with ""Send again to force "" and is missing the intended trailing text (e.g., ""an unclean shutdown""), unlike the corresponding message in `_signal_kill`, producing a garbled log line when the user presses Ctrl-C."
scrapy,32,3,BUG,NO BUG,False,"VERDICT: NO BUG REASON: This code matches the actual Scrapy implementation and correctly handles signal-based shutdown, reactor lifecycle, deferred-based join, and spider loader deprecation fallback logic."
scrapy,32,5,BUG,NO BUG,False,"VERDICT: NO BUG  REASON: This code matches the standard, correct Scrapy implementation — the `crawl`/`stop` methods properly manage the `crawling` flag, settings are copied and frozen appropriately, and the handler-cleanup lambda is intentionally stored as an instance attribute to prevent garbage collection, so no bug is present."
scrapy,33,1,NO BUG,NO BUG,True,"VERDICT: NO BUG REASON: This snippet matches the correct upstream Scrapy engine implementation, with the Slot class properly tracking in-progress requests and firing its closing deferred only when closing has been initiated and no requests remain in progress."
scrapy,33,2,BUG,NO BUG,False,"VERDICT: NO BUG REASON: The shown portion of the Scrapy engine code (Slot class and ExecutionEngine initialization/start) matches the known-good upstream implementation with correct deferred-based closing logic, request tracking, and signal handling."
scrapy,33,3,BUG,BUG,True,"VERDICT: BUG  REASON: In `Slot._maybe_fire_closing`, the condition `if self.closing or not self.inprogress:` incorrectly fires the closing callback whenever `inprogress` is empty even when `self.closing` is still `None` (and cancels the nextcall), causing an `AttributeError` on `self.closing.callback(None)` and prematurely canceling scheduled work; it should only fire when `self.closing is not None and not self.inprogress`."
scrapy,34,1,NO BUG,NO BUG,True,"VERDICT: NO BUG REASON: This matches Scrapy's actual, working implementation — the ItemMeta metaclass correctly collects inherited `Field` attributes into `fields`, the MutableMapping methods are consistently implemented over `_values`, and attribute setting is properly restricted to underscore-prefixed names to enforce item-style access."
scrapy,34,2,BUG,NO BUG,False,"VERDICT: NO BUG REASON: This is a faithful copy of the historical Scrapy item module, and its logic (metaclass collecting `Field` attributes, mutable-mapping item with field validation and attribute access guards) is internally consistent and correct for the Python 2/3 era it targets (`six`, `collections.MutableMapping`)."
scrapy,34,3,BUG,BUG,True,"VERDICT: BUG REASON: The expression `'x_' - class_name` attempts to subtract a string, which raises a TypeError; it should be string concatenation (`'x_' + class_name`) as in the original scrapy source."
scrapy,35,1,NO BUG,NO BUG,True,"VERDICT: NO BUG REASON: This code matches the corresponding upstream Scrapy implementation — the signal handlers, reactor startup/shutdown logic, and the deprecated SPIDER_MANAGER_CLASS fallback to SPIDER_LOADER_CLASS are all consistent with the original source and behave correctly."
scrapy,35,3,BUG,NO BUG,False,"VERDICT: NO BUG REASON: This code matches the actual Scrapy implementation of `crawler.py` from that era, and its logic is sound—the `join()` loop waits on active crawlers, `stop()` aggregates crawler shutdown deferreds, and signal handlers escalate from graceful to forced shutdown correctly."
scrapy,36,1,NO BUG,NO BUG,True,"VERDICT: NO BUG REASON: The code matches the actual Scrapy implementation (extract_regex, md5sum, create_instance, set_environ, is_generator_with_return_value) and each function's logic is internally consistent with its documented behavior."
scrapy,36,2,BUG,NO BUG,False,"VERDICT: NO BUG REASON: The code matches the original Scrapy implementation — `extract_regex`, `md5sum`, `create_instance`, `set_environ`, and `is_generator_with_return_value` all behave correctly (e.g., the environment is properly restored in the `finally` block, and the generator cache is populated before returning in both branches)."
scrapy,36,3,BUG,BUG,True,"VERDICT: BUG REASON: In `load_object`, the attribute name is sliced as `path[dot - 1:]` instead of `path[dot + 1:]`, which includes the dot and an extra character, causing incorrect module/object path splitting (e.g., for `'a.b.C'` it computes module `'a.b'` and name `'.C'` instead of `'C'`)."
scrapy,37,1,NO BUG,NO BUG,True,"VERDICT: NO BUG REASON: This code matches the standard Scrapy Request implementation and all initialization logic (encoding set first, type checks, lazy meta/cb_kwargs properties, URL/body setters) is correct and consistent."
scrapy,37,2,BUG,NO BUG,False,"VERDICT: NO BUG REASON: The code matches Scrapy's actual Request implementation and correctly initializes/validates all attributes (callback/errback type checks, URL scheme check, body encoding, and lazy meta/cb_kwargs properties all behave as intended)."
scrapy,37,3,BUG,BUG,True,"VERDICT: BUG REASON: The callback validation on line 31 uses `or` instead of `and`, so the condition `callback is not None or not callable(callback)` is always true and every Request instantiation raises a TypeError regardless of the callback argument."
scrapy,38,1,NO BUG,NO BUG,True,"VERDICT: NO BUG  REASON: This code matches the actual Scrapy implementation of form handling, including the correct operator precedence in `not clickable[0] is None`, proper handling of select elements with and without multiple selections, and correct clickdata resolution logic."
scrapy,38,2,BUG,NO BUG,False,"VERDICT: NO BUG REASON: This code matches the actual Scrapy implementation of `form.py` (including its documented quirks like the `../@checked` XPath check and the lxml multiple-select workaround), with no logic altered or injected errors present."
scrapy,38,3,BUG,BUG,True,"VERDICT: BUG REASON: Line 199 uses the subtraction operator (`u'.//*' - u''.join(...)`) on strings, which is invalid in Python and would raise a TypeError; it should be string concatenation with `+`."
scrapy,39,1,NO BUG,NO BUG,True,"VERDICT: NO BUG REASON: The code is a faithful implementation of Scrapy's Spider base class—`__init__` correctly validates the name and applies kwargs, `start_requests` properly detects overridden deprecated `make_requests_from_url` by comparing class attributes, and the signal connections and deprecation handling all behave as intended."
scrapy,39,2,BUG,NO BUG,False,"VERDICT: NO BUG REASON: This matches the actual Scrapy source for the base `Spider` class; the logic for name handling, deprecated `make_requests_from_url` detection, crawler binding, and `__getattr__`-based obsolete module emulation is all correct (the apparent missing `SitemapSpider` import is just the truncated final line)."
scrapy,40,1,NO BUG,NO BUG,True,"VERDICT: NO BUG REASON: The code matches the actual Scrapy exporters implementation, correctly handling binary/unicode serialization of nested items, dicts, and list-like values with no logical errors."
scrapy,40,2,BUG,NO BUG,False,"VERDICT: NO BUG REASON: This code matches the actual Scrapy exporters implementation, and its logic (nested serialization of items, dicts, and list-like values, with binary/unicode key handling in `_serialize_dict` and `export_item`) is internally consistent and correct."
scrapy,40,3,BUG,BUG,True,"VERDICT: BUG REASON: The condition on line 39 should be `if not dont_fail and options:` — as written with `or`, `_configure` raises TypeError even when there are no leftover options and `dont_fail` is False, so any `BaseItemExporter` instantiation with valid (or no) kwargs fails."
scrapy,5,1,NO BUG,NO BUG,True,"VERDICT: NO BUG REASON: This code matches Scrapy's actual Response implementation, with all methods (replace, urljoin, follow, etc.) correctly implemented and delegating to the appropriate classes."
scrapy,6,2,BUG,NO BUG,False,"VERDICT: NO BUG REASON: This code matches the actual Scrapy `ImagesPipeline` implementation—`from_settings`, `get_images`, `convert_image` (including the alpha-masked PNG paste), `item_completed`, and the deprecation-shim `file_path`/`thumb_path` all behave correctly as intended."
scrapy,7,1,NO BUG,NO BUG,True,"VERDICT: NO BUG REASON: This code matches Scrapy's actual upstream implementation of FormRequest and from_response, with correct handling of form data encoding, URL joining, and method defaults."
scrapy,7,2,BUG,NO BUG,False,"VERDICT: NO BUG REASON: This is the standard, correct Scrapy implementation — formdata handling, URL-encoding with list-like values, and form URL resolution all behave as intended."
scrapy,7,3,BUG,BUG,True,"VERDICT: BUG REASON: Line 200 uses the subtraction operator (`u'.//*' - u''.join(...)`) on strings, which is invalid in Python and would raise a TypeError; it should be string concatenation with `+`."
scrapy,8,1,NO BUG,NO BUG,True,"VERDICT: NO BUG REASON: This is the standard, correct Scrapy ItemMeta/DictItem implementation — the metaclass properly collects `Field` attributes into `fields`, handles `__classcell__`, and `DictItem` correctly implements the MutableMapping protocol with field validation in `__setitem__` and attribute-access protection in `__getattr__`/`__setattr__`."
scrapy,8,2,BUG,NO BUG,False,"VERDICT: NO BUG REASON: This code matches the well-tested upstream Scrapy implementation — the metaclass correctly collects `Field` attributes into a `fields` dict, the mutable-mapping methods are properly implemented, and `__hash__ = BaseItem.__hash__` deliberately restores hashability lost by inheriting from `MutableMapping`, so no functional defect is present."
scrapy,8,3,BUG,BUG,True,"VERDICT: BUG REASON: `'x_' - class_name` uses a subtraction operator on strings, which raises a TypeError; it should be string concatenation `'x_' + class_name`."
scrapy,9,2,BUG,NO BUG,False,"VERDICT: NO BUG REASON: This code matches the original, functioning implementation of Scrapy's MailSender, correctly handling multipart/non-multipart messages, headers, attachments, and settings-based construction."
spacy,1,1,NO BUG,NO BUG,True,"VERDICT: NO BUG REASON: The `add_codes` decorator correctly intercepts non-dunder attribute access to prepend error codes to messages while delegating dunder lookups to the normal `object` implementation, matching spaCy's intended behavior (and format placeholders inside messages like `{path}` are not re-interpreted since `.format` is only applied to the `""[{code}] {msg}""` template, not the message itself)."
spacy,1,2,BUG,NO BUG,False,"VERDICT: NO BUG REASON: The `add_codes` decorator correctly wraps the error class so that attribute access returns the message prefixed with its code (e.g. `""[W001] ...""`), matching spaCy's intended behavior, and this pattern is identical to the actual spaCy implementation."
spacy,1,3,BUG,NO BUG,False,"VERDICT: NO BUG REASON: The code consists entirely of error/warning message string constants with correctly matched format placeholders (e.g., {name}, {opts}, {entity}) and no executable logic that could fail."
spacy,10,1,NO BUG,NO BUG,True,"VERDICT: NO BUG  REASON: This code matches spaCy's actual errors.py implementation and is internally consistent—the error message strings are plain templates (including E164's positional `{}` placeholder used in sklearn-derived messages), the exception classes correctly build their messages, and the warning-filter helpers behave as intended (empty string disables warnings, `all`/falsy returns all types, and unrecognized comma-separated entries are filtered out against the WARNINGS dict)."
spacy,10,2,BUG,NO BUG,False,"VERDICT: NO BUG REASON: The error message definitions, warning helper functions, and custom exception class all behave consistently with their docstrings and the spaCy error-handling conventions, with no logical or formatting errors present in the shown code."
spacy,2,1,NO BUG,BUG,False,"VERDICT: BUG REASON: In `load_model_from_init_py`, line 230 checks `model_path.exists()` instead of `data_path.exists()`, so since `model_path` already had its meta.json read successfully (making the check always pass), a missing model data directory `data_path` is never detected and the misleading error (E052 referencing `data_path`) can never be raised as intended."
spacy,2,2,BUG,BUG,True,"VERDICT: BUG REASON: In `load_model_from_init_py`, the existence check tests `model_path.exists()` (which must already exist for `get_model_meta` to have succeeded) instead of `data_path.exists()`, so a missing model data directory is never caught and the E052 error referencing `data_path` can never be raised there."
spacy,2,5,BUG,NO BUG,False,"VERDICT: NO BUG REASON: This code matches spaCy v2's util.py and correctly handles optional dependencies (jsonschema, cupy) with guarded imports, registers catalogue-based registries, and implements lazy language class loading without any apparent defect."
spacy,3,1,NO BUG,NO BUG,True,"VERDICT: NO BUG REASON: The shown lines are consistent with correct dump-parsing logic (the `line = file.readline()` loop advancement and counter increment presumably occur after line 90, and the ID-reading state machine correctly disables `read_id` on revision/contributor tags while enabling it on page tags)."
spacy,3,2,BUG,NO BUG,False,"VERDICT: NO BUG REASON: The shown lines match the working spaCy Wikipedia dump parsing logic—namespace/file/category regexes are built correctly (with the trailing ""|"" stripped), the ID-reading flag is properly reset on revision/contributor tags and set on page tags, and the bz2 line-reading loop with the optional limit and logging is internally consistent, with no defect visible in lines 1-90."
spacy,5,1,NO BUG,BUG,False,"VERDICT: BUG REASON: The code repeatedly fetches nested dicts from `component_cfg` and mutates them in place (e.g., `kwargs.update(cfg)` at line 619 and `kwargs.setdefault(""batch_size"", batch_size)` at line 679), which permanently modifies the caller's `component_cfg` argument, causing config to leak and accumulate across subsequent `begin_training`/`evaluate` calls."
spacy,5,2,BUG,BUG,True,"VERDICT: BUG REASON: In `resume_training` (line 648), the condition `hasattr(proc, ""_rehearsal_model"")` tests for the very attribute the loop is about to create, so components that support rehearsal (i.e., have a `rehearse` method) but don't already define `_rehearsal_model` will never have their rehearsal model initialized — the check should be `hasattr(proc, ""rehearse"")`."
spacy,6,1,NO BUG,BUG,False,"VERDICT: BUG REASON: The `__call__` method uses a mutable default argument (`disable=[]`), a well-known Python pitfall where the same list instance is shared across all calls, which can cause unexpected behavior if the list is ever mutated; the idiomatic fix is `disable=None` followed by a `if disable is None: disable = []` check."
spacy,6,2,BUG,NO BUG,False,"VERDICT: NO BUG REASON: The code matches spaCy's actual implementation of these pipeline management methods, and each one properly validates inputs (raising E001/E003/E007 errors as appropriate), correctly maintains the pipeline list via index-based insertion/replacement/renaming/removal, and handles the `__call__` loop and `disable_pipes` argument unpacking without any logic errors."
spacy,7,1,NO BUG,NO BUG,True,"VERDICT: NO BUG REASON: The code matches spaCy's official entity_relations example, and its `filter_spans` implementation (updating `seen_tokens` unconditionally and checking `span.start`/`span.end - 1` for overlap) is equivalent to spaCy's own `spacy.util.filter_spans`, correctly merging entities/noun chunks and extracting the MONEY relations as shown in the expected output."
spacy,7,2,BUG,NO BUG,False,"VERDICT: NO BUG REASON: This is the standard spaCy example for entity relation extraction; the merging of entities/noun chunks, dependency-based relation logic, and filtering all correctly implement the intended behavior of matching MONEY entities to their referring noun phrases."
spacy,8,1,NO BUG,NO BUG,True,"VERDICT: NO BUG REASON: The code matches spaCy's actual `errors.py` implementation — the error code definitions, `MatchPatternError` formatting logic, and the `_get_warn_types`/`_get_warn_excl` helper functions are all internally consistent with no logic errors."
spacy,8,2,BUG,NO BUG,False,"VERDICT: NO BUG REASON: This is verbatim, functioning spaCy error-definition code; the messages, warning-type selection, and exception classes behave as intended (the `{}` in E164 is just an informational message string, and the gaps in T-codes are only numbering, not logic errors)."
spacy,8,3,BUG,NO BUG,False,"VERDICT: NO BUG REASON: This matches spaCy's actual implementation — `add_codes` wraps the class so attribute lookups delegate to the original `err_cls` (not the wrapper, so no recursion) and prefix the message with its code, and all the error/warning message strings are well-formed."
spacy,9,1,NO BUG,NO BUG,True,"VERDICT: NO BUG REASON: This code consists solely of documentation-style warning and error message strings with no executable logic, so while some messages have awkward phrasing (e.g., W014, W016), there is no functional bug in the code."
spacy,9,2,BUG,NO BUG,False,"VERDICT: NO BUG REASON: The code consists solely of error/warning message string definitions with correctly formatted placeholder tokens (e.g., `{name}`, `{opts}`), and while some messages contain minor grammatical typos (e.g., W014, W016 reading awkwardly), these are cosmetic issues in message text rather than functional code defects."
spacy,9,3,BUG,NO BUG,False,"VERDICT: NO BUG REASON: The `add_codes` decorator correctly intercepts attribute access on the returned instance and delegates to the wrapped class's attributes (using `getattr(err_cls, code)` rather than `self`, avoiding infinite recursion), formatting the error code and message as intended, and the shown W001–W022/E001–E004 message strings are well-formed."
thefuck,11,1,NO BUG,NO BUG,True,"VERDICT: NO BUG REASON: This matches the actual, working thefuck rule logic — it correctly strips a pre-existing `--set-upstream`/`-u` option and its argument, extracts git's suggested push command from the third-to-last stderr line, and substitutes it for the original `push` (the `is not -1` check works reliably for small interned integers in CPython)."
thefuck,11,2,BUG,NO BUG,False,"VERDICT: NO BUG REASON: This matches the actual thefuck upstream implementation; the `[-3]` index correctly captures git's suggested `git push --set-upstream <remote> <branch>` line from the stderr output (which ends with a blank line), and `replace_argument` substitutes it for the `push` token in the original command."
thefuck,14,2,BUG,BUG,True,"VERDICT: BUG REASON: The alias uses `history --delete $fucked_up_command` instead of the correct `builtin history delete --exact -- $fucked_up_command`, and without `--exact` fish deletes *all* history entries containing the command as a substring, wiping out unrelated history entries."
thefuck,18,2,BUG,BUG,True,"VERDICT: BUG  REASON: In `get_new_command`, the redirection branch manually escapes only double quotes (`replace('""', '\\""')`) instead of properly quoting the whole command (e.g., with `shlex.quote`), so scripts containing characters that are special inside double quotes (such as `` ` ``, `$`, or single-quote combinations) will be mangled or allow unintended shell expansion when passed to `sudo sh -c`."
thefuck,20,1,NO BUG,BUG,False,"VERDICT: BUG  REASON: The `match` function calls `_is_bad_zip(_zip_file(command))` without first checking that `_zip_file(command)` is not `None` (e.g., when `unzip` is run with only flags or no archive argument, `_zip_file` returns `None`), causing `zipfile.ZipFile(None, 'r')` to raise an exception."
thefuck,24,1,NO BUG,BUG,False,"VERDICT: BUG REASON: In `_remove_duplicates`, `command.script != self._cached[0]` compares a string against a `CorrectedCommand` object (instead of `self._cached[0].script`), so the comparison is always true and duplicates of the first command are never filtered out."
thefuck,30,1,NO BUG,NO BUG,True,"VERDICT: NO BUG REASON: The code correctly compiles the patterns (using `re.search` with an already-compiled pattern is valid), ensures `get_new_command` is only invoked after `match` has confirmed a match exists, and the memoized `_search` consistently returns the first matching pattern so that `m.group('file')` and `m.group('line')` are always available when used."
tornado,1,1,NO BUG,NO BUG,True,"VERDICT: NO BUG REASON: The code matches the correct upstream Tornado implementation—`check_origin`, `on_connection_close`, `_break_cycles`, and `get_websocket_protocol` all behave as intended (the `int = None` annotations are stylistic typing imprecisions, not functional bugs)."
tornado,1,2,BUG,NO BUG,False,"VERDICT: NO BUG REASON: The code matches Tornado's actual WebSocketHandler implementation and behaves correctly at runtime, though the `close_code: int = None` / `close_reason: str = None` annotations are imprecise (should be `Optional[int]`/`Optional[str]`), this is a typing nit rather than a functional bug."
tornado,1,3,BUG,BUG,True,"VERDICT: BUG REASON: Line 765 uses subtraction (`compressor.compress(data) - compressor.flush(...)`) where concatenation (`+`) is intended, which would raise a TypeError since bytes don't support subtraction."
tornado,10,1,NO BUG,NO BUG,True,"VERDICT: NO BUG REASON: This is standard, correct Tornado request-finalization logic — cookies are added before headers are written, HEAD/204/304 responses properly omit bodies, ETag/Content-Length handling is applied only pre-flush, and double-finish is guarded — with no logical errors introduced."
tornado,10,2,BUG,NO BUG,False,"VERDICT: NO BUG REASON: This code matches the genuine tornado implementation; the ETag/304 handling, HEAD-request chunk suppression, cookie finalization, and finish/send_error logic are all consistent with the upstream behavior."
tornado,10,3,BUG,BUG,True,"VERDICT: BUG REASON: In `set_cookie` (lines 552-554), `expires` is computed as `utcnow() - timedelta(days=expires_days)`, which sets the cookie's expiration in the past (causing immediate expiry); it should use `+` so the cookie lives for `expires_days` days, whereas the `-` is only correct in `clear_cookie`."
tornado,11,1,NO BUG,NO BUG,True,"VERDICT: NO BUG  REASON: This code matches the actual Tornado implementation and correctly handles header parsing, duplicate/malformed Content-Length values, 204 responses, fixed-length, chunked, and read-until-close bodies without any logical errors."
tornado,11,3,BUG,BUG,True,"VERDICT: BUG REASON: Line 378 uses a minus operator instead of concatenation (`native_str(n) - "": "" + native_str(v)`), which would raise a TypeError when building header lines since strings cannot be subtracted in Python."
tornado,12,1,NO BUG,NO BUG,True,"VERDICT: NO BUG REASON: The visible code matches the corresponding section of Tornado's actual `auth.py` implementation, and the helper functions `_auth_future_to_callback` and `_auth_return_future` (as far as shown) correctly implement their intended future/callback bridging logic with no detectable errors."
tornado,12,2,BUG,NO BUG,False,"VERDICT: NO BUG REASON: This code matches the actual tornado/auth.py implementation; the imports, `_auth_future_to_callback` (which converts AuthError into a None result for the legacy callback interface), and the `_auth_return_future` decorator are all correct and consistent with the library's documented behavior."
tornado,12,3,BUG,BUG,True,"VERDICT: BUG REASON: Line 235 uses `""openid.ax.type."" - name`, which attempts string subtraction (unsupported in Python and would raise a TypeError); it should be string concatenation with `+`."
tornado,13,1,NO BUG,NO BUG,True,"VERDICT: NO BUG REASON: This code matches the correct Tornado implementation — write completion handling, keep-alive negotiation, header parsing, and Content-Length validation (including duplicate-header and max-body-size checks) all behave as intended with no logic errors."
tornado,13,2,BUG,NO BUG,False,"VERDICT: NO BUG REASON: This code matches the corresponding sections of the actual Tornado implementation (write/finish flow, keep-alive logic, header parsing, and Content-Length validation in `_read_body`), and all the logic is internally consistent and correct."
tornado,13,3,BUG,BUG,True,"VERDICT: BUG REASON: Line 389 uses `-` (subtraction) instead of `+` to append the header terminator, i.e. `b""\r\n"".join(lines) - b""\r\n\r\n""`, which is an invalid operation on bytes objects and would raise a TypeError; the original code correctly uses `+`."
tornado,14,1,NO BUG,NO BUG,True,"VERDICT: NO BUG REASON: This code matches the actual Tornado implementation—the `current`/`make_current`/`clear_current` methods correctly use a thread-local (`IOLoop._current`) to store and retrieve the current thread's IOLoop with the documented fallback behavior, and `initialize` correctly handles the `make_current` parameter logic."
tornado,14,2,BUG,BUG,True,"VERDICT: BUG  REASON: In `initialize`, the `make_current=True` branch has inverted logic — it raises `RuntimeError(""current IOLoop already exists"")` when `IOLoop.current(instance=False)` is `None` (i.e., when no current IOLoop exists) instead of when one already exists, so it only makes itself current when it shouldn't."
tornado,14,3,BUG,BUG,True,"VERDICT: BUG REASON: In `run_sync`, line 439 computes the timeout deadline as `self.time() - timeout` instead of `self.time() + timeout`, which schedules the timeout in the past so it fires immediately and stops the loop before the function can complete."
tornado,14,5,BUG,NO BUG,False,"VERDICT: NO BUG REASON: The visible portion of the code (imports, exception class, and class/docstring definitions) contains no errors — the `thread`/`_thread` import fallback and optional `signal` import are standard correct patterns, and no functional logic is present in the truncated excerpt."
tornado,15,1,NO BUG,NO BUG,True,"VERDICT: NO BUG REASON: The code is consistent with Tornado's historical setup.py; the extension fallback logic, conditional dependencies, and setup() arguments are all correctly formed (the `setuptools` variable is presumably imported above the shown lines)."
tornado,15,2,BUG,NO BUG,False,"VERDICT: NO BUG REASON: The code is a functional, historically working setup.py (Tornado's) whose custom build_ext gracefully falls back to pure Python on compile failure, conditionally declares dependencies, and correctly passes accumulated options via **kwargs to setup()."
tornado,16,1,NO BUG,NO BUG,True,"VERDICT: NO BUG REASON: This code matches Tornado's actual WaitIterator implementation, correctly handling finished/unfinished futures, using weak references to avoid garbage-collection cycles (with a hard reference kept alive while `_running_future` is pending), and properly setting `current_future`/`current_index` when results are returned."
tornado,16,2,BUG,NO BUG,False,"VERDICT: NO BUG REASON: This code matches the actual Tornado implementation of `WaitIterator`, and its logic is sound: `next()` returns a fresh future that is resolved either immediately from the finished deque or later via `_done_callback` (using a weakref to avoid reference cycles), and `_return_result` correctly chains the result and updates `current_future`/`current_index` while removing the entry from `_unfinished`."
tornado,16,3,BUG,BUG,True,"VERDICT: BUG  REASON: Line 209 uses `replace_callback or 'callback' in kwargs`, so a normal `@gen.coroutine` call (where `replace_callback=True`) without a `callback` keyword argument will hit `kwargs.pop('callback')` and raise a `KeyError`; the condition should be `replace_callback and 'callback' in kwargs`."
tornado,2,1,NO BUG,NO BUG,True,"VERDICT: NO BUG REASON: This code matches the actual Tornado implementation and correctly handles HTTP/1.1 semantics, including chunked transfer encoding decisions, Connection header handling for keep-alive/close, and body-less responses (HEAD, 304, 1xx, 204)."
tornado,2,3,BUG,BUG,True,"VERDICT: BUG REASON: Line 460 uses subtraction (`b""\r\n"".join(lines) - b""\r\n\r\n""`) on bytes, which is unsupported in Python and would raise a TypeError; it should be concatenation with `+` to terminate the header block."
tornado,3,1,NO BUG,NO BUG,True,"VERDICT: NO BUG REASON: This code matches the actual Tornado implementation and correctly handles per-IOLoop instance caching, force_instance bypass, cleanup on close, and copy-on-write request header handling without any logical errors."
tornado,3,2,BUG,NO BUG,False,"VERDICT: NO BUG REASON: This is the standard, correct tornado AsyncHTTPClient implementation—the per-IOLoop instance cache, close() cleanup, and fetch() request handling all behave as intended (the `instance._instance_cache` attribute overrides the class-level `None` sentinel deliberately, and `Configurable.__new__` ensures `initialize()` sets `io_loop` before it is used for caching)."
tornado,3,3,BUG,BUG,True,"VERDICT: BUG REASON: Line 189 uses `-` instead of `+` to concatenate strings (`""_async_client_dict_"" - cls.__name__`), which would raise a TypeError since strings don't support subtraction."
tornado,4,2,BUG,NO BUG,False,"VERDICT: NO BUG REASON: This code matches Tornado's actual `StaticFileHandler.get` implementation, correctly handling range requests (including suffix ranges, out-of-bounds caps, 416/206 responses, and content-length computation), conditional requests, and HEAD versus GET body inclusion."
tornado,5,1,NO BUG,NO BUG,True,"VERDICT: NO BUG REASON: This code matches Tornado's actual PeriodicCallback implementation — it correctly schedules skips to catch up after long callbacks, advances the timeout on backward clock jumps, and reschedules via the `finally` block even when the callback raises an exception."
tornado,5,2,BUG,NO BUG,False,"VERDICT: NO BUG REASON: This matches the correct Tornado implementation—`_run` reschedules via `finally`, `stop` safely removes the pending timeout, and `_update_next` correctly skips missed intervals to get back on schedule."
tornado,5,3,BUG,BUG,True,"VERDICT: BUG REASON: On line 575, `self.add_timeout(self.time() - timeout, timeout_callback)` computes a deadline in the past by subtracting the timeout, causing the timeout callback to fire immediately instead of after the timeout duration (it should be `self.time() + timeout`)."
tornado,6,1,NO BUG,NO BUG,True,"VERDICT: NO BUG REASON: The shown lines only contain license header, module docstring, imports, and the beginning of a class definition, with no executable logic that could contain a bug."
tornado,6,2,BUG,NO BUG,False,"VERDICT: NO BUG REASON: The shown lines contain only the license header, module docstring, and import statements, all of which are correct and contain no executable logic that could harbor a bug."
tornado,6,3,BUG,BUG,True,"VERDICT: BUG REASON: On line 575, the timeout deadline is computed as `self.time() - timeout` instead of `self.time() + timeout`, which schedules the timeout callback in the past so it fires immediately rather than after the specified duration."
tornado,7,1,NO BUG,NO BUG,True,"VERDICT: NO BUG REASON: The shown lines contain only license header, imports, and documentation with no executable logic that could contain a bug."
tornado,7,2,BUG,NO BUG,False,"VERDICT: NO BUG REASON: The shown code consists only of license header, module docstring, and imports, with no executable logic that could contain a bug."
tornado,7,3,BUG,BUG,True,"VERDICT: BUG REASON: Line 495 computes the timeout deadline as `self.time() - timeout` instead of `self.time() + timeout`, so the deadline is in the past and the loop's stop callback fires immediately rather than after the timeout duration."
tornado,8,1,NO BUG,BUG,False,VERDICT: BUG  REASON: Line 557-558 raises `ValueError` with the message string and arguments passed as separate parameters (creating a multi-arg exception whose message displays as a tuple) instead of formatting them into the string with `%` or an f-string as intended.
tornado,8,2,BUG,NO BUG,False,"VERDICT: NO BUG REASON: This code matches the actual Tornado implementation — the decompressor appends the zlib sync flush marker correctly, header validation and the permessage-deflate negotiation (including the client_max_window_bits handling) all follow RFC 6455 and the permessage-deflate extension spec as intended."
tornado,9,2,BUG,NO BUG,False,"VERDICT: NO BUG REASON: The displayed code (the `HTTPConnection`/`HTTTPMessageDelegate` interface stubs, `url_concat`, `HTTPFile`, and the `_parse_request_range` docstring header) matches the standard Tornado implementation and contains no logical errors—the range parsing shown is only docstring examples, which are correct."
tqdm,1,1,NO BUG,BUG,False,"VERDICT: BUG REASON: In `_tzip`, the `tqdm_class` key is popped from the copied `kwargs` dict, but the original `tqdm_kwargs` (which still contains `tqdm_class`) is passed to `tqdm_class(iter1, **tqdm_kwargs)`, causing an unexpected-keyword `TypeError` whenever a user specifies `tqdm_class`."
tqdm,1,2,BUG,BUG,True,"VERDICT: BUG REASON: In `tenumerate`, the `start` argument is passed to `tqdm_class` (where it's misinterpreted as `total`) instead of to `enumerate(..., start=start)`, and in `_tzip` the deepcopy'd `kwargs` (with `tqdm_class` popped) is discarded in favor of the original `tqdm_kwargs`, so passing `tqdm_class` raises a duplicate-argument TypeError."
tqdm,1,5,BUG,BUG,True,"VERDICT: BUG REASON: In `_tzip`, `tqdm_class` is popped from the copied `kwargs` dict but the call `tqdm_class(seq_a, **tqdm_kwargs)` uses the original `tqdm_kwargs`, so `tqdm_class` is incorrectly forwarded as a keyword argument to the tqdm constructor (it should be `**kwargs`); additionally, `tenumerate` passes `start` positionally into `tqdm_class(iterable, start, ...)` where it lands in tqdm's `desc` parameter instead of being given to `enumerate`."
tqdm,2,1,NO BUG,NO BUG,True,"VERDICT: NO BUG REASON: This code matches the genuine tqdm implementation; the format_dict construction, bar formatting logic (including the ncols==0 shortcut, FormatReplace two-pass bar sizing, and the no-total fallback branches) are all correct and consistent with the upstream tqdm/std.py."
tqdm,2,2,BUG,NO BUG,False,"VERDICT: NO BUG REASON: This code matches the correct upstream tqdm `format_meter`/`__new__` implementation: the total-known branch, user-supplied bar_format without total, no-total fallback, and the instance-lock/monitor creation logic all behave as intended."
tqdm,2,3,BUG,BUG,True,"VERDICT: BUG REASON: Line 142 uses the `-` operator between two strings (`u"" "" - u''.join(...)`), which raises a TypeError since Python strings do not support subtraction; it should be `+` to concatenate the space with the block characters."
tqdm,3,1,NO BUG,NO BUG,True,"VERDICT: NO BUG REASON: This code matches the genuine tqdm implementation and correctly initializes instance state, handles disabled/gui modes, nested bar positioning, and dunder methods without any logical errors."
tqdm,3,2,BUG,NO BUG,False,"VERDICT: NO BUG REASON: This code matches the genuine tqdm implementation, with correct initialization of counters (n/last_print_n from initial), locking around position assignment and initial display, ordering of time-counter initialization to avoid races, and standard dunder methods (__len__, __iter__, __del__) consistent with upstream behavior."
tqdm,3,3,BUG,BUG,True,"VERDICT: BUG REASON: Line 129 uses the subtraction operator on two strings (`u"" "" - u''.join(...)`), which raises a TypeError in Python; it should be string concatenation with `+`."
tqdm,4,2,BUG,BUG,True,"VERDICT: BUG REASON: When `total` is `None` (either unspecified or set to None by the sanity check on line 318-319), line 323 `total *= unit_scale` raises a TypeError; the correct code guards this with `if total:` before scaling."
tqdm,4,5,BUG,NO BUG,False,"VERDICT: NO BUG REASON: The visible code correctly initializes thread and multiprocessing locks, filters out None entries, and releases them in reverse order of acquisition, with no defects apparent in the truncated portion."
tqdm,5,1,NO BUG,BUG,False,"VERDICT: BUG REASON: The default values for `mininterval` and `maxinterval` are set to 0 instead of the intended 0.1 and 10 seconds respectively, which would cause the progress bar to refresh on every iteration and destroy performance (defeating the purpose of these throttling intervals)."
tqdm,5,2,BUG,BUG,True,"VERDICT: BUG REASON: When `mininterval`/`maxinterval` are None, they are set to 0 instead of tqdm's documented defaults (0.1 seconds and 10 seconds respectively), which disables throttling and the max-interval fallback so the bar would update far too frequently (e.g., on every iteration with erratic progress)."
tqdm,5,5,BUG,NO BUG,False,"VERDICT: NO BUG REASON: The visible portion of the code (module setup, warning classes, and the TqdmDefaultWriteLock with its acquire/release ordering) is logically consistent and does not contain an error, and the truncated portion prevents identifying any bug in the `tqdm` class itself."
tqdm,7,1,NO BUG,NO BUG,True,"VERDICT: NO BUG REASON: This code matches the known-correct tqdm `_main.py` implementation—the `posix_pipe` buffering logic, regex-based docstring option parsing (`split[1::3]`/`[2::3]`/`[3::3]` correctly unpack the two capture groups per match), and `main()` argument handling are all consistent with the original upstream source."
tqdm,7,2,BUG,NO BUG,False,"VERDICT: NO BUG REASON: This code matches the actual tqdm `_main.py` implementation, and its logic (buffered delimiter-based piping with EOF flush, docstring option parsing via regex, and CLI argument handling in `main`) is functionally correct as written."
tqdm,7,3,BUG,BUG,True,"VERDICT: BUG REASON: Line 29 uses the subtraction operator on strings (`typ - '(""' + val + '"")'`), which raises a TypeError since string subtraction is not defined in Python; it should be string concatenation (`typ + '(""' + val + '"")'`)."
tqdm,9,1,NO BUG,NO BUG,True,"VERDICT: NO BUG REASON: The shown lines contain only imports and correctly implemented helper functions (format_sizeof, format_interval) with no logical errors."
tqdm,9,2,BUG,NO BUG,False,"VERDICT: NO BUG REASON: The shown code (helper functions `format_sizeof`, `format_interval`, and the `format_meter` signature) is logically correct—SI unit formatting, interval formatting via `divmod`, and division semantics (with `from __future__ import division`) all behave as intended."
tqdm,9,3,BUG,BUG,True,"VERDICT: BUG REASON: Line 44 uses subtraction (`'{0:1.2f}'.format(num) - unit + suffix`) on strings, which raises a TypeError instead of concatenating; it should use `+ unit` like the other branches."
youtube-dl,1,2,BUG,NO BUG,False,"VERDICT: NO BUG REASON: This code matches the corresponding (working) youtube-dl implementation; the table rendering, filter matching, time parsing, and subtitle timecode logic all behave correctly as written."
youtube-dl,10,2,BUG,NO BUG,False,"VERDICT: NO BUG REASON: This code matches the historical youtube-dl implementation faithfully, and all functions (parse_xml, js_to_json, parse_age_limit, limit_length, etc.) behave correctly for their intended purposes."
youtube-dl,11,1,NO BUG,NO BUG,True,"VERDICT: NO BUG REASON: The code matches the intended behavior of youtube-dl's utility functions (quote stripping, URL handling, type coercion, and duration parsing are all implemented consistently with their docstrings and expected inputs)."
youtube-dl,11,2,BUG,NO BUG,False,"VERDICT: NO BUG REASON: The code matches the original youtube_dl implementations and all functions (remove_quotes, urljoin, int_or_none, str_to_int, parse_duration, etc.) behave correctly for their intended purposes, handling edge cases like None/bytes inputs and malformed values appropriately."
youtube-dl,11,3,BUG,BUG,True,VERDICT: BUG REASON: Line 1850 uses `xpath - (...)` which attempts string subtraction (an unsupported operation) instead of string concatenation with `xpath + (...)` to build the XPath expression.
youtube-dl,12,2,BUG,BUG,True,"VERDICT: BUG REASON: On line 1081, the negation branch `op = lambda attr, value: not str_op` returns the negation of the function object itself (always `False`) instead of calling it, so it should be `lambda attr, value: not str_op(attr, value)`."
youtube-dl,12,5,BUG,NO BUG,False,"VERDICT: NO BUG REASON: The provided code snippet only contains imports and the class definition with no executable logic, so there is no bug present in what was shown."
youtube-dl,13,1,NO BUG,BUG,False,"VERDICT: BUG REASON: In `setproctitle`, `ctypes.create_string_buffer(len(title_bytes))` allocates a buffer exactly the string's length with no room for the NUL terminator, so `buf.value = title_bytes` raises ""string too long"" for any non-empty title (it should be `len(title_bytes) + 1`)."
youtube-dl,13,2,BUG,BUG,True,"VERDICT: BUG REASON: In `setproctitle`, `ctypes.create_string_buffer(len(title_bytes))` allocates a buffer with no room for the terminating NUL byte, so the subsequent `buf.value = title_bytes` assignment raises `ValueError` (the buffer must be at least `len(title_bytes) + 1` bytes)."
youtube-dl,13,5,BUG,NO BUG,False,"VERDICT: NO BUG REASON: The visible portion contains only imports, module-level constants, and a small registration helper whose logic (appending SOCKS schemes to uses_netloc if absent) is correct and contains no errors."
youtube-dl,15,1,NO BUG,NO BUG,True,VERDICT: NO BUG REASON: The code is a faithful reproduction of the corresponding youtube-dl utility functions (parse_age
youtube-dl,15,2,BUG,NO BUG,False,"VERDICT: NO BUG REASON: The code is a faithful reproduction of youtube-dl's utility functions (parse_age_limit, strip_jsonp, js_to_json, qualities, limit_length, version_tuple, is_outdated_version, etc.), all of which behave correctly for their intended purposes."
youtube-dl,15,3,BUG,BUG,True,"VERDICT: BUG REASON: Line 262 uses `xpath - (...)` (string subtraction, which raises a TypeError) instead of the correct string concatenation `xpath + (...)` when building the XPath expression."
youtube-dl,17,2,BUG,NO BUG,False,"**VERDICT: NO BUG**  **REASON:** This code matches the original youtube_dl implementation of `dfxp2srt`, and while the style-resolution `while True` loop could in principle spin if a style references a permanently nonexistent parent style, the logic shown is the intended, functioning behavior for parsing TTML/DFXP subtitles into SRT format."
youtube-dl,19,1,NO BUG,NO BUG,True,VERDICT: NO BUG REASON: The shown code consists solely of standard library imports and compatibility/utility module imports that are syntactically correct and contain no executable logic where a bug could occur.
youtube-dl,19,2,BUG,NO BUG,False,"VERDICT: NO BUG REASON: The shown lines contain only module imports with no executable logic, and the imported names and modules are used consistently with youtube-dl's actual codebase, so there is no bug visible in this excerpt."
youtube-dl,19,3,BUG,BUG,True,"VERDICT: BUG REASON: In `_bidi_workaround`, `line_count = message.count('\n') - 1` is off by two from the correct `message.count('\n') + 1`, so for messages without trailing newlines the generator reads zero lines and the function returns an empty string (dropping the message), and for multi-line messages it loses lines."
youtube-dl,2,2,BUG,NO BUG,False,VERDICT: NO BUG REASON: The code matches the expected youtube-dl logic for DASH segment timeline
youtube-dl,21,1,NO BUG,BUG,False,"VERDICT: BUG REASON: In `setproctitle`, `ctypes.create_string_buffer(len(title_bytes))` allocates a buffer without room for the NUL terminator, so the subsequent `buf.value = title_bytes` assignment raises `ValueError: string too long` (it should be `len(title_bytes) + 1`)."
youtube-dl,22,2,BUG,NO BUG,False,"VERDICT: NO BUG REASON: The code faithfully reproduces youtube-dl's actual implementations (BOM detection in `is_html`, protocol inference, table rendering, and filter matching with the issue-11082 string-comparison handling), and each function's logic is internally consistent and correct."
youtube-dl,23,2,BUG,NO BUG,False,"VERDICT: NO BUG REASON: The code matches the original youtube-dl implementations of these utility functions (try_get, parse_age_limit, js_to_json, qualities, limit_length), and while some designs are quirky (e.g., qualities returning -1, parse_age_limit using type() == int), none contain an actual defect for their intended behavior."
youtube-dl,24,1,NO BUG,NO BUG,True,"VERDICT: NO BUG REASON: The code matches the original youtube-dl implementation, with logic that is internally consistent (BOM handling, protocol determination, string/int comparison handling for issue #11082, and the filter matching all behave as designed)."
youtube-dl,24,3,BUG,BUG,True,"VERDICT: BUG REASON: Line 244 uses `xpath - (...)` to build the XPath expression, but strings do not support the subtraction operator (it should be `xpath + (...)`), so `find_xpath_attr` would raise a TypeError whenever it is called."
youtube-dl,25,1,NO BUG,BUG,False,"VERDICT: BUG REASON: The `US_RATINGS` dict uses the key `'NC': 18` instead of the actual MPAA rating `'NC-17'`, so `parse_age_limit('NC-17')` would fail the regex, miss the dictionary lookup, and incorrectly return `None` instead of 18."
youtube-dl,3,1,NO BUG,NO BUG,True,"VERDICT: NO BUG REASON: The code matches youtube-dl's original utility functions and correctly handles URL sanitization, HTML entity decoding, filename encoding/decoding, and encoding fallbacks (e.g., the `sys.getfilesystemencoding()` None check and the HTML5 entity lookup)."
youtube-dl,3,2,BUG,NO BUG,False,"VERDICT: NO BUG REASON: This code matches the authentic youtube-dl implementation, and each function (sanitize_url, HTML entity handling, filename encoding/decoding) behaves correctly for its intended Python 2/3 and Windows/Unix compatibility purposes."
youtube-dl,3,3,BUG,BUG,True,"VERDICT: BUG REASON: On line 259, `expr = xpath - ('[@%s]' % key ...)` attempts to subtract a string from a string (which raises a TypeError); the original code correctly uses string concatenation with `xpath + ...`."
youtube-dl,30,2,BUG,NO BUG,False,"VERDICT: NO BUG REASON: This code matches the original youtube_dl implementation of the format-selection parser and selector-function builder, with the parsing, merging (PICKFIRST/MERGE/GROUP), and best/worst/bestaudio/bestvideo logic all handled correctly."
youtube-dl,31,2,BUG,BUG,True,"VERDICT: BUG REASON: `compat_urllib_parse.urlencode(token_data)` returns a `str`, but in Python 3 `compat_urllib_request.Request` requires `data` to be bytes, so the result must be encoded with `.encode('utf-8')` before being passed (as in the original upstream code), otherwise the request will fail with a TypeError."
youtube-dl,32,2,BUG,NO BUG,False,"VERDICT: NO BUG REASON: The visible code correctly extracts the video ID via a named regex group, fetches the metadata JSON while stripping the `parseMetadata(...)` JavaScript callback with `transform_source`, and none of the shown lines contain a logic, syntax, or correctness error."
youtube-dl,33,2,BUG,NO BUG,False,"VERDICT: NO BUG REASON: The code faithfully implements the DRTV extractor logic (asset parsing, format handling with HDS preference, subtitle collection, geo-restriction check) with no logic errors relative to the intended youtube-dl implementation."
youtube-dl,34,1,NO BUG,NO BUG,True,"VERDICT: NO BUG REASON: The code matches the original youtube-dl implementation; formatSeconds formats correctly, the HTTPS handler branches handle each Python version appropriately (including the intentional SSLv3 allowance and certificate-check bypass option), and the exception classes are defined consistently."
youtube-dl,34,2,BUG,BUG,True,"VERDICT: BUG REASON: On line 648, `ssl.create_default_context(ssl.Purpose.CLIENT_AUTH)` uses the wrong purpose—for a client verifying servers it should be `ssl.Purpose.SERVER_AUTH`, since `CLIENT_AUTH` causes the default context to be created with `verify_mode = ssl.CERT_NONE`, silently disabling certificate verification even when `opts_no_check_certificate` is False."
youtube-dl,34,3,BUG,BUG,True,"VERDICT: BUG  REASON: Line 122 (`rest = '%' - item`) uses subtraction on strings, which raises a TypeError in Python instead of the intended string concatenation `'%' + item` when a percent-escape is malformed."
youtube-dl,34,5,BUG,NO BUG,False,"VERDICT: NO BUG REASON: The visible portion of the code consists of standard, correct Python 2/3 compatibility shims (module import fallbacks and a faithful reimplementation of `urllib.parse.unquote` for Python 2) matching the well-known youtube-dl upstream implementation, with no identifiable defects."
youtube-dl,35,1,NO BUG,BUG,False,"VERDICT: BUG REASON: Line 41 uses the misspelled key `'forma_id'` instead of `'format_id'`, so the format's quality identifier will not be recognized by the extractor framework."
youtube-dl,35,2,BUG,BUG,True,"VERDICT: BUG REASON: Line 41 uses the misspelled key `'forma_id'` instead of `'format_id'`, so the quality identifier is never attached to the format dict and is silently lost."
youtube-dl,35,5,BUG,BUG,True,"VERDICT: BUG REASON: The format dictionary uses the misspelled key `'forma_id'` instead of `'format_id'`, so the quality identifier would never be recognized as the format ID."
youtube-dl,36,1,NO BUG,BUG,False,"VERDICT: BUG REASON: On line 73, the regex `r'<form(.*)name=""login""(.*)</form>'` is used without the `re.DOTALL` flag (and `.` does not match newlines), so a login form whose tags span multiple lines will not be matched and a failed login (bad username/password) will go undetected instead of being reported as a warning."
youtube-dl,36,2,BUG,NO BUG,False,"VERDICT: NO BUG REASON: The code shown (lines 1-80) is consistent with the original youtube-dl Facebook extractor and contains no defects; the login logic, regex patterns, and form construction all function as intended."
youtube-dl,37,1,NO BUG,NO BUG,True,"VERDICT: NO BUG REASON: The shown lines are standard Python 2/3 compatibility import shims that correctly fall back to the Python 2 module names (urllib2, urlparse, cookielib, etc.), so there is no bug in this excerpt."
youtube-dl,37,2,BUG,NO BUG,False,VERDICT: NO BUG REASON: The shown code consists entirely of import statements and Python 2/3 compatibility fallbacks that are all correct and contain no executable logic with a bug.
youtube-dl,37,3,BUG,BUG,True,"VERDICT: BUG REASON: Line 123 uses `'%' - item` (string subtraction, which raises a TypeError) where it should be `'%' + item` to restore the literal percent sign when percent-decoding fails, exactly as in CPython's reference `_parse_qsl` implementation."
youtube-dl,38,1,NO BUG,NO BUG,True,"VERDICT: NO BUG REASON: The code matches the original youtube-dl Facebook extractor implementation, with the login form correctly capturing the lsd and lgnrnd tokens and the regex patterns properly extracting the video id and login page fields."
youtube-dl,38,2,BUG,NO BUG,False,"VERDICT: NO BUG REASON: The shown code (login setup, URL validation regex with proper backtracking alternation, and login form construction) matches the expected, correct implementation of the Facebook extractor with no logical errors present in these lines."
youtube-dl,38,3,BUG,BUG,True,"VERDICT: BUG REASON: Line 113 uses the `-` operator on strings (`re.escape(BEFORE) - '(.*?)'`), which raises a TypeError instead of concatenating the regex pattern."
youtube-dl,39,1,NO BUG,NO BUG,True,"VERDICT: NO BUG REASON: The shown code matches the original youtube-dl Facebook extractor implementation, with correct URL validation regex, proper test definitions, and a standard login flow using lsd/lgnrnd tokens, so no defect is present in these lines."
youtube-dl,39,2,BUG,NO BUG,False,"VERDICT: NO BUG REASON: The shown code matches the original youtube-dl Facebook extractor implementation correctly, with proper login flow (fetching lsd and lgnrnd tokens and submitting them with credentials), valid regex URL matching, and consistent imports and test definitions."
youtube-dl,39,3,BUG,BUG,True,"VERDICT: BUG REASON: Line 116 uses a subtraction operator on strings (`re.escape(BEFORE) - '(.*?)' + re.escape(AFTER)`), which is invalid in Python and should be string concatenation with `+`, causing a TypeError at runtime."
youtube-dl,4,2,BUG,BUG,True,"VERDICT: BUG  REASON: On line 174, `obj[member](argvals)` passes the tuple of evaluated arguments as a single positional argument instead of unpacking them (i.e., it should be `obj[member](*argvals)`), so any generic function call on an object would receive the whole tuple as one argument."
youtube-dl,40,1,NO BUG,BUG,False,"VERDICT: BUG  REASON: In `read_box_info`, when `size == 0` (which per the FLV/F4V spec means ""box extends to end of file""), `real_size` remains 0 and the code calls `self.read(real_size - header_end)` i.e. `self.read(-8)`, producing incorrect (negative-argument) read behavior instead of reading to the end of the stream."
youtube-dl,40,2,BUG,NO BUG,False,"VERDICT: NO BUG REASON: The shown code matches the original youtube_dl implementation of FlvReader (box reading, string parsing, and unsigned integer unpacking with big-endian format) and contains no defects in these lines."
youtube-dl,42,1,NO BUG,NO BUG,True,"VERDICT: NO BUG REASON: The code matches the original youtube-dl Clipsyndicate extractor implementation and correctly extracts the video ID, fetches the player JavaScript to obtain the flvars token, parses the playlist XML, and retrieves the video metadata (title, url, thumbnail, duration) from the track's param nodes."
youtube-dl,42,2,BUG,NO BUG,False,"VERDICT: NO BUG REASON: The code matches the actual working youtube-dl ClipsyndicateIE implementation—URL parsing, token extraction, XML download with ampersand fixing, and field extraction are all handled correctly."
youtube-dl,43,1,NO BUG,BUG,False,"VERDICT: BUG REASON: In `setproctitle`,"
youtube-dl,43,2,BUG,NO BUG,False,"VERDICT: NO BUG REASON: This code matches the upstream youtube-dl implementation and all functions behave correctly for their intended purposes (str_to_int strips separators before parsing, month_by_name handles unknown names, setproctitle falls back gracefully on non-Linux systems, and url_basename returns an empty string for unmatched URLs)."
youtube-dl,9,1,NO BUG,NO BUG,True,"VERDICT: NO BUG REASON: This code matches the well-tested original youtube-dl implementation of `build_format_selector` and its filter parsing, with correct operator matching, numeric/string filter handling, token restoration for nested group/merge/choice parsing, and proper selector construction."
youtube-dl,9,3,BUG,NO BUG,False,"VERDICT: NO BUG REASON: The code matches the original youtube-dl implementation with correct logic throughout (progress hooks, info extractor registration, bidirectional output workaround, and console title handling all behave as intended)."
